Area Type, Area, Area Name, Standard Occupational Code, Occupational Title, Employment,Mean Wage, Median Wage, Entry Wage, Experienced Wage                                                                                                                                                                                                                                             
1,36,New York State,00-0000,"Total, All Occupations",9541880,82547,59959,38047,104798
1,36,New York State,11-0000,Management Occupations,642760,185912,160736,84848,236445
1,36,New York State,11-1011,Chief Executives,7830,349390,223383,141073,453549
1,36,New York State,11-1021,General and Operations Managers,210890,172751,132400,70526,223863
1,36,New York State,11-1031,Legislators,1440,122566,98852,43914,161892
1,36,New York State,11-2011,Advertising and Promotions Managers,3570,236756,207941,130706,289781
1,36,New York State,11-2021,Marketing Managers,49480,199351,175789,108963,244546
1,36,New York State,11-2022,Sales Managers,35160,256166,218325,131397,318550
1,36,New York State,11-2032,Public Relations Managers,7330,218918,177006,121332,267711
1,36,New York State,11-2033,Fundraising Managers,4280,180140,169503,111352,214534
1,36,New York State,11-3012,Administrative Services Managers,14140,154140,134951,88651,186885
1,36,New York State,11-3013,Facilities Managers,9140,143113,130421,85570,171885
1,36,New York State,11-3021,Computer and Information Systems Managers,40780,226279,213876,142753,268042
1,36,New York State,11-3031,Financial Managers,67510,248776,219739,134809,305760
1,36,New York State,11-3051,Industrial Production Managers,6250,142035,131031,89122,168491
1,36,New York State,11-3061,Purchasing Managers,5980,183727,168009,110579,220300
1,36,New York State,11-3071,"Transportation, Storage, and Distribution Managers",6280,137606,123563,84483,164167
1,36,New York State,11-3111,Compensation and Benefits Managers,1760,195347,179665,123520,231261
1,36,New York State,11-3121,Human Resources Managers,16720,195603,174619,111978,237416
1,36,New York State,11-3131,Training and Development Managers,3380,180067,168107,106724,216737
1,36,New York State,11-9013,"Farmers, Ranchers, and Other Agricultural Managers",,86253,79578,53883,102439
1,36,New York State,11-9021,Construction Managers,8170,158652,138039,91027,192465
1,36,New York State,11-9031,"Education Administrators, Preschool and Childcare Center/Program",3810,94541,81140,56446,113589
1,36,New York State,11-9032,"Education Administrators, Elementary and Secondary School",19300,145027,140424,95664,169708
1,36,New York State,11-9033,"Education Administrators, Postsecondary",7340,160766,138697,97726,192284
1,36,New York State,11-9039,"Education Administrators, All Other",2820,110193,95281,67813,131383
1,36,New York State,11-9041,Architectural and Engineering Managers,7330,188963,176749,132959,216965
1,36,New York State,11-9051,Food Service Managers,12260,90967,81661,59967,106468
1,36,New York State,11-9071,Gaming Managers,,103251,95893,70052,119850
1,36,New York State,11-9072,"Entertainment and Recreation Managers, Except Gambling",850,105941,99303,61621,128101
1,36,New York State,11-9081,Lodging Managers,3130,90109,78164,50918,109705
1,36,New York State,11-9111,Medical and Health Services Managers,31010,180513,152599,101535,220002
1,36,New York State,11-9121,Natural Sciences Managers,4580,148596,133614,67626,189081
1,36,New York State,11-9131,Postmasters and Mail Superintendents,830,97288,94955,86778,102543
1,36,New York State,11-9141,"Property, Real Estate, and Community Association Managers",12940,104998,78751,62885,126056
1,36,New York State,11-9151,Social and Community Service Managers,17850,101897,94871,66834,119428
1,36,New York State,11-9161,Emergency Management Directors,750,114956,91797,66264,139302
1,36,New York State,11-9171,Funeral Home Managers,630,103481,79601,61309,124568
1,36,New York State,11-9179,"Personal Service Managers, All Other",380,76171,63219,38631,94941
1,36,New York State,11-9199,"Managers, All Other",16640,175709,164350,98234,214445
1,36,New York State,13-0000,Business and Financial Operations Occupations,710720,116230,100669,63142,142773
1,36,New York State,13-1011,"Agents and Business Managers of Artists, Performers, and Athletes",2660,155715,82984,55176,205984
1,36,New York State,13-1020,Buyers and Purchasing Agents,31440,87873,80504,55052,104283
1,36,New York State,13-1031,"Claims Adjusters, Examiners, and Investigators",16780,89656,83662,60849,104059
1,36,New York State,13-1032,"Insurance Appraisers, Auto Damage",380,85512,80517,70011,93262
1,36,New York State,13-1041,Compliance Officers,23690,94022,88493,58178,111944
1,36,New York State,13-1051,Cost Estimators,9790,97353,84474,58914,116573
1,36,New York State,13-1071,Human Resources Specialists,53030,93189,82643,56825,111371
1,36,New York State,13-1075,Labor Relations Specialists,6990,111937,100023,67299,134255
1,36,New York State,13-1081,Logisticians,6560,95564,84610,61159,112766
1,36,New York State,13-1082,Project Management Specialists,68340,123281,112537,76304,146769
1,36,New York State,13-1111,Management Analysts,65390,126816,108910,70109,155170
1,36,New York State,13-1121,"Meeting, Convention, and Event Planners",11720,88611,74585,48220,108806
1,36,New York State,13-1131,Fundraisers,11380,83877,78913,54138,98747
1,36,New York State,13-1141,"Compensation, Benefits, and Job Analysis Specialists",9280,93236,83475,61744,108983
1,36,New York State,13-1151,Training and Development Specialists,25510,80827,74911,45793,98345
1,36,New York State,13-1161,Market Research Analysts and Marketing Specialists,75100,101502,93547,59806,122350
1,36,New York State,13-1199,"Business Operations Specialists, All Other",31170,96239,85872,54286,117215
1,36,New York State,13-2011,Accountants and Auditors,111860,117627,103671,69513,141684
1,36,New York State,13-2020,Appraisers and Assessors of Real Estate,3280,89803,79127,54509,107450
1,36,New York State,13-2031,Budget Analysts,2740,95948,87912,66164,110839
1,36,New York State,13-2041,Credit Analysts,7900,149902,135145,83541,183082
1,36,New York State,13-2051,Financial Analysts,47130,149991,128926,86765,181604
1,36,New York State,13-2052,Personal Financial Advisors,28820,230121,171085,83656,303354
1,36,New York State,13-2053,Insurance Underwriters,7530,100008,85530,57773,121125
1,36,New York State,13-2054,Financial Risk Specialists,10980,158143,140898,93917,190255
1,36,New York State,13-2061,Financial Examiners,10580,140627,129552,80607,170636
1,36,New York State,13-2071,Credit Counselors,1760,69247,63244,50572,78584
1,36,New York State,13-2072,Loan Officers,11850,124439,100769,57801,157758
1,36,New York State,13-2081,"Tax Examiners and Collectors, and Revenue Agents",3430,79846,72349,51409,94064
1,36,New York State,13-2082,Tax Preparers,6880,75935,74584,44779,91513
1,36,New York State,13-2099,"Financial Specialists, All Other",6760,167029,124776,74155,213466
1,36,New York State,15-0000,Computer and Mathematical Occupations,299980,131038,122710,68460,162328
1,36,New York State,15-1211,Computer Systems Analysts,20950,118382,108477,74647,140251
1,36,New York State,15-1212,Information Security Analysts,8860,143333,134662,88589,170706
1,36,New York State,15-1221,Computer and Information Research Scientists,1320,207271,202751,117734,252040
1,36,New York State,15-1231,Computer Network Support Specialists,6450,87059,80544,56973,102102
1,36,New York State,15-1232,Computer User Support Specialists,41260,72335,65650,46001,85502
1,36,New York State,15-1241,Computer Network Architects,9180,148851,139931,95960,175297
1,36,New York State,15-1242,Database Administrators,3680,116140,109844,69649,139386
1,36,New York State,15-1243,Database Architects,4180,141589,131755,90163,167303
1,36,New York State,15-1244,Network and Computer Systems Administrators,19770,114470,106874,74682,134364
1,36,New York State,15-1251,Computer Programmers,7090,111873,103135,68799,133410
1,36,New York State,15-1252,Software Developers,104130,164333,165642,100821,196089
1,36,New York State,15-1253,Software Quality Assurance Analysts and Testers,11140,123630,111755,73804,148544
1,36,New York State,15-1254,Web Developers,6340,81530,69229,40709,101941
1,36,New York State,15-1255,Web and Digital Interface Designers,14840,128674,125005,66640,159692
1,36,New York State,15-1299,"Computer Occupations, All Other",9860,118196,108065,62301,146144
1,36,New York State,15-2011,Actuaries,3090,156613,137361,88113,190862
1,36,New York State,15-2021,Mathematicians,,126543,101302,83189,148221
1,36,New York State,15-2031,Operations Research Analysts,6020,120294,112416,64873,148004
1,36,New York State,15-2041,Statisticians,1490,151483,154326,85431,184509
1,36,New York State,15-2051,Data Scientists,20070,137082,128808,74616,168314
1,36,New York State,15-2099,"Mathematical Science Occupations, All Other",,111172,89371,43719,144900
1,36,New York State,17-0000,Architecture and Engineering Occupations,106090,106616,98839,65793,127028
1,36,New York State,17-1011,"Architects, Except Landscape and Naval",10930,116179,101261,68341,140098
1,36,New York State,17-1012,Landscape Architects,,98291,92385,69004,112934
1,36,New York State,17-1021,Cartographers and Photogrammetrists,,96305,95562,71918,108500
1,36,New York State,17-1022,Surveyors,1570,88368,81194,57750,103677
1,36,New York State,17-2011,Aerospace Engineers,730,134596,128669,91316,156237
1,36,New York State,17-2021,Agricultural Engineers,,77288,69171,60352,85756
1,36,New York State,17-2031,Biomedical Engineers,920,125171,120364,84722,145395
1,36,New York State,17-2041,Chemical Engineers,560,125121,136080,85113,145126
1,36,New York State,17-2051,Civil Engineers,17000,119797,105222,78195,140598
1,36,New York State,17-2061,Computer Hardware Engineers,2500,150879,145634,96240,178198
1,36,New York State,17-2071,Electrical Engineers,7720,121994,115605,82475,141754
1,36,New York State,17-2072,"Electronics Engineers, Except Computer",2180,123653,118335,83439,143760
1,36,New York State,17-2081,Environmental Engineers,2560,108393,100535,70498,127341
1,36,New York State,17-2111,"Health and Safety Engineers, Except Mining Safety Engineers and Inspectors",1600,124637,122261,85817,144047
1,36,New York State,17-2112,Industrial Engineers,12640,112003,104538,78146,128932
1,36,New York State,17-2121,Marine Engineers and Naval Architects,,120585,112000,106006,127876
1,36,New York State,17-2131,Materials Engineers,750,124740,125293,80203,147010
1,36,New York State,17-2141,Mechanical Engineers,8420,118034,107984,78816,137642
1,36,New York State,17-2151,"Mining and Geological Engineers, Including Mining Safety Engineers",,96354,82167,67845,110608
1,36,New York State,17-2161,Nuclear Engineers,,160485,163620,117443,182006
1,36,New York State,17-2171,Petroleum Engineers,,131445,97795,75895,159220
1,36,New York State,17-2199,"Engineers, All Other",5020,122159,116462,79445,143517
1,36,New York State,17-3011,Architectural and Civil Drafters,8010,78942,76790,55790,90518
1,36,New York State,17-3012,Electrical and Electronics Drafters,930,100417,90481,62811,119220
1,36,New York State,17-3013,Mechanical Drafters,2030,77013,71328,55835,87602
1,36,New York State,17-3019,"Drafters, All Other",910,73583,64752,53948,83401
1,36,New York State,17-3021,Aerospace Engineering and Operations Technicians,,65344,64352,52172,71929
1,36,New York State,17-3022,Civil Engineering Technicians,1260,67139,65528,45544,77936
1,36,New York State,17-3023,Electrical and Electronic Engineering Technicians,4270,80269,79655,54809,93000
1,36,New York State,17-3024,Electro-Mechanical Technicians,430,81624,76289,54557,95157
1,36,New York State,17-3025,Environmental Engineering Technicians,800,64070,61644,50542,70834
1,36,New York State,17-3026,Industrial Engineering Technicians,3910,70512,68646,52039,79749
1,36,New York State,17-3027,Mechanical Engineering Technicians,1390,75547,77741,52629,87006
1,36,New York State,17-3028,Calibration Technologists and Technicians,650,68194,61367,45631,79476
1,36,New York State,17-3029,"Engineering Technicians, Except Drafters, All Other",2200,69099,65825,49317,78990
1,36,New York State,17-3031,Surveying and Mapping Technicians,1900,65850,59472,46211,75670
1,36,New York State,19-0000,"Life, Physical, and Social Science Occupations",81760,95096,82419,55184,115051
1,36,New York State,19-1011,Animal Scientists,,96049,89762,67475,110336
1,36,New York State,19-1012,Food Scientists and Technologists,880,100856,98313,69504,116532
1,36,New York State,19-1013,Soil and Plant Scientists,,81180,72030,59019,92261
1,36,New York State,19-1021,Biochemists and Biophysicists,1660,103496,98006,72160,119164
1,36,New York State,19-1022,Microbiologists,1090,97231,88181,63435,114128
1,36,New York State,19-1029,"Biological Scientists, All Other",2610,113650,95596,69572,135689
1,36,New York State,19-1031,Conservation Scientists,750,84387,67332,46466,103347
1,36,New York State,19-1032,Foresters,280,82742,78819,62841,92694
1,36,New York State,19-1041,Epidemiologists,460,107480,92135,73100,124670
1,36,New York State,19-1042,"Medical Scientists, Except Epidemiologists",8440,109006,87258,67707,129655
1,36,New York State,19-1099,"Life Scientists, All Other",,86506,77958,57650,100934
1,36,New York State,19-2012,Physicists,1190,178916,178892,101716,217516
1,36,New York State,19-2031,Chemists,4040,100481,85962,62717,119361
1,36,New York State,19-2032,Materials Scientists,630,136822,128897,93172,158646
1,36,New York State,19-2041,"Environmental Scientists and Specialists, Including Health",3500,91502,82419,60592,106957
1,36,New York State,19-2042,"Geoscientists, Except Hydrologists and Geographers",700,98154,87215,67087,113687
1,36,New York State,19-2043,Hydrologists,,93434,86614,65569,107367
1,36,New York State,19-2099,"Physical Scientists, All Other",1600,123299,117543,76326,146786
1,36,New York State,19-3011,Economists,870,174130,146171,87653,217369
1,36,New York State,19-3022,Survey Researchers,370,86630,84795,52149,103871
1,36,New York State,19-3033,Clinical and Counseling Psychologists,7190,116047,102630,69176,139483
1,36,New York State,19-3034,School Psychologists,7250,106400,102008,70979,124111
1,36,New York State,19-3039,"Psychologists, All Other",870,110393,116825,61463,134858
1,36,New York State,19-3041,Sociologists,,115113,133716,74691,135323
1,36,New York State,19-3051,Urban and Regional Planners,2100,102754,97313,65425,121419
1,36,New York State,19-3091,Anthropologists and Archeologists,310,66844,54243,42378,79076
1,36,New York State,19-3093,Historians,420,62515,53027,34390,76577
1,36,New York State,19-3099,"Social Scientists and Related Workers, All Other",3090,105542,105357,73364,121631
1,36,New York State,19-4012,Agricultural Technicians,,51533,48165,39605,57498
1,36,New York State,19-4013,Food Science Technicians,750,58409,53963,45565,64832
1,36,New York State,19-4021,Biological Technicians,5040,59970,60349,41981,68964
1,36,New York State,19-4031,Chemical Technicians,2350,61878,59292,44285,70675
1,36,New York State,19-4042,"Environmental Science and Protection Technicians, Including Health",2470,65991,60992,42549,77712
1,36,New York State,19-4043,"Geological Technicians, Except Hydrologic Technicians",,61630,53013,43292,70798
1,36,New York State,19-4044,Hydrologic Technicians,,65262,60165,43776,76005
1,36,New York State,19-4051,Nuclear Technicians,,123010,124758,87231,140899
1,36,New York State,19-4061,Social Science Research Assistants,2990,66018,61745,39695,79179
1,36,New York State,19-4071,Forest and Conservation Technicians,,60357,57874,44947,68062
1,36,New York State,19-4092,Forensic Science Technicians,1120,82655,80293,60228,93870
1,36,New York State,19-4099,"Life, Physical, and Social Science Technicians, All Other",7220,66759,64199,46069,77105
1,36,New York State,19-5011,Occupational Health and Safety Specialists,5520,95021,89960,61377,111843
1,36,New York State,19-5012,Occupational Health and Safety Technicians,1450,67059,63981,48134,76522
1,36,New York State,21-0000,Community and Social Service Occupations,202150,70985,63419,44643,84156
1,36,New York State,21-1012,"Educational, Guidance, School, and Vocational Counselors",22660,79826,71804,50536,94472
1,36,New York State,21-1013,Marriage and Family Therapists,930,68518,66788,50388,77583
1,36,New York State,21-1015,Rehabilitation Counselors,2800,55367,50030,39127,63486
1,36,New York State,21-1018,"Substance abuse, behavioral disorder, and mental health counselors?(OES-specific code and title)",22450,71175,63758,47177,83175
1,36,New York State,21-1019,"Counselors, All Other",610,73173,70437,44423,87547
1,36,New York State,21-1021,"Child, Family, and School Social Workers",27220,77317,67207,53070,89440
1,36,New York State,21-1022,Healthcare Social Workers,22880,74448,69084,50222,86560
1,36,New York State,21-1023,Mental Health and Substance Abuse Social Workers,14180,98851,82408,57286,119634
1,36,New York State,21-1029,"Social Workers, All Other",3190,80090,77058,59548,90362
1,36,New York State,21-1091,Health Educators,3850,66529,61962,45155,77216
1,36,New York State,21-1092,Probation Officers and Correctional Treatment Specialists,4420,81745,82231,61102,92067
1,36,New York State,21-1093,Social and Human Service Assistants,40700,50034,47461,37565,56268
1,36,New York State,21-1094,Community Health Workers,6740,62930,58498,45435,71678
1,36,New York State,21-1099,"Community and Social Service Specialists, All Other",,70622,65586,54498,78683
1,36,New York State,21-2011,Clergy,9210,77169,60583,41023,95242
1,36,New York State,21-2021,"Directors, Religious Activities and Education",4890,72628,56849,39794,89044
1,36,New York State,21-2099,"Religious Workers, All Other",,52716,51605,35597,61275
1,36,New York State,23-0000,Legal Occupations,128570,177133,137100,70550,230425
1,36,New York State,23-1011,Lawyers,91440,213736,182022,96637,272286
1,36,New York State,23-1012,Judicial Law Clerks,900,121389,131249,68130,148017
1,36,New York State,23-1021,"Administrative Law Judges, Adjudicators, and Hearing Officers",1390,124196,125905,90277,141155
1,36,New York State,23-1022,"Arbitrators, Mediators, and Conciliators",560,97239,93535,71467,110126
1,36,New York State,23-1023,"Judges, Magistrate Judges, and Magistrates",2460,179982,195050,121405,209271
1,36,New York State,23-2011,Paralegals and Legal Assistants,28510,76608,68194,52132,88846
1,36,New York State,23-2093,"Title Examiners, Abstractors, and Searchers",1530,72036,67300,46591,84759
1,36,New York State,23-2099,"Legal Support Workers, All Other",1780,87920,74928,51518,106121
1,36,New York State,25-0000,"Education, Training, and Library Occupations",697470,84202,73757,39503,106551
1,36,New York State,25-1011,"Business Teachers, Postsecondary",8640,139964,111659,65258,177318
1,36,New York State,25-1021,"Computer Science Teachers, Postsecondary",3360,113376,102027,62923,138602
1,36,New York State,25-1022,"Mathematical Science Teachers, Postsecondary",4170,117371,102158,63632,144241
1,36,New York State,25-1031,"Architecture Teachers, Postsecondary",1660,148445,131938,102631,171351
1,36,New York State,25-1032,"Engineering Teachers, Postsecondary",3840,132592,126211,71492,163142
1,36,New York State,25-1041,"Agricultural Sciences Teachers, Postsecondary",,77223,67504,49133,91269
1,36,New York State,25-1042,"Biological Science Teachers, Postsecondary",3900,123138,102832,65137,152138
1,36,New York State,25-1051,"Atmospheric, Earth, Marine, and Space Sciences Teachers, Postsecondary",2060,120613,104237,59404,151218
1,36,New York State,25-1052,"Chemistry Teachers, Postsecondary",1920,119041,104370,68891,144115
1,36,New York State,25-1053,"Environmental Science Teachers, Postsecondary",620,117420,105661,66757,142750
1,36,New York State,25-1054,"Physics Teachers, Postsecondary",1140,122865,108222,69703,149445
1,36,New York State,25-1061,"Anthropology and Archeology Teachers, Postsecondary",610,122719,105831,69034,149562
1,36,New York State,25-1062,"Area, Ethnic, and Cultural Studies Teachers, Postsecondary",1740,110751,99782,67014,132621
1,36,New York State,25-1063,"Economics Teachers, Postsecondary",1360,150705,138132,81703,185207
1,36,New York State,25-1064,"Geography Teachers, Postsecondary",,105501,100617,62233,127136
1,36,New York State,25-1065,"Political Science Teachers, Postsecondary",1460,139068,124901,70030,173587
1,36,New York State,25-1066,"Psychology Teachers, Postsecondary",4120,114941,101308,65635,139594
1,36,New York State,25-1067,"Sociology Teachers, Postsecondary",1280,117490,100997,66385,143042
1,36,New York State,25-1069,"Social Sciences Teachers, Postsecondary, All Other",2210,111805,95281,53158,141128
1,36,New York State,25-1071,"Health Specialties Teachers, Postsecondary",21020,162973,130834,74416,207252
1,36,New York State,25-1072,"Nursing Instructors and Teachers, Postsecondary",5380,101867,96184,55230,125186
1,36,New York State,25-1081,"Education Teachers, Postsecondary",5390,103759,85535,54390,128443
1,36,New York State,25-1082,"Library Science Teachers, Postsecondary",,74786,64846,46957,88699
1,36,New York State,25-1111,"Criminal Justice and Law Enforcement Teachers, Postsecondary",1050,98366,83160,56277,119409
1,36,New York State,25-1112,"Law Teachers, Postsecondary",2540,157810,131916,74461,199485
1,36,New York State,25-1113,"Social Work Teachers, Postsecondary",1770,108623,103851,69101,128383
1,36,New York State,25-1121,"Art, Drama, and Music Teachers, Postsecondary",17600,148447,112994,64824,190258
1,36,New York State,25-1122,"Communications Teachers, Postsecondary",2930,108525,86718,55780,134897
1,36,New York State,25-1123,"English Language and Literature Teachers, Postsecondary",6330,119731,99573,62363,148415
1,36,New York State,25-1124,"Foreign Language and Literature Teachers, Postsecondary",1610,111904,96839,61320,137196
1,36,New York State,25-1125,"History Teachers, Postsecondary",1780,116893,103926,67062,141808
1,36,New York State,25-1126,"Philosophy and Religion Teachers, Postsecondary",1850,108830,97993,61523,132484
1,36,New York State,25-1192,"Home Economics Teachers, Postsecondary",,79083,81421,56304,90474
1,36,New York State,25-1193,"Recreation and Fitness Studies Teachers, Postsecondary",790,95494,85024,50436,118023
1,36,New York State,25-1194,"Vocational Education Teachers, Postsecondary",4690,86859,79074,54644,102967
1,36,New York State,25-1199,"Postsecondary Teachers, All Other",2980,119384,100893,55059,151547
1,36,New York State,25-2011,"Preschool Teachers, Except Special Education",25180,51413,46816,36057,59091
1,36,New York State,25-2012,"Kindergarten Teachers, Except Special Education",7720,87442,77149,52710,104808
1,36,New York State,25-2021,"Elementary School Teachers, Except Special Education",103920,94490,84721,58666,112401
1,36,New York State,25-2022,"Middle School Teachers, Except Special and Career/Technical Education",34830,95159,84868,62665,111407
1,36,New York State,25-2023,"Career/Technical  Education Teachers, Middle School",1560,85067,80157,53635,100783
1,36,New York State,25-2031,"Secondary School Teachers, Except Special and Career/Technical Education",76730,100385,101041,63372,118892
1,36,New York State,25-2032,"Career/Technical Education Teachers, Secondary School",6260,89862,81966,61216,104185
1,36,New York State,25-2051,"Special Education Teachers, Preschool",4460,117842,133389,60087,146719
1,36,New York State,25-2052,"Special Education Teachers, Kindergarten and Elementary School",20500,92444,82948,60762,108285
1,36,New York State,25-2057,"Special Education Teachers, Middle School",7190,95021,93766,62492,111286
1,36,New York State,25-2058,"Special Education Teachers, Secondary School",17030,96826,94331,63465,113506
1,36,New York State,25-2059,"Special Education Teachers, All Other",2970,108695,99227,56801,134642
1,36,New York State,25-3011,Adult Basic and Secondary Education and Literacy Teachers and Instructors,2770,86676,77123,54476,102776
1,36,New York State,25-3021,Self-Enrichment Education Teachers,30970,73602,61261,40377,90215
1,36,New York State,25-3031,"Substitute Teachers, Short-Term",32910,49749,40572,35364,56942
1,36,New York State,25-3041,Tutors,12140,61753,44449,34910,75175
1,36,New York State,25-3099,"Teachers and Instructors, All Other",3080,90618,78519,42346,114752
1,36,New York State,25-4011,Archivists,900,78724,76914,52658,91757
1,36,New York State,25-4012,Curators,1270,99123,80900,49269,124050
1,36,New York State,25-4013,Museum Technicians and Conservators,1060,71850,66440,46474,84538
1,36,New York State,25-4022,Librarians and Media Collections Specialists,11020,84380,79180,55949,98594
1,36,New York State,25-4031,Library Technicians,4070,49238,47969,34341,56686
1,36,New York State,25-9021,Farm and Home Management Advisors,,52641,46508,34843,61540
1,36,New York State,25-9031,Instructional Coordinators,17210,84505,79429,53995,99760
1,36,New York State,25-9044,"Teaching Assistants, Postsecondary",14290,52014,48687,34868,60588
1,36,New York State,25-9045,"Teaching Assistants, Except Postsecondary",134590,40051,37596,32565,43794
1,36,New York State,25-9099,"Education, Training, and Library Workers, All Other",530,62898,55829,34652,77022
1,36,New York State,27-0000,"Arts, Design, Entertainment, Sports, and Media Occupations",205150,109387,83178,49371,139396
1,36,New York State,27-1011,Art Directors,8300,160841,140321,90256,196132
1,36,New York State,27-1012,Craft Artists,,59470,49898,33602,72405
1,36,New York State,27-1013,"Fine Artists, Including Painters, Sculptors, and Illustrators",960,87066,80828,50756,105221
1,36,New York State,27-1014,Multimedia Artists and Animators,1820,115329,104951,65285,140351
1,36,New York State,27-1019,"Artists and Related Workers, All Other",,68035,56093,36498,83803
1,36,New York State,27-1021,Commercial and Industrial Designers,2140,98135,87558,62480,115963
1,36,New York State,27-1022,Fashion Designers,6600,109064,99040,63142,132024
1,36,New York State,27-1023,Floral Designers,2090,46273,45272,36789,51016
1,36,New York State,27-1024,Graphic Designers,16730,83218,76556,52747,98454
1,36,New York State,27-1025,Interior Designers,5590,79267,75633,49588,94108
1,36,New York State,27-1026,Merchandise Displayers and Window Trimmers,10720,47781,41714,35554,53895
1,36,New York State,27-1029,"Designers, All Other",990,89898,80254,60521,104586
1,36,New York State,27-2012,Producers and Directors,29720,141032,106834,66572,178263
1,36,New York State,27-2021,Athletes and Sports Competitors,400,170883,89247,73287,219681
1,36,New York State,27-2022,Coaches and Scouts,11150,65757,51582,37333,79969
1,36,New York State,27-2032,Choreographers,270,111416,96649,44685,144782
1,36,New York State,27-2041,Music Directors and Composers,1610,111939,82405,44586,145615
1,36,New York State,27-3011,Radio and Television Announcers,2050,179081,73519,39380,248932
1,36,New York State,27-3023,"News Analysts, Reporters, and Journalist",5220,301408,106628,61000,421612
1,36,New York State,27-3031,Public Relations Specialists,25780,95830,80644,54704,116395
1,36,New York State,27-3041,Editors,17410,117707,101297,63166,144979
1,36,New York State,27-3042,Technical Writers,2030,91482,85230,46337,114056
1,36,New York State,27-3091,Interpreters and Translators,3650,89166,86951,52483,107507
1,36,New York State,27-3092,Court Reporters and Simultaneous Captioners,1240,108462,112191,72541,126422
1,36,New York State,27-3099,"Media and Communication Workers, All Other",890,94272,79397,58799,112010
1,36,New York State,27-4011,Audio and Video Equipment Technicians,8700,75718,65364,45418,90869
1,36,New York State,27-4012,Broadcast Technicians,1800,87692,83178,43159,109958
1,36,New York State,27-4014,Sound Engineering Technicians,1690,96304,89553,52392,118260
1,36,New York State,27-4015,Lighting Technicians,910,91085,85462,59164,107046
1,36,New York State,27-4021,Photographers,3620,71758,59268,37643,88815
1,36,New York State,27-4031,"Camera Operators, Television, Video, and Motion Picture",3510,97946,92404,56683,118578
1,36,New York State,27-4032,Film and Video Editors,4060,113076,105237,61065,139082
1,36,New York State,27-4099,"Media and Communication Equipment Workers, All Other",,94593,91465,61180,111299
1,36,New York State,29-0000,Healthcare Practitioners and Technical Occupations,600040,118683,102608,60931,147559
1,36,New York State,29-1011,Chiropractors,1430,108382,84887,56383,134380
1,36,New York State,29-1021,"Dentists, General",7460,190633,168518,77884,247008
1,36,New York State,29-1023,Orthodontists,310,208046,107965,82198,270969
1,36,New York State,29-1024,Prosthodontists,,211085,156047,156034,238610
1,36,New York State,29-1031,Dietitians and Nutritionists,5500,82689,81470,60181,93943
1,36,New York State,29-1041,Optometrists,2500,162914,167474,119846,184449
1,36,New York State,29-1051,Pharmacists,21330,139717,140055,106583,156284
1,36,New York State,29-1071,Physician Assistants,19390,155393,156800,112175,177003
1,36,New York State,29-1081,Podiatrists,1210,138518,120408,69672,172941
1,36,New York State,29-1122,Occupational Therapists,10540,101667,97961,70872,117064
1,36,New York State,29-1123,Physical Therapists,15810,103506,102135,74194,118161
1,36,New York State,29-1124,Radiation Therapists,1140,133422,125826,96588,151839
1,36,New York State,29-1125,Recreational Therapists,1310,68069,65242,51842,76183
1,36,New York State,29-1126,Respiratory Therapists,6780,108611,106639,81945,121942
1,36,New York State,29-1127,Speech-Language Pathologists,16250,114673,111828,73813,135103
1,36,New York State,29-1128,Exercise Physiologists,,77918,75238,55500,89127
1,36,New York State,29-1129,"Therapists, All Other",990,75060,69712,54725,85228
1,36,New York State,29-1131,Veterinarians,3200,153417,134900,88670,185791
1,36,New York State,29-1141,Registered Nurses,204120,113497,108470,82326,129082
1,36,New York State,29-1151,Nurse Anesthetists,1210,273964,,184905,
1,36,New York State,29-1161,Nurse Midwives,490,142336,141610,112795,157106
1,36,New York State,29-1171,Nurse Practitioners,20430,152444,149341,116631,170350
1,36,New York State,29-1181,Audiologists,670,102425,101434,77787,114745
1,36,New York State,29-1211,Anesthesiologists,1850,269663,221598,80031,364478
1,36,New York State,29-1212,Cardiologists,2260,391687,,153406,
1,36,New York State,29-1213,Dermatologists,1400,305342,,134699,390663
1,36,New York State,29-1214,Emergency Medicine Physicians,3370,237184,,82958,314298
1,36,New York State,29-1215,Family Medicine Physicians,3190,219281,220626,105043,276400
1,36,New York State,29-1216,General Internal Medicine Physicians,11110,211041,178049,81395,275865
1,36,New York State,29-1217,Neurologists,1130,246735,220657,86565,326819
1,36,New York State,29-1218,Obstetricians and Gynecologists,2990,282189,,131917,
1,36,New York State,29-1221,"Pediatricians, General",5680,183817,159794,100372,225540
1,36,New York State,29-1222,"Physicians, Pathologists",940,230902,221598,85125,303791
1,36,New York State,29-1223,Psychiatrists,3850,239638,234794,96230,311344
1,36,New York State,29-1224,Radiologists,1950,321645,222298,84602,440167
1,36,New York State,29-1229,"Physicians, All Other",13280,262234,244171,107634,339536
1,36,New York State,29-1241,"Ophthalmologists, Except Pediatric",1020,358083,,133830,
1,36,New York State,29-1242,"Orthopedic Surgeons, Except Pediatric",1450,297779,221488,82661,405338
1,36,New York State,29-1243,Pediatric Surgeons,,412754,,246670,
1,36,New York State,29-1249,"Surgeons, All Other",4100,269779,170762,83336,363001
1,36,New York State,29-1291,Acupuncturists,,99911,96151,64485,117624
1,36,New York State,29-1292,Dental Hygienists,10350,96134,98155,72429,107986
1,36,New York State,29-1299,"Healthcare Diagnosing or Treating Practitioners, All Other",,139122,120372,78367,169499
1,36,New York State,29-2010,Clinical Laboratory Technologists and Technicians,18500,88648,86965,51760,107092
1,36,New York State,29-2031,Cardiovascular Technologists and Technicians,3200,86466,88389,52757,103320
1,36,New York State,29-2032,Diagnostic Medical Sonographers,7080,102934,104696,83159,112822
1,36,New York State,29-2033,Nuclear Medicine Technologists,940,112652,111985,93221,122366
1,36,New York State,29-2034,Radiologic Technologists,14370,94582,94007,68563,107593
1,36,New York State,29-2035,Magnetic Resonance Imaging Technologists,3030,104819,107584,78328,118065
1,36,New York State,29-2036,Medical Dosimetrists,350,164468,165221,132896,180253
1,36,New York State,29-2042,Emergency Medical Technicians,14350,50786,47244,39828,56266
1,36,New York State,29-2043,Paramedics,5820,70888,68223,56659,78002
1,36,New York State,29-2051,Dietetic Technicians,1720,50074,49539,36516,56853
1,36,New York State,29-2052,Pharmacy Technicians,26450,46232,41949,36388,51154
1,36,New York State,29-2053,Psychiatric Technicians,1770,57986,59199,44246,64856
1,36,New York State,29-2055,Surgical Technologists,5910,78018,77299,55768,89144
1,36,New York State,29-2056,Veterinary Technologists and Technicians,5480,61157,60433,48237,67618
1,36,New York State,29-2057,Ophthalmic Medical Technicians,6260,50149,48184,39132,55657
1,36,New York State,29-2061,Licensed Practical and Licensed Vocational Nurses,40720,68187,65771,55054,74754
1,36,New York State,29-2072,Medical Records Specialists,8510,66305,61373,44613,77151
1,36,New York State,29-2081,"Opticians, Dispensing",5180,64760,61736,52608,70836
1,36,New York State,29-2091,Orthotists and Prosthetists,410,88977,81336,55608,105661
1,36,New York State,29-2092,Hearing Aid Specialists,270,79574,82904,49413,94655
1,36,New York State,29-2099,"Health Technologists and Technicians, All Other",8660,66564,59262,44712,77490
1,36,New York State,29-9021,Health Information Technologists and Medical Registrars,1710,85061,76932,50321,102429
1,36,New York State,29-9091,Athletic Trainers,1180,73481,65581,52205,84119
1,36,New York State,29-9092,Genetic Counselors,320,104652,102832,86757,113600
1,36,New York State,29-9093,Surgical Assistants,500,69265,60277,52503,77645
1,36,New York State,29-9099,"Healthcare Practitioners and Technical Workers, All Other",1290,96166,86337,55812,116344
1,36,New York State,31-0000,Healthcare Support Occupations,819500,43060,39773,36670,46257
1,36,New York State,31-1120,Home Health & Personal Care Aides,623000,40788,39059,36413,42975
1,36,New York State,31-1131,Nursing Assistants,85310,48886,48744,40105,53277
1,36,New York State,31-1132,Orderlies,4210,46751,46897,37996,51129
1,36,New York State,31-1133,Psychiatric Aides,5330,54663,54783,44557,59716
1,36,New York State,31-2011,Occupational Therapy Assistants,2760,66476,66498,47581,75922
1,36,New York State,31-2012,Occupational Therapy Aides,,43529,43313,32257,49165
1,36,New York State,31-2021,Physical Therapist Assistants,3850,66047,66499,46442,75849
1,36,New York State,31-2022,Physical Therapist Aides,4080,40655,35968,32868,44548
1,36,New York State,31-9011,Massage Therapists,4700,68941,60398,39253,83785
1,36,New York State,31-9091,Dental Assistants,19700,51267,48361,40998,56402
1,36,New York State,31-9092,Medical Assistants,39250,49416,47355,40083,54082
1,36,New York State,31-9093,Medical Equipment Preparers,5340,54360,53353,41236,60922
1,36,New York State,31-9094,Medical Transcriptionists,3990,44310,43915,36050,48440
1,36,New York State,31-9095,Pharmacy Aides,2800,40535,38209,34600,43503
1,36,New York State,31-9096,Veterinary Assistants and Laboratory Animal Caretakers,5680,44526,44381,37520,48029
1,36,New York State,31-9097,Phlebotomists,5190,52310,50480,41991,57470
1,36,New York State,31-9099,"Healthcare Support Workers, All Other",4080,55550,53143,40969,62841
1,36,New York State,33-0000,Protective Service Occupations,319360,67226,57744,38611,81534
1,36,New York State,33-1011,First-Line Supervisors of Correctional Officers,3490,104839,100161,82063,116228
1,36,New York State,33-1012,First-Line Supervisors of Police and Detectives,12470,131590,126210,95101,149834
1,36,New York State,33-1021,First-Line Supervisors of Fire Fighting and Prevention Workers,4130,129627,134791,97155,145862
1,36,New York State,33-1091,First-Line Supervisors of Security Workers,6970,67823,60811,46706,78382
1,36,New York State,33-1099,"First-Line Supervisors of Protective Service Workers, All Other",1740,88143,94783,60454,101987
1,36,New York State,33-2011,Firefighters,14730,89147,90893,62609,102417
1,36,New York State,33-2021,Fire Inspectors and Investigators,1200,82005,77217,55330,95344
1,36,New York State,33-3011,Bailiffs,3630,80144,83230,57559,91435
1,36,New York State,33-3012,Correctional Officers and Jailers,29710,77191,77474,61459,85057
1,36,New York State,33-3021,Detectives and Criminal Investigators,9410,109303,106277,68353,129778
1,36,New York State,33-3031,Fish and Game Wardens,370,79778,77970,67308,86015
1,36,New York State,33-3041,Parking Enforcement Workers,540,52106,49414,38837,58741
1,36,New York State,33-3051,Police and Sheriff's Patrol Officers,54360,89355,95700,55287,106389
1,36,New York State,33-9011,Animal Control Workers,930,62932,50610,37454,75671
1,36,New York State,33-9021,Private Detectives and Investigators,1850,75371,61545,48369,88872
1,36,New York State,33-9031,Gaming Surveillance Officers and Gaming Investigators,,54135,50102,40780,60811
1,36,New York State,33-9032,Security Guards,132140,47221,43888,36869,52398
1,36,New York State,33-9091,Crossing Guards,9890,48429,45438,37410,53938
1,36,New York State,33-9092,"Lifeguards, Ski Patrol, and Other Recreational Protective Service",7730,38413,36907,33580,40829
1,36,New York State,33-9093,Transportation Security Screeners,3220,65887,72431,50386,73638
1,36,New York State,33-9094,School Bus Monitors,18040,39394,38061,34478,41852
1,36,New York State,33-9099,"Protective Service Workers, All Other",1660,65449,61529,46037,75156
1,36,New York State,35-0000,Food Preparation and Serving Related Occupations,726630,45899,38042,33807,51944
1,36,New York State,35-1011,Chefs and Head Cooks,15420,72201,66129,46127,85237
1,36,New York State,35-1012,First-Line Supervisors of Food Preparation and Serving Workers,58340,52755,48004,38336,59966
1,36,New York State,35-2011,"Cooks, Fast Food",21210,35678,35136,32519,37258
1,36,New York State,35-2012,"Cooks, Institution and Cafeteria",16980,47358,46442,37381,52346
1,36,New York State,35-2014,"Cooks, Restaurant",62430,44104,41024,35293,48509
1,36,New York State,35-2015,"Cooks, Short Order",,39212,37873,33553,42042
1,36,New York State,35-2019,"Cooks, All Other",1260,43754,43414,36136,47562
1,36,New York State,35-2021,Food Preparation Workers,51880,39549,37049,33502,42573
1,36,New York State,35-3011,Bartenders,42550,63847,62476,36711,77415
1,36,New York State,35-3023,Fast Food and Counter Workers,183810,37336,36270,33405,39301
1,36,New York State,35-3031,Waiters and Waitresses,140890,54877,47783,33611,65511
1,36,New York State,35-3041,"Food Servers, Nonrestaurant",14690,41894,39090,33575,46054
1,36,New York State,35-9011,Dining Room and Cafeteria Attendants and Bartender Helpers,44040,44034,37826,33212,49445
1,36,New York State,35-9021,Dishwashers,31750,37663,36415,33234,39877
1,36,New York State,35-9031,"Hosts and Hostesses, Restaurant, Lounge, and Coffee Shop",17350,42227,38126,33681,46500
1,36,New York State,35-9099,"Food Preparation and Serving Related Workers, All Other",1010,39990,34296,32949,43510
1,36,New York State,37-0000,Building and Grounds Cleaning and Maintenance Occupations,306650,47806,44131,35340,54039
1,36,New York State,37-1011,First-Line Supervisors of Housekeeping and Janitorial Workers,11090,61645,58842,43988,70473
1,36,New York State,37-1012,"First-Line Supervisors of Landscaping, Lawn Service, and Groundskeeping Workers",6000,70564,67243,50894,80399
1,36,New York State,37-2011,"Janitors and Cleaners, Except Maids and Housekeeping Cleaners",186370,45465,41049,34960,50718
1,36,New York State,37-2012,Maids and Housekeeping Cleaners,45640,51097,44108,34944,59174
1,36,New York State,37-2021,Pest Control Workers,3870,55778,49852,43692,61821
1,36,New York State,37-3011,Landscaping and Groundskeeping Workers,49430,46313,45963,36000,51470
1,36,New York State,37-3012,"Pesticide Handlers, Sprayers, and Applicators, Vegetation",,53158,50790,38263,60605
1,36,New York State,37-3013,Tree Trimmers and Pruners,2520,65838,63949,47831,74841
1,36,New York State,37-3019,"Grounds Maintenance Workers, All Other",,43060,39261,38808,45186
1,36,New York State,39-0000,Personal Care and Service Occupations,200110,46044,38035,33468,52333
1,36,New York State,39-1013,First-line Supervisors of Gambling Services Workers,570,74875,74386,63453,80586
1,36,New York State,39-1014,"First-Line Supervisors of Entertainment and Recreation Workers, Except Gambling Services",2650,55220,50265,38410,63625
1,36,New York State,39-1022,First-Line Supervisors of Personal Service Workers,8500,62729,57923,43494,72347
1,36,New York State,39-2011,Animal Trainers,1320,52933,46760,37025,60888
1,36,New York State,39-2021,Nonfarm Animal Caretakers,11970,40303,37538,33717,43596
1,36,New York State,39-3011,Gaming Dealers,1880,47827,35645,32240,55697
1,36,New York State,39-3012,Gaming and Sports Book Writers and Runners,,57445,54633,41807,65264
1,36,New York State,39-3021,Motion Picture Projectionists,420,70076,79158,43914,83157
1,36,New York State,39-3031,"Ushers, Lobby Attendants, and Ticket Takers",7540,39726,37282,33520,42830
1,36,New York State,39-3091,Amusement and Recreation Attendants,13670,38429,36549,32467,41411
1,36,New York State,39-3092,Costume Attendants,1120,81630,79480,49633,97628
1,36,New York State,39-3093,"Locker Room, Coatroom, and Dressing Room Attendants",1560,41662,35681,32591,46197
1,36,New York State,39-4011,Embalmers,,73284,70140,53770,83041
1,36,New York State,39-4012,Crematory Operators,,58700,51924,49338,63380
1,36,New York State,39-4021,Funeral Attendants,1520,42014,38973,35072,45485
1,36,New York State,39-4031,"Morticians, Undertakers, and Funeral Directors",1390,68626,64373,45414,80231
1,36,New York State,39-5011,Barbers,,49507,32961,32844,57838
1,36,New York State,39-5012,"Hairdressers, Hairstylists, and Cosmetologists",20300,47474,34929,32798,54813
1,36,New York State,39-5091,"Makeup Artists, Theatrical and Performance",310,127169,103269,80751,150376
1,36,New York State,39-5092,Manicurists and Pedicurists,19770,35385,34343,32353,36901
1,36,New York State,39-5093,Shampooers,710,33784,32960,32240,34625
1,36,New York State,39-5094,Skincare Specialists,3670,55585,47068,34501,66127
1,36,New York State,39-6011,Baggage Porters and Bellhops,4320,49750,46484,38002,55626
1,36,New York State,39-6012,Concierges,5040,53902,60124,38309,61699
1,36,New York State,39-7010,Tour and Travel Guides,2250,48001,38577,33125,55439
1,36,New York State,39-9011,Childcare Workers,42780,39298,37675,33865,42016
1,36,New York State,39-9031,Fitness Trainers and Aerobics Instructors,19430,63559,49143,34484,78097
1,36,New York State,39-9032,Recreation Workers,19550,43322,38332,33960,48003
1,36,New York State,39-9041,Residential Advisors,4930,47193,45681,37253,52162
1,36,New York State,39-9099,"Personal Care and Service Workers, All Other",970,54322,47469,36682,63142
1,36,New York State,41-0000,Sales and Related Occupations,772290,74333,45530,34695,94151
1,36,New York State,41-1011,First-Line Supervisors of Retail Sales Workers,52490,63399,58700,41574,74310
1,36,New York State,41-1012,First-Line Supervisors of Non-Retail Sales Workers,16040,130111,121016,76846,156743
1,36,New York State,41-2011,Cashiers,163700,37422,35816,32561,39852
1,36,New York State,41-2012,Gaming Change Persons and Booth Cashiers,740,60756,50421,37652,72308
1,36,New York State,41-2021,Counter and Rental Clerks,18900,50997,45638,36364,58314
1,36,New York State,41-2022,Parts Salespersons,6120,49151,46561,35583,55934
1,36,New York State,41-2031,Retail Salespersons,233740,43665,37848,33899,48549
1,36,New York State,41-3011,Advertising Sales Agents,16190,114319,97126,56564,143196
1,36,New York State,41-3021,Insurance Sales Agents,20990,107863,77565,46005,138792
1,36,New York State,41-3031,"Securities, Commodities, and Financial Services Sales Agents",60430,199775,170807,84000,257664
1,36,New York State,41-3041,Travel Agents,3100,57312,51326,38820,66557
1,36,New York State,41-3091,"Sales Representatives of Services, Except Advertising, Insurance, Financial Services, and Travel",78510,105524,87269,50602,132986
1,36,New York State,41-4011,"Sales Representatives, Wholesale and Manufacturing, Technical and Scientific Products",9090,143659,135392,74898,178039
1,36,New York State,41-4012,"Sales Representatives, Wholesale and Manufacturing, Except Technical and Scientific Products",67050,91133,78285,49430,111984
1,36,New York State,41-9011,Demonstrators and Product Promoters,,48719,46310,35472,55341
1,36,New York State,41-9012,Models,,94189,92015,82103,100231
1,36,New York State,41-9021,Real Estate Brokers,,116824,96293,55959,147257
1,36,New York State,41-9022,Real Estate Sales Agents,10040,106668,99630,47782,136112
1,36,New York State,41-9031,Sales Engineers,2970,152435,140800,92865,182220
1,36,New York State,41-9041,Telemarketers,2180,42373,37334,33712,46703
1,36,New York State,41-9091,"Door-to-Door Sales Workers, News and Street Vendors, and Related Workers",,45501,46516,32240,52248
1,36,New York State,41-9099,"Sales and Related Workers, All Other",1870,60078,47850,37384,71424
1,36,New York State,43-0000,Office and Administrative Support Occupations,1157710,58262,51771,39081,67853
1,36,New York State,43-1011,First-Line Supervisors of Office and Administrative Support Workers,82420,83799,78897,56932,97232
1,36,New York State,43-2011,"Switchboard Operators, Including Answering Service",2070,50520,46002,37487,57036
1,36,New York State,43-2021,Telephone Operators,350,58911,54659,43908,66412
1,36,New York State,43-3011,Bill and Account Collectors,8740,53693,48741,38598,61241
1,36,New York State,43-3021,Billing and Posting Clerks,31720,57684,52727,42723,65165
1,36,New York State,43-3031,"Bookkeeping, Accounting, and Auditing Clerks",93920,59202,57083,41891,67858
1,36,New York State,43-3041,Gaming Cage Workers,360,46011,47531,34862,51586
1,36,New York State,43-3051,Payroll and Timekeeping Clerks,9040,64039,61906,46241,72939
1,36,New York State,43-3061,Procurement Clerks,2870,54113,53027,40820,60760
1,36,New York State,43-3071,Tellers,17420,44756,44992,37810,48228
1,36,New York State,43-3099,"Financial Clerks, All Other",2040,55395,50914,41043,62570
1,36,New York State,43-4011,Brokerage Clerks,5640,85835,77631,59042,99231
1,36,New York State,43-4021,Correspondence Clerks,600,52295,48683,37599,59642
1,36,New York State,43-4031,"Court, Municipal, and License Clerks",11580,61946,55398,40861,72488
1,36,New York State,43-4041,"Credit Authorizers, Checkers, and Clerks",680,57700,53208,43697,64701
1,36,New York State,43-4051,Customer Service Representatives,145100,53738,48870,38069,61572
1,36,New York State,43-4061,"Eligibility Interviewers, Government Programs",9930,57967,52929,46969,63466
1,36,New York State,43-4071,File Clerks,4450,46173,43983,35787,51366
1,36,New York State,43-4081,"Hotel, Motel, and Resort Desk Clerks",10150,47915,39707,35198,54274
1,36,New York State,43-4111,"Interviewers, Except Eligibility and Loan",11570,53979,53114,42261,59838
1,36,New York State,43-4121,"Library Assistants, Clerical",6810,40527,36957,32927,44328
1,36,New York State,43-4131,Loan Interviewers and Clerks,4650,59697,57516,45210,66940
1,36,New York State,43-4141,New Accounts Clerks,4480,53829,50317,44961,58263
1,36,New York State,43-4151,Order Clerks,3610,49610,48020,37765,55532
1,36,New York State,43-4161,"Human Resources Assistants, Except Payroll and Timekeeping",7470,56459,54397,41805,63786
1,36,New York State,43-4171,Receptionists and Information Clerks,76590,44367,42466,35746,48678
1,36,New York State,43-4181,Reservation and Transportation Ticket Agents and Travel Clerks,6300,47813,42358,37161,53139
1,36,New York State,43-4199,"Information and Record Clerks, All Other",3270,52623,51292,38675,59598
1,36,New York State,43-5011,Cargo and Freight Agents,5930,63376,58459,42715,73707
1,36,New York State,43-5021,Couriers and Messengers,7530,45269,40640,35875,49966
1,36,New York State,43-5031,"Police, Fire, and Ambulance Dispatchers",5620,62384,60720,45996,70578
1,36,New York State,43-5032,"Dispatchers, Except Police, Fire, and Ambulance",11510,60977,53063,39433,71748
1,36,New York State,43-5041,"Meter Readers, Utilities",870,74924,70542,46227,89272
1,36,New York State,43-5051,Postal Service Clerks,5480,63202,62957,50884,69361
1,36,New York State,43-5052,Postal Service Mail Carriers,21000,61548,59643,45218,69712
1,36,New York State,43-5053,"Postal Service Mail Sorters, Processors, and Processing Machine Operators",9170,60304,58729,46041,67436
1,36,New York State,43-5061,"Production, Planning, and Expediting Clerks",40520,64269,61092,45035,73887
1,36,New York State,43-5071,"Shipping, Receiving, and Traffic Clerks",32070,49438,46833,36996,55659
1,36,New York State,43-5111,"Weighers, Measurers, Checkers, and Samplers, Recordkeeping",2090,50651,48625,39441,56256
1,36,New York State,43-6011,Executive Secretaries and Executive Administrative Assistants,88830,87854,82220,63022,100271
1,36,New York State,43-6012,Legal Secretaries,15430,72846,76003,46811,85863
1,36,New York State,43-6013,Medical Secretaries,34170,50453,49123,40218,55570
1,36,New York State,43-6014,"Secretaries and Administrative Assistants, Except Legal, Medical, and Executive",127620,52289,50257,40146,58361
1,36,New York State,43-9021,Data Entry Keyers,9890,46760,43913,34799,52740
1,36,New York State,43-9022,Word Processors and Typists,12870,51903,48337,38629,58541
1,36,New York State,43-9031,Desktop Publishers,490,74352,67158,48413,87321
1,36,New York State,43-9041,Insurance Claims and Policy Processing Clerks,7480,60522,58860,46367,67599
1,36,New York State,43-9051,"Mail Clerks and Mail Machine Operators, Except Postal Service",5660,44501,42424,34311,49597
1,36,New York State,43-9061,"Office Clerks, General",133060,48729,45583,35333,55429
1,36,New York State,43-9071,"Office Machine Operators, Except Computer",2480,45932,41758,35412,51192
1,36,New York State,43-9081,Proofreaders and Copy Markers,1230,62137,55546,42170,72120
1,36,New York State,43-9111,Statistical Assistants,490,67963,65573,49060,77414
1,36,New York State,43-9199,"Office and Administrative Support Workers, All Other",,37219,32334,32330,39663
1,36,New York State,45-0000,"Farming, Fishing, and Forestry Occupations",4400,49023,43891,35975,55546
1,36,New York State,45-1011,"First-Line Supervisors of Farming, Fishing, and Forestry Workers",390,71783,70166,53820,80765
1,36,New York State,45-2011,Agricultural Inspectors,290,72730,73814,51334,83427
1,36,New York State,45-2021,Animal Breeders,,57107,51920,46068,62625
1,36,New York State,45-2091,Agricultural Equipment Operators,,57318,52605,45303,63325
1,36,New York State,45-2092,"Farmworkers and Laborers, Crop, Nursery, and Greenhouse",2570,42184,40523,35118,45715
1,36,New York State,45-2093,"Farmworkers, Farm, Ranch, and Aquacultural Animals",300,46291,41945,34842,52015
1,36,New York State,45-4011,Forest and Conservation Workers,,49220,56382,36191,55736
1,36,New York State,45-4021,Fallers,,37332,36874,33710,39144
1,36,New York State,45-4022,Logging Equipment Operators,360,49005,44018,37740,54637
1,36,New York State,45-4023,Log Graders and Scalers,,44962,44115,36132,49377
1,36,New York State,47-0000,Construction and Extraction Occupations,322480,78422,68730,47345,93961
1,36,New York State,47-1011,Supervisors of Construction and Extraction Workers,32810,102010,98131,65031,120500
1,36,New York State,47-2011,Boilermakers,,82968,77269,49623,99640
1,36,New York State,47-2021,Brickmasons and Blockmasons,2280,83209,79877,56668,96480
1,36,New York State,47-2022,Stonemasons,750,68786,56668,49190,78585
1,36,New York State,47-2031,Carpenters,44500,75341,65535,48183,88921
1,36,New York State,47-2041,Carpet Installers,650,56258,52403,41021,63877
1,36,New York State,47-2042,"Floor Layers, Except Carpet, Wood, and Hard Tiles",770,68054,59409,48778,77692
1,36,New York State,47-2043,Floor Sanders and Finishers,,57703,51946,43574,64766
1,36,New York State,47-2044,Tile and Marble Setters,3140,74720,65068,45043,89558
1,36,New York State,47-2051,Cement Masons and Concrete Finishers,9960,74710,64877,50145,86993
1,36,New York State,47-2053,Terrazzo Workers and Finishers,,77860,74705,58918,87331
1,36,New York State,47-2061,Construction Laborers,49890,67134,59371,42447,79477
1,36,New York State,47-2071,"Paving, Surfacing, and Tamping Equipment Operators",4200,78608,65742,52183,91820
1,36,New York State,47-2073,Operating Engineers and Other Construction Equipment Operators,14700,96191,82620,54937,116819
1,36,New York State,47-2081,Drywall and Ceiling Tile Installers,2940,68535,61727,46485,79560
1,36,New York State,47-2082,Tapers,,81830,72209,61430,92029
1,36,New York State,47-2111,Electricians,40380,85805,79734,53023,102196
1,36,New York State,47-2121,Glaziers,2610,71835,61760,45245,85130
1,36,New York State,47-2131,"Insulation Workers, Floor, Ceiling, and Wall",1890,81110,65371,47683,97823
1,36,New York State,47-2132,"Insulation Workers, Mechanical",1250,74617,62753,51035,86407
1,36,New York State,47-2141,"Painters, Construction and Maintenance",14670,60922,57664,41044,70860
1,36,New York State,47-2142,Paperhangers,250,62428,58017,49176,69053
1,36,New York State,47-2151,Pipelayers,310,90846,78739,63911,104314
1,36,New York State,47-2152,"Plumbers, Pipefitters, and Steamfitters",22630,86992,80770,52983,103997
1,36,New York State,47-2161,Plasterers and Stucco Masons,830,89024,76119,54397,106338
1,36,New York State,47-2171,Reinforcing Iron and Rebar Workers,1000,83508,84027,61643,94440
1,36,New York State,47-2181,Roofers,4430,73509,65214,44988,87770
1,36,New York State,47-2211,Sheet Metal Workers,6190,77836,75625,49111,92198
1,36,New York State,47-2221,Structural Iron and Steel Workers,3190,97150,98171,64032,113708
1,36,New York State,47-2231,Solar Photovoltaic Installers,,58456,54630,47804,63782
1,36,New York State,47-3011,"Helpers--Brickmasons, Blockmasons, Stonemasons, and Tile and Marble Setters",930,64485,63178,45515,73970
1,36,New York State,47-3012,Helpers--Carpenters,,43334,42075,34032,47985
1,36,New York State,47-3013,Helpers--Electricians,3690,53734,50860,40866,60168
1,36,New York State,47-3015,"Helpers--Pipelayers, Plumbers, Pipefitters, and Steamfitters",3520,48836,44825,37298,54605
1,36,New York State,47-3019,"Helpers, Construction Trades, All Other",1150,73331,68468,44757,87618
1,36,New York State,47-4011,Construction and Building Inspectors,10160,89178,80875,56696,105419
1,36,New York State,47-4021,Elevator Installers and Repairers,3710,121460,128191,79820,142281
1,36,New York State,47-4031,Fence Erectors,1210,48085,48176,35244,54506
1,36,New York State,47-4041,Hazardous Materials Removal Workers,3660,73444,64452,48482,85926
1,36,New York State,47-4051,Highway Maintenance Workers,14200,57100,53535,44906,63198
1,36,New York State,47-4061,Rail-Track Laying and Maintenance Equipment Operators,3330,79563,87337,63116,87787
1,36,New York State,47-4071,Septic Tank Servicers and Sewer Pipe Cleaners,1790,57284,52410,42070,64891
1,36,New York State,47-4090,Miscellaneous Construction and Related Workers,380,57179,50861,40590,65473
1,36,New York State,47-5013,"Service Unit Operators, Oil, Gas, and Mining",,51612,50488,37032,58901
1,36,New York State,47-5022,"Excavating and Loading Machine and Dragline Operators, Surface Mining",1410,66788,58119,46391,76986
1,36,New York State,47-5023,"Earth Drillers, Except Oil and Gas",580,78315,76332,56912,89016
1,36,New York State,47-5032,"Explosives Workers, Ordnance Handling Experts, and Blasters",,111416,107392,92785,120732
1,36,New York State,47-5041,Continuous Mining Machine Operators,,65953,50821,43673,77093
1,36,New York State,47-5051,"Rock Splitters, Quarry",,67805,49227,47439,77988
1,36,New York State,47-5071,"Roustabouts, Oil and Gas",,61891,48329,46868,69402
1,36,New York State,47-5081,Helpers--Extraction Workers,,55707,54929,42680,62220
1,36,New York State,47-5099,"Extraction Workers, All Other",,63917,64409,53555,69098
1,36,New York State,49-0000,"Installation, Maintenance, and Repair Occupations",326220,68741,62889,43470,81376
1,36,New York State,49-1011,"First-Line Supervisors of Mechanics, Installers, and Repairers",27180,94264,87294,59279,111756
1,36,New York State,49-2011,"Computer, Automated Teller, and Office Machine Repairers",5150,60684,61843,41733,70160
1,36,New York State,49-2021,"Radio, Cellular, and Tower Equipment Installers and Repairers",330,95081,105788,64742,110252
1,36,New York State,49-2022,"Telecommunications Equipment Installers and Repairers, Except Line Installers",8460,71311,60342,46309,83812
1,36,New York State,49-2091,Avionics Technicians,,85796,84558,66568,95410
1,36,New York State,49-2092,"Electric Motor, Power Tool, and Related Repairers",490,68154,66252,54286,75088
1,36,New York State,49-2093,"Electrical and Electronics Installers and Repairers, Transportation Equipment",,81904,93994,56987,94362
1,36,New York State,49-2094,"Electrical and Electronics Repairers, Commercial and Industrial Equipment",1450,79020,79145,57636,89711
1,36,New York State,49-2095,"Electrical and Electronics Repairers, Powerhouse, Substation, and Relay",2930,106081,103152,82772,117736
1,36,New York State,49-2096,"Electronic Equipment Installers and Repairers, Motor Vehicles",450,59762,60344,45443,66921
1,36,New York State,49-2097,Electronic Home Entertainment Equipment Installers and Repairers,700,66506,65211,44976,77272
1,36,New York State,49-2098,Security and Fire Alarm Systems Installers,4610,69273,68066,50234,78793
1,36,New York State,49-3011,Aircraft Mechanics and Service Technicians,2940,101971,95712,67818,119048
1,36,New York State,49-3021,Automotive Body and Related Repairers,8080,58075,51692,38274,67975
1,36,New York State,49-3022,Automotive Glass Installers and Repairers,720,57364,57145,44287,63904
1,36,New York State,49-3023,Automotive Service Technicians and Mechanics,31790,59205,53042,38490,69563
1,36,New York State,49-3031,Bus and Truck Mechanics and Diesel Engine Specialists,14320,70650,68643,51136,80408
1,36,New York State,49-3041,Farm Equipment Mechanics and Service Technicians,420,54594,54482,42739,60521
1,36,New York State,49-3042,"Mobile Heavy Equipment Mechanics, Except Engines",4180,72527,67868,53871,81855
1,36,New York State,49-3043,Rail Car Repairers,1560,86372,87459,67778,95669
1,36,New York State,49-3051,Motorboat Mechanics and Service Technicians,1300,60880,59918,47238,67700
1,36,New York State,49-3052,Motorcycle Mechanics,400,51311,49579,37123,58406
1,36,New York State,49-3053,Outdoor Power Equipment and Other Small Engine Mechanics,1680,52358,49058,38862,59106
1,36,New York State,49-3091,Bicycle Repairers,560,49262,52283,42982,52403
1,36,New York State,49-3092,Recreational Vehicle Service Technicians,390,52706,51275,42982,57567
1,36,New York State,49-3093,Tire Repairers and Changers,1340,44090,41968,35722,48273
1,36,New York State,49-9011,Mechanical Door Repairers,1360,60549,60071,48461,66592
1,36,New York State,49-9012,"Control and Valve Installers and Repairers, Except Mechanical Door",4380,97113,103960,64265,113536
1,36,New York State,49-9021,"Heating, Air Conditioning, and Refrigeration Mechanics and Installers",22710,72385,68464,49705,83725
1,36,New York State,49-9031,Home Appliance Repairers,,59009,56340,38644,69193
1,36,New York State,49-9041,Industrial Machinery Mechanics,12630,72335,68818,52035,82485
1,36,New York State,49-9043,"Maintenance Workers, Machinery",2440,70618,64134,47717,82069
1,36,New York State,49-9044,Millwrights,780,81945,80880,61073,92382
1,36,New York State,49-9051,Electrical Power-Line Installers and Repairers,5270,109126,120665,68986,129197
1,36,New York State,49-9052,Telecommunications Line Installers and Repairers,9780,91237,108752,53937,109888
1,36,New York State,49-9061,Camera and Photographic Equipment Repairers,,64055,57857,47419,72373
1,36,New York State,49-9062,Medical Equipment Repairers,2320,69740,65443,48016,80602
1,36,New York State,49-9063,Musical Instrument Repairers and Tuners,260,57912,47940,38954,67392
1,36,New York State,49-9064,Watch Repairers,,74089,79101,64073,79098
1,36,New York State,49-9069,"Precision Instrument and Equipment Repairers, All Other",380,69376,64136,52704,77712
1,36,New York State,49-9071,"Maintenance and Repair Workers, General",124640,59861,57695,41256,69163
1,36,New York State,49-9081,Wind Turbine Service Technicians,250,78921,79042,58460,89152
1,36,New York State,49-9091,"Coin, Vending, and Amusement Machine Servicers and Repairers",1580,65134,61040,43483,75960
1,36,New York State,49-9092,Commercial Divers,,148201,158146,127029,158787
1,36,New York State,49-9094,Locksmiths and Safe Repairers,1240,61660,61164,40862,72060
1,36,New York State,49-9095,Manufactured Building and Mobile Home Installers,,46781,46001,39652,50346
1,36,New York State,49-9096,Riggers,880,108567,106016,72646,126527
1,36,New York State,49-9097,Signal and Track Switch Repairers,1880,95416,94768,86501,99874
1,36,New York State,49-9098,"Helpers--Installation, Maintenance, and Repair Workers",5220,50051,48580,37800,56176
1,36,New York State,49-9099,"Installation, Maintenance, and Repair Workers, All Other",3920,59632,54997,43302,67796
1,36,New York State,51-0000,Production Occupations,295050,54204,48086,36600,63006
1,36,New York State,51-1011,First-Line Supervisors of Production and Operating Workers,21230,82991,79221,55024,96974
1,36,New York State,51-2011,"Aircraft Structure, Surfaces, Rigging, and Systems Assemblers",260,48148,49253,37425,53510
1,36,New York State,51-2021,"Coil Winders, Tapers, and Finishers",730,56116,53501,38652,64848
1,36,New York State,51-2028,"Electrical, electronic, and electromechanical assemblers, except coil winders, tapers, and finishers?(OES-specific code and title)",13270,47483,45069,36624,52913
1,36,New York State,51-2031,Engine and Other Machine Assemblers,1410,53368,51772,41938,59084
1,36,New York State,51-2041,Structural Metal Fabricators and Fitters,1800,53396,49236,41911,59138
1,36,New York State,51-2051,Fiberglass Laminators and Fabricators,,47189,45784,42147,49709
1,36,New York State,51-2090,Miscellaneous Assemblers and Fabricators,31260,46348,43232,35749,51648
1,36,New York State,51-3011,Bakers,15810,44451,40928,36019,48668
1,36,New York State,51-3021,Butchers and Meat Cutters,4800,49653,47693,37245,55856
1,36,New York State,51-3022,"Meat, Poultry, and Fish Cutters and Trimmers",2510,40125,37828,33615,43379
1,36,New York State,51-3023,Slaughterers and Meat Packers,660,38388,36126,33025,41070
1,36,New York State,51-3091,"Food and Tobacco Roasting, Baking, and Drying Machine Operators and Tenders",,41029,37132,33740,44672
1,36,New York State,51-3092,Food Batchmakers,8140,41447,38250,34045,45148
1,36,New York State,51-3093,Food Cooking Machine Operators and Tenders,960,47216,47568,36800,52425
1,36,New York State,51-3099,"Food Processing Workers, All Other",490,43047,41940,38262,45439
1,36,New York State,51-4021,"Extruding and Drawing Machine Setters, Operators, and Tenders, Metal and Plastic",1980,50039,49299,40456,54830
1,36,New York State,51-4022,"Forging Machine Setters, Operators, and Tenders, Metal and Plastic",,55481,54524,37352,64545
1,36,New York State,51-4023,"Rolling Machine Setters, Operators, and Tenders, Metal and Plastic",510,62239,56430,44216,71250
1,36,New York State,51-4031,"Cutting, Punching, and Press Machine Setters, Operators, and Tenders, Metal and Plastic",3790,48863,46303,36919,54836
1,36,New York State,51-4032,"Drilling and Boring Machine Tool Setters, Operators, and Tenders, Metal and Plastic",,53005,58660,36930,61042
1,36,New York State,51-4033,"Grinding, Lapping, Polishing, and Buffing Machine Tool Setters, Operators, and Tenders, Metal and Plastic",2320,50215,47098,38103,56271
1,36,New York State,51-4034,"Lathe and Turning Machine Tool Setters, Operators, and Tenders, Metal and Plastic",790,54993,50942,41815,61583
1,36,New York State,51-4035,"Milling and Planing Machine Setters, Operators, and Tenders, Metal and Plastic",560,60380,56676,42681,69229
1,36,New York State,51-4041,Machinists,8870,62977,61786,44938,71998
1,36,New York State,51-4051,Metal-Refining Furnace Operators and Tenders,750,66530,66022,53046,73273
1,36,New York State,51-4052,"Pourers and Casters, Metal",,57768,51011,50699,61303
1,36,New York State,51-4061,"Model Makers, Metal and Plastic",,73738,75760,53472,83870
1,36,New York State,51-4071,Foundry Mold and Coremakers,,57404,53119,43026,64593
1,36,New York State,51-4072,"Molding, Coremaking, and Casting Machine Setters, Operators, and Tenders, Metal and Plastic",3390,46328,42681,35889,51547
1,36,New York State,51-4081,"Multiple Machine Tool Setters, Operators, and Tenders, Metal and Plastic",4150,51749,50887,38264,58491
1,36,New York State,51-4111,Tool and Die Makers,1460,71898,69553,52813,81441
1,36,New York State,51-4121,"Welders, Cutters, Solderers, and Brazers",7810,62275,58715,44725,71049
1,36,New York State,51-4122,"Welding, Soldering, and Brazing Machine Setters, Operators, and Tenders",660,49818,48108,39807,54824
1,36,New York State,51-4191,"Heat Treating Equipment Setters, Operators, and Tenders, Metal and Plastic",280,56339,53833,41449,63785
1,36,New York State,51-4192,"Layout Workers, Metal and Plastic",,63929,62314,50386,70701
1,36,New York State,51-4193,"Plating and Coating Machine Setters, Operators, and Tenders, Metal and Plastic",1000,47114,45255,37249,52047
1,36,New York State,51-4194,"Tool Grinders, Filers, and Sharpeners",,46337,44381,37305,50852
1,36,New York State,51-4199,"Metal Workers and Plastic Workers, All Other",,64961,64213,44397,75242
1,36,New York State,51-5111,Prepress Technician and Workers,1130,53259,49738,38145,60818
1,36,New York State,51-5112,Printing Press Operators,7200,51502,47813,37121,58693
1,36,New York State,51-5113,Print Binding and Finishing Workers,1410,45163,42826,35249,50120
1,36,New York State,51-6011,Laundry and Dry-Cleaning Workers,13270,38092,34760,33058,40610
1,36,New York State,51-6021,"Pressers, Textile, Garment, and Related Materials",2380,37533,35596,33485,39556
1,36,New York State,51-6031,Sewing Machine Operators,5640,41893,38794,35217,45230
1,36,New York State,51-6041,Shoe and Leather Workers and Repairers,,43165,44880,35895,46800
1,36,New York State,51-6042,Shoe Machine Operators and Tenders,,44498,47496,37888,47803
1,36,New York State,51-6051,"Sewers, Hand",,39503,37207,35557,41476
1,36,New York State,51-6062,"Textile Cutting Machine Setters, Operators, and Tenders",290,50850,47152,38767,56891
1,36,New York State,51-6063,"Textile Knitting and Weaving Machine Setters, Operators, and Tenders",320,49798,49216,40083,54656
1,36,New York State,51-6064,"Textile Winding, Twisting, and Drawing Out Machine Setters, Operators, and Tenders",,38774,36917,32337,41993
1,36,New York State,51-6091,"Extruding and Forming Machine Setters, Operators, and Tenders, Synthetic and Glass Fibers",,51666,47905,40880,57060
1,36,New York State,51-6092,Fabric and Apparel Patternmakers,800,101316,102955,63433,120256
1,36,New York State,51-6093,Upholsterers,530,61760,50291,41087,72095
1,36,New York State,51-7011,Cabinetmakers and Bench Carpenters,3290,59413,59049,44466,66886
1,36,New York State,51-7021,Furniture Finishers,690,49378,45925,36433,55851
1,36,New York State,51-7041,"Sawing Machine Setters, Operators, and Tenders, Wood",1120,46925,43473,36870,51951
1,36,New York State,51-7042,"Woodworking Machine Setters, Operators, and Tenders, Except Sawing",1420,46842,41503,36377,52073
1,36,New York State,51-7099,"Woodworkers, All Other",,47365,44565,36341,52877
1,36,New York State,51-8011,Nuclear Power Reactor Operators,280,143478,134937,112274,159080
1,36,New York State,51-8012,Power Distributors and Dispatchers,,132935,132021,102197,148306
1,36,New York State,51-8013,Power Plant Operators,2350,115221,124926,78223,133720
1,36,New York State,51-8021,Stationary Engineers and Boiler Operators,4350,100020,94173,62702,118680
1,36,New York State,51-8031,Water and Wastewater Treatment Plant and System Operators,5270,69925,64783,49571,80102
1,36,New York State,51-8091,Chemical Plant and System Operators,,67701,62632,53493,74804
1,36,New York State,51-8092,Gas Plant Operators,,94104,93463,74223,104045
1,36,New York State,51-8093,"Petroleum Pump System Operators, Refinery Operators, and Gaugers",,76870,76540,54245,88182
1,36,New York State,51-8099,"Plant and System Operators, All Other",340,73161,74293,55047,82218
1,36,New York State,51-9011,Chemical Equipment Operators and Tenders,4550,55598,53744,40002,63395
1,36,New York State,51-9012,"Separating, Filtering, Clarifying, Precipitating, and Still Machine Setters, Operators, and Tenders",3080,54773,53228,43081,60620
1,36,New York State,51-9021,"Crushing, Grinding, and Polishing Machine Setters, Operators, and Tenders",1050,58223,54713,42687,65992
1,36,New York State,51-9022,"Grinding and Polishing Workers, Hand",570,54246,46949,38828,61955
1,36,New York State,51-9023,"Mixing and Blending Machine Setters, Operators, and Tenders",4550,52355,50769,38663,59202
1,36,New York State,51-9031,"Cutters and Trimmers, Hand",,51805,52759,43937,55738
1,36,New York State,51-9032,"Cutting and Slicing Machine Setters, Operators, and Tenders",2160,49549,48064,38667,54990
1,36,New York State,51-9041,"Extruding, Forming, Pressing, and Compacting Machine Setters, Operators, and Tenders",3420,51579,48152,34800,59969
1,36,New York State,51-9051,"Furnace, Kiln, Oven, Drier, and Kettle Operators and Tenders",670,55737,55040,43621,61794
1,36,New York State,51-9061,"Inspectors, Testers, Sorters, Samplers, and Weighers",20540,54717,50058,38631,62760
1,36,New York State,51-9071,Jewelers and Precious Stone and Metal Workers,4750,65361,52212,37129,79477
1,36,New York State,51-9081,Dental Laboratory Technicians,2130,58332,55545,41705,66644
1,36,New York State,51-9082,Medical Appliance Technicians,1130,50135,48540,38096,56155
1,36,New York State,51-9083,Ophthalmic Laboratory Technicians,1420,40973,37992,35163,43879
1,36,New York State,51-9111,Packaging and Filling Machine Operators and Tenders,17530,44429,40949,34986,49150
1,36,New York State,51-9123,"Painting, Coating, and Decorating Workers",510,64677,69911,42283,75875
1,36,New York State,51-9124,"Coating, Painting, and Spraying Machine Setters, Operators, and Tenders",2880,52799,48378,39058,59669
1,36,New York State,51-9141,Semiconductor Processors,1730,54649,50985,47768,58089
1,36,New York State,51-9151,Photographic Process Workers and Processing Machine Operators,340,77958,74037,46217,93827
1,36,New York State,51-9161,Computer Numerically Controlled Tool Operators,5500,54567,51928,41977,60863
1,36,New York State,51-9162,Computer Numerically Controlled Tool Programmers,1240,71022,67548,49019,82024
1,36,New York State,51-9191,Adhesive Bonding Machine Operators and Tenders,420,44779,42118,36751,48792
1,36,New York State,51-9192,"Cleaning, Washing, and Metal Pickling Equipment Operators and Tenders",430,50695,51742,37719,57183
1,36,New York State,51-9193,Cooling and Freezing Equipment Operators and Tenders,,50255,45648,39683,55541
1,36,New York State,51-9194,Etchers and Engravers,460,46179,39758,36880,50829
1,36,New York State,51-9195,"Molders, Shapers, and Casters, Except Metal and Plastic",1350,53568,51783,40494,60105
1,36,New York State,51-9196,"Paper Goods Machine Setters, Operators, and Tenders",3390,53640,53206,40641,60140
1,36,New York State,51-9198,Helpers--Production Workers,4590,43625,42569,35314,47782
1,36,New York State,51-9199,"Production Workers, All Other",3370,45624,41754,34591,51141
1,36,New York State,53-0000,Transportation and Material Moving Occupations,616760,57055,47362,36531,67318
1,36,New York State,53-1041,Aircraft Cargo Handling Supervisors,260,70960,65316,48071,82405
1,36,New York State,53-1047,"First-Line Supervisors of Transportation and Material Moving Workers, Except Aircraft Cargo Handling Supervisors",29610,71901,66142,48433,83635
1,36,New York State,53-2011,"Airline Pilots, Copilots, and Flight Engineers",6530,297222,,134445,378610
1,36,New York State,53-2012,Commercial Pilots,1070,210842,176691,98570,266978
1,36,New York State,53-2021,Air Traffic Controllers,1190,154948,145646,87655,188594
1,36,New York State,53-2022,Airfield Operations Specialists,1430,50830,41977,41511,55490
1,36,New York State,53-3011,"Ambulance Drivers and Attendants, Except Emergency Medical Technicians",740,39028,36456,34011,41537
1,36,New York State,53-3031,Driver/Sales Workers,23860,44909,41964,33849,50439
1,36,New York State,53-3032,Heavy and Tractor-Trailer Truck Drivers,61410,65971,61993,48387,74762
1,36,New York State,53-3033,Light Truck or Delivery Services Drivers,52290,51619,47159,37813,58522
1,36,New York State,53-3051,"Bus Drivers, School",37520,57700,57882,46353,63374
1,36,New York State,53-3052,"Bus Drivers, Transit and Intercity",16550,73628,84428,56530,82177
1,36,New York State,53-3053,Shuttle Drivers and Chauffeurs,17620,47518,42594,34740,53906
1,36,New York State,53-3054,Taxi Drivers,1950,40850,41614,34963,43795
1,36,New York State,53-3099,"Motor Vehicle Operators, All Other",3130,45643,39273,34043,51443
1,36,New York State,53-4011,Locomotive Engineers,1290,98351,109898,74629,110212
1,36,New York State,53-4013,"Rail Yard Engineers, Dinkey Operators, and Hostlers",,83075,75640,75540,86842
1,36,New York State,53-4031,Railroad Conductors and Yardmasters,6740,86857,79948,68412,96080
1,36,New York State,53-5011,Sailors and Marine Oilers,1340,61237,62491,43526,70092
1,36,New York State,53-5021,"Captains, Mates, and Pilots of Water Vessels",2080,104726,106027,58494,127843
1,36,New York State,53-5022,Motorboat Operators,,65322,62656,53322,71323
1,36,New York State,53-5031,Ship Engineers,600,126569,134845,84566,147570
1,36,New York State,53-6011,Bridge and Lock Tenders,,50783,52591,34621,58865
1,36,New York State,53-6021,Parking Lot Attendants,11680,37468,36122,33742,39330
1,36,New York State,53-6031,Automotive and Watercraft Service Attendants,3270,39885,38751,33283,43186
1,36,New York State,53-6032,Aircraft Service Attendants,1770,45308,42842,37520,49203
1,36,New York State,53-6041,Traffic Technicians,970,72203,71628,44152,86228
1,36,New York State,53-6051,Transportation Inspectors,3730,91528,93366,78766,97909
1,36,New York State,53-6061,"Transportation Attendants, Except Flight Attendants",3440,42234,41454,38231,44236
1,36,New York State,53-6099,"Transportation Workers, All Other",340,55761,43651,34029,66628
1,36,New York State,53-7011,Conveyor Operators and Tenders,650,44816,44088,39035,47705
1,36,New York State,53-7021,Crane and Tower Operators,1330,148278,112676,71244,186794
1,36,New York State,53-7041,Hoist and Winch Operators,,83227,60414,44676,102503
1,36,New York State,53-7051,Industrial Truck and Tractor Operators,19630,54368,50821,41958,60575
1,36,New York State,53-7061,Cleaners of Vehicles and Equipment,19910,45792,40226,34281,51547
1,36,New York State,53-7062,"Laborers and Freight, Stock, and Material Movers, Hand",95990,47472,44725,36303,53056
1,36,New York State,53-7063,Machine Feeders and Offbearers,1250,48399,51717,35025,55086
1,36,New York State,53-7064,"Packers and Packagers, Hand",15600,39364,37032,33251,42421
1,36,New York State,53-7065,Stockers and Order Fillers,142870,42830,39568,35014,46739
1,36,New York State,53-7071,Gas Compressor and Gas Pumping Station Operators,,60306,61039,50307,65306
1,36,New York State,53-7072,"Pump Operators, Except Wellhead Pumpers",,58097,55594,46852,63719
1,36,New York State,53-7073,Wellhead Pumpers,,46723,45740,34998,52585
1,36,New York State,53-7081,Refuse and Recyclable Material Collectors,11240,66845,66125,43026,78755
1,36,New York State,53-7121,"Tank Car, Truck, and Ship Loaders",,49926,46202,38832,55472
1,36,New York State,53-7199,"Material Moving Workers, All Other",,59527,61318,46601,65990
10,1,Capital Region,00-0000,"Total, All Occupations",519370,70261,55693,36818,86982
10,1,Capital Region,11-0000,Management Occupations,33180,140435,124254,72779,174264
10,1,Capital Region,11-1011,Chief Executives,680,196059,176046,118185,234996
10,1,Capital Region,11-1021,General and Operations Managers,11200,135584,106886,62686,172033
10,1,Capital Region,11-1031,Legislators,410,136546,144622,78796,165419
10,1,Capital Region,11-2011,Advertising and Promotions Managers,70,178260,134711,74496,230142
10,1,Capital Region,11-2021,Marketing Managers,1090,163407,141046,83973,203124
10,1,Capital Region,11-2022,Sales Managers,1090,186424,158968,91310,233980
10,1,Capital Region,11-2032,Public Relations Managers,360,121939,105761,59234,153292
10,1,Capital Region,11-2033,Fundraising Managers,180,151193,144638,95533,179024
10,1,Capital Region,11-3012,Administrative Services Managers,750,124143,114038,73738,149345
10,1,Capital Region,11-3013,Facilities Managers,600,128036,127326,81544,151282
10,1,Capital Region,11-3021,Computer and Information Systems Managers,2060,166430,152798,114880,192205
10,1,Capital Region,11-3031,Financial Managers,2680,169294,148099,102591,202645
10,1,Capital Region,11-3051,Industrial Production Managers,610,154330,141782,96482,183255
10,1,Capital Region,11-3061,Purchasing Managers,610,128733,107103,81071,152565
10,1,Capital Region,11-3071,"Transportation, Storage, and Distribution Managers",440,118733,107959,77842,139179
10,1,Capital Region,11-3111,Compensation and Benefits Managers,90,149507,133111,98604,174959
10,1,Capital Region,11-3121,Human Resources Managers,980,138560,123154,88152,163764
10,1,Capital Region,11-3131,Training and Development Managers,180,133829,126044,96309,152590
10,1,Capital Region,11-9021,Construction Managers,540,146711,130363,89805,175163
10,1,Capital Region,11-9031,"Education Administrators, Preschool and Childcare Center/Program",170,72440,62993,50896,83212
10,1,Capital Region,11-9032,"Education Administrators, Elementary and Secondary School",930,120601,124244,87520,137142
10,1,Capital Region,11-9033,"Education Administrators, Postsecondary",430,166840,134176,92066,204227
10,1,Capital Region,11-9039,"Education Administrators, All Other",110,111208,106886,73974,129826
10,1,Capital Region,11-9041,Architectural and Engineering Managers,680,189170,179692,138343,214582
10,1,Capital Region,11-9051,Food Service Managers,550,79857,76625,57150,91209
10,1,Capital Region,11-9072,"Entertainment and Recreation Managers, Except Gambling",50,84540,85228,51491,101064
10,1,Capital Region,11-9081,Lodging Managers,320,78504,67592,48045,93733
10,1,Capital Region,11-9111,Medical and Health Services Managers,1840,137759,118922,85162,164056
10,1,Capital Region,11-9121,Natural Sciences Managers,300,165930,151764,105490,196150
10,1,Capital Region,11-9131,Postmasters and Mail Superintendents,90,96675,93916,85448,102288
10,1,Capital Region,11-9141,"Property, Real Estate, and Community Association Managers",460,92185,76781,52882,111838
10,1,Capital Region,11-9151,Social and Community Service Managers,1300,89151,80580,59279,104086
10,1,Capital Region,11-9161,Emergency Management Directors,110,94716,81726,57556,113296
10,1,Capital Region,11-9171,Funeral Home Managers,,79946,64837,56333,91753
10,1,Capital Region,11-9179,"Personal Service Managers, All Other",,59520,56878,35157,71702
10,1,Capital Region,11-9199,"Managers, All Other",1090,129003,116555,80703,153154
10,1,Capital Region,13-0000,Business and Financial Operations Occupations,37560,90072,81453,55301,107457
10,1,Capital Region,13-1020,Buyers and Purchasing Agents,1880,79027,72887,53128,91976
10,1,Capital Region,13-1031,"Claims Adjusters, Examiners, and Investigators",1530,78620,77145,54096,90882
10,1,Capital Region,13-1041,Compliance Officers,1670,84392,79473,58029,97574
10,1,Capital Region,13-1051,Cost Estimators,660,86794,80717,56312,102035
10,1,Capital Region,13-1071,Human Resources Specialists,3020,80704,75480,53957,94079
10,1,Capital Region,13-1075,Labor Relations Specialists,650,108849,104363,64472,131038
10,1,Capital Region,13-1081,Logisticians,380,88190,82960,62704,100933
10,1,Capital Region,13-1082,Project Management Specialists,3460,111264,105311,70863,131465
10,1,Capital Region,13-1111,Management Analysts,3390,94085,83318,62153,110050
10,1,Capital Region,13-1121,"Meeting, Convention, and Event Planners",590,69088,61519,45175,81044
10,1,Capital Region,13-1131,Fundraisers,560,77724,69208,48416,92377
10,1,Capital Region,13-1141,"Compensation, Benefits, and Job Analysis Specialists",930,72392,66129,51035,83069
10,1,Capital Region,13-1151,Training and Development Specialists,1800,73652,70712,46544,87204
10,1,Capital Region,13-1161,Market Research Analysts and Marketing Specialists,2590,78727,70428,44065,96058
10,1,Capital Region,13-1199,"Business Operations Specialists, All Other",2880,87901,83112,56803,103450
10,1,Capital Region,13-2011,Accountants and Auditors,5380,95326,84765,62803,111588
10,1,Capital Region,13-2020,Appraisers and Assessors of Real Estate,220,78685,72596,50480,92788
10,1,Capital Region,13-2031,Budget Analysts,590,83443,82920,59884,95222
10,1,Capital Region,13-2041,Credit Analysts,140,100982,84194,62352,120298
10,1,Capital Region,13-2051,Financial Analysts,1100,103484,86055,62081,124185
10,1,Capital Region,13-2052,Personal Financial Advisors,850,167612,125030,60334,221251
10,1,Capital Region,13-2053,Insurance Underwriters,420,98057,94847,64860,114655
10,1,Capital Region,13-2054,Financial Risk Specialists,200,113373,107512,71864,134128
10,1,Capital Region,13-2061,Financial Examiners,280,86622,78000,58304,100782
10,1,Capital Region,13-2071,Credit Counselors,120,62676,59369,48251,69888
10,1,Capital Region,13-2072,Loan Officers,650,104065,80735,51195,130501
10,1,Capital Region,13-2081,"Tax Examiners and Collectors, and Revenue Agents",1110,67703,65881,48960,77075
10,1,Capital Region,13-2082,Tax Preparers,290,56981,53891,36205,67368
10,1,Capital Region,13-2099,"Financial Specialists, All Other",170,90081,76057,54739,107750
10,1,Capital Region,15-0000,Computer and Mathematical Occupations,15880,100562,92575,61682,120002
10,1,Capital Region,15-1211,Computer Systems Analysts,2940,91706,85299,67183,103969
10,1,Capital Region,15-1212,Information Security Analysts,460,111925,104635,73069,131354
10,1,Capital Region,15-1221,Computer and Information Research Scientists,140,186529,174722,119873,219858
10,1,Capital Region,15-1231,Computer Network Support Specialists,380,74544,69022,52511,85560
10,1,Capital Region,15-1232,Computer User Support Specialists,2150,63605,59650,44368,73223
10,1,Capital Region,15-1241,Computer Network Architects,440,121997,112201,80401,142795
10,1,Capital Region,15-1242,Database Administrators,450,104882,108083,71986,121331
10,1,Capital Region,15-1243,Database Architects,180,114322,102958,77453,132755
10,1,Capital Region,15-1244,Network and Computer Systems Administrators,1240,100170,98679,71856,114328
10,1,Capital Region,15-1251,Computer Programmers,1380,90348,85206,67973,101536
10,1,Capital Region,15-1252,Software Developers,3190,127563,120202,80233,151229
10,1,Capital Region,15-1253,Software Quality Assurance Analysts and Testers,470,100918,102645,65849,118453
10,1,Capital Region,15-1254,Web Developers,160,84937,78159,50501,102156
10,1,Capital Region,15-1255,Web and Digital Interface Designers,320,105086,97740,58242,128509
10,1,Capital Region,15-1299,"Computer Occupations, All Other",690,101170,91934,58170,122671
10,1,Capital Region,15-2011,Actuaries,160,116983,112222,74994,137979
10,1,Capital Region,15-2031,Operations Research Analysts,380,84778,84233,54853,99741
10,1,Capital Region,15-2041,Statisticians,160,146959,168751,82072,179403
10,1,Capital Region,15-2051,Data Scientists,600,115869,105862,70273,138667
10,1,Capital Region,17-0000,Architecture and Engineering Occupations,11550,106611,100676,66118,126856
10,1,Capital Region,17-1011,"Architects, Except Landscape and Naval",440,113476,100468,68600,135914
10,1,Capital Region,17-1012,Landscape Architects,100,88926,83350,60992,102892
10,1,Capital Region,17-1021,Cartographers and Photogrammetrists,,93349,91695,73253,103397
10,1,Capital Region,17-1022,Surveyors,140,86528,88383,59127,100229
10,1,Capital Region,17-2011,Aerospace Engineers,,139070,133034,94826,161192
10,1,Capital Region,17-2031,Biomedical Engineers,110,122468,120364,100379,133512
10,1,Capital Region,17-2041,Chemical Engineers,50,134884,128284,92602,156024
10,1,Capital Region,17-2051,Civil Engineers,1460,113250,103636,76980,131385
10,1,Capital Region,17-2071,Electrical Engineers,750,118048,106256,81811,136168
10,1,Capital Region,17-2072,"Electronics Engineers, Except Computer",310,135170,126800,99937,152786
10,1,Capital Region,17-2081,Environmental Engineers,470,100148,95631,69980,115231
10,1,Capital Region,17-2111,"Health and Safety Engineers, Except Mining Safety Engineers and Inspectors",170,110462,106147,76498,127444
10,1,Capital Region,17-2112,Industrial Engineers,1810,119888,108187,86688,136487
10,1,Capital Region,17-2121,Marine Engineers and Naval Architects,,110471,93163,89926,120743
10,1,Capital Region,17-2131,Materials Engineers,160,134754,133822,98473,152895
10,1,Capital Region,17-2141,Mechanical Engineers,1100,119487,111857,81781,138340
10,1,Capital Region,17-2199,"Engineers, All Other",680,129209,133884,88589,149519
10,1,Capital Region,17-3011,Architectural and Civil Drafters,300,70731,65172,50510,80842
10,1,Capital Region,17-3012,Electrical and Electronics Drafters,50,70341,65363,48004,81510
10,1,Capital Region,17-3013,Mechanical Drafters,170,74340,68991,54791,84116
10,1,Capital Region,17-3019,"Drafters, All Other",50,80539,78846,56658,92480
10,1,Capital Region,17-3022,Civil Engineering Technicians,180,67555,68338,46132,78268
10,1,Capital Region,17-3023,Electrical and Electronic Engineering Technicians,810,72074,64295,52442,81890
10,1,Capital Region,17-3024,Electro-Mechanical Technicians,,78086,76211,54498,89880
10,1,Capital Region,17-3025,Environmental Engineering Technicians,80,63495,62335,43424,73530
10,1,Capital Region,17-3026,Industrial Engineering Technicians,450,84128,84349,59599,96392
10,1,Capital Region,17-3027,Mechanical Engineering Technicians,250,78564,82087,54521,90585
10,1,Capital Region,17-3028,Calibration Technologists and Technicians,60,77127,80152,50745,90319
10,1,Capital Region,17-3029,"Engineering Technicians, Except Drafters, All Other",660,65534,51587,50942,72830
10,1,Capital Region,17-3031,Surveying and Mapping Technicians,120,69327,64213,49300,79341
10,1,Capital Region,19-0000,"Life, Physical, and Social Science Occupations",8260,89593,82325,54071,107354
10,1,Capital Region,19-1012,Food Scientists and Technologists,60,86191,81906,67031,95771
10,1,Capital Region,19-1021,Biochemists and Biophysicists,130,97625,84762,60208,116333
10,1,Capital Region,19-1022,Microbiologists,130,106142,109783,69832,124298
10,1,Capital Region,19-1023,Zoologists and Wildlife Biologists,80,85545,77958,63774,96430
10,1,Capital Region,19-1029,"Biological Scientists, All Other",190,88245,80891,66895,98919
10,1,Capital Region,19-1031,Conservation Scientists,50,95822,65690,44777,121345
10,1,Capital Region,19-1032,Foresters,,85691,82419,64290,96392
10,1,Capital Region,19-1041,Epidemiologists,,108895,94224,72548,127068
10,1,Capital Region,19-1042,"Medical Scientists, Except Epidemiologists",420,117373,107996,73442,139339
10,1,Capital Region,19-1099,"Life Scientists, All Other",60,80992,76263,57949,92513
10,1,Capital Region,19-2012,Physicists,80,168992,170926,121781,192598
10,1,Capital Region,19-2021,Atmospheric and Space Scientists,70,126236,131792,73442,152632
10,1,Capital Region,19-2031,Chemists,440,114915,105947,71358,136695
10,1,Capital Region,19-2032,Materials Scientists,210,135616,130405,95059,155895
10,1,Capital Region,19-2041,"Environmental Scientists and Specialists, Including Health",510,84752,78413,60597,96830
10,1,Capital Region,19-2042,"Geoscientists, Except Hydrologists and Geographers",130,109731,91226,66506,131344
10,1,Capital Region,19-2043,Hydrologists,,96938,98599,71097,109858
10,1,Capital Region,19-2099,"Physical Scientists, All Other",700,107059,100910,73727,123724
10,1,Capital Region,19-3011,Economists,70,103964,97086,68796,121547
10,1,Capital Region,19-3022,Survey Researchers,170,93679,89839,71986,104525
10,1,Capital Region,19-3033,Clinical and Counseling Psychologists,330,105923,100330,65377,126195
10,1,Capital Region,19-3034,School Psychologists,370,89057,79893,63366,101902
10,1,Capital Region,19-3039,"Psychologists, All Other",50,130068,135019,89907,150149
10,1,Capital Region,19-3051,Urban and Regional Planners,280,90576,82591,59053,106338
10,1,Capital Region,19-3091,Anthropologists and Archeologists,,53007,44867,37432,60796
10,1,Capital Region,19-3093,Historians,60,59428,53226,34874,71706
10,1,Capital Region,19-3094,Political Scientists,,88407,71892,62086,101568
10,1,Capital Region,19-3099,"Social Scientists and Related Workers, All Other",160,114303,98790,70934,135988
10,1,Capital Region,19-4012,Agricultural Technicians,,57589,54420,41657,65554
10,1,Capital Region,19-4021,Biological Technicians,850,68464,70765,47520,78937
10,1,Capital Region,19-4031,Chemical Technicians,360,64351,62596,47065,72993
10,1,Capital Region,19-4042,"Environmental Science and Protection Technicians, Including Health",190,68708,66604,44872,80626
10,1,Capital Region,19-4061,Social Science Research Assistants,240,49410,49395,33589,57321
10,1,Capital Region,19-4071,Forest and Conservation Technicians,,61273,57874,40205,71808
10,1,Capital Region,19-4092,Forensic Science Technicians,180,82985,84039,59255,94850
10,1,Capital Region,19-4099,"Life, Physical, and Social Science Technicians, All Other",690,58157,60369,39180,67646
10,1,Capital Region,19-5011,Occupational Health and Safety Specialists,630,93798,91121,67961,106717
10,1,Capital Region,19-5012,Occupational Health and Safety Technicians,80,64739,61833,47674,73272
10,1,Capital Region,21-0000,Community and Social Service Occupations,12680,65274,61158,42768,76527
10,1,Capital Region,21-1012,"Educational, Guidance, School, and Vocational Counselors",1410,70482,62984,50268,80589
10,1,Capital Region,21-1013,Marriage and Family Therapists,50,75512,84409,54641,85947
10,1,Capital Region,21-1015,Rehabilitation Counselors,190,57705,48833,38771,67171
10,1,Capital Region,21-1018,"Substance abuse, behavioral disorder, and mental health counselors?(OES-specific code and title)",1260,64550,58034,44220,74715
10,1,Capital Region,21-1021,"Child, Family, and School Social Workers",2230,71126,67038,52642,80367
10,1,Capital Region,21-1022,Healthcare Social Workers,1250,66849,63770,47934,76306
10,1,Capital Region,21-1023,Mental Health and Substance Abuse Social Workers,700,76064,73377,51497,88346
10,1,Capital Region,21-1029,"Social Workers, All Other",310,80631,80628,60738,90578
10,1,Capital Region,21-1091,Health Educators,330,68963,64136,39753,83568
10,1,Capital Region,21-1092,Probation Officers and Correctional Treatment Specialists,390,82048,81162,64707,90718
10,1,Capital Region,21-1093,Social and Human Service Assistants,2570,48302,46418,36051,54427
10,1,Capital Region,21-1094,Community Health Workers,380,64627,59700,41683,76099
10,1,Capital Region,21-1099,"Community and Social Service Specialists, All Other",630,72723,69265,55992,81088
10,1,Capital Region,21-2011,Clergy,570,65616,50063,37776,79535
10,1,Capital Region,21-2021,"Directors, Religious Activities and Education",320,61628,47230,36781,74050
10,1,Capital Region,21-2099,"Religious Workers, All Other",,41852,36919,32515,46522
10,1,Capital Region,23-0000,Legal Occupations,5840,119697,102996,60315,149389
10,1,Capital Region,23-1011,Lawyers,3590,142935,126757,83458,172673
10,1,Capital Region,23-1012,Judicial Law Clerks,100,117013,131249,57992,146524
10,1,Capital Region,23-1021,"Administrative Law Judges, Adjudicators, and Hearing Officers",220,105495,103789,67564,124461
10,1,Capital Region,23-1022,"Arbitrators, Mediators, and Conciliators",,116848,127972,88466,131038
10,1,Capital Region,23-1023,"Judges, Magistrate Judges, and Magistrates",240,157762,173109,88777,192255
10,1,Capital Region,23-2011,Paralegals and Legal Assistants,1280,63507,60734,47980,71271
10,1,Capital Region,23-2093,"Title Examiners, Abstractors, and Searchers",100,72446,63096,47006,85165
10,1,Capital Region,23-2099,"Legal Support Workers, All Other",270,72861,59639,43843,87370
10,1,Capital Region,25-0000,"Education, Training, and Library Occupations",38590,71451,62065,37194,88580
10,1,Capital Region,25-1011,"Business Teachers, Postsecondary",480,88574,83406,48392,108664
10,1,Capital Region,25-1021,"Computer Science Teachers, Postsecondary",270,122311,105797,67198,149867
10,1,Capital Region,25-1022,"Mathematical Science Teachers, Postsecondary",210,106039,84375,57864,130126
10,1,Capital Region,25-1042,"Biological Science Teachers, Postsecondary",350,113806,100165,63051,139184
10,1,Capital Region,25-1051,"Atmospheric, Earth, Marine, and Space Sciences Teachers, Postsecondary",150,78224,65637,44023,95324
10,1,Capital Region,25-1052,"Chemistry Teachers, Postsecondary",140,118041,98091,70183,141969
10,1,Capital Region,25-1053,"Environmental Science Teachers, Postsecondary",50,119380,103436,77261,140439
10,1,Capital Region,25-1054,"Physics Teachers, Postsecondary",110,126771,102356,70905,154704
10,1,Capital Region,25-1062,"Area, Ethnic, and Cultural Studies Teachers, Postsecondary",50,91273,81215,63792,105012
10,1,Capital Region,25-1063,"Economics Teachers, Postsecondary",100,135713,128031,89041,159048
10,1,Capital Region,25-1065,"Political Science Teachers, Postsecondary",90,104662,102872,72711,120639
10,1,Capital Region,25-1066,"Psychology Teachers, Postsecondary",190,99564,83803,68430,115131
10,1,Capital Region,25-1067,"Sociology Teachers, Postsecondary",60,101217,99338,68824,117413
10,1,Capital Region,25-1069,"Social Sciences Teachers, Postsecondary, All Other",200,68779,64528,42163,82088
10,1,Capital Region,25-1072,"Nursing Instructors and Teachers, Postsecondary",370,77538,68188,43769,94421
10,1,Capital Region,25-1081,"Education Teachers, Postsecondary",280,82932,79397,52571,98112
10,1,Capital Region,25-1111,"Criminal Justice and Law Enforcement Teachers, Postsecondary",60,92191,81658,64089,106242
10,1,Capital Region,25-1112,"Law Teachers, Postsecondary",50,112668,129158,47897,145053
10,1,Capital Region,25-1113,"Social Work Teachers, Postsecondary",100,95177,81414,70914,107309
10,1,Capital Region,25-1121,"Art, Drama, and Music Teachers, Postsecondary",550,113616,84064,56669,142090
10,1,Capital Region,25-1122,"Communications Teachers, Postsecondary",60,102740,81971,67631,120295
10,1,Capital Region,25-1123,"English Language and Literature Teachers, Postsecondary",250,89266,79115,55749,106024
10,1,Capital Region,25-1125,"History Teachers, Postsecondary",90,92948,84929,63419,107713
10,1,Capital Region,25-1126,"Philosophy and Religion Teachers, Postsecondary",90,105974,96432,69310,124306
10,1,Capital Region,25-1193,"Recreation and Fitness Studies Teachers, Postsecondary",,72376,81149,50691,83219
10,1,Capital Region,25-1194,"Vocational Education Teachers, Postsecondary",220,68351,61674,48687,78184
10,1,Capital Region,25-1199,"Postsecondary Teachers, All Other",260,89018,65717,48418,109318
10,1,Capital Region,25-2011,"Preschool Teachers, Except Special Education",1060,44076,38185,33950,49140
10,1,Capital Region,25-2012,"Kindergarten Teachers, Except Special Education",340,72110,63959,48120,84104
10,1,Capital Region,25-2021,"Elementary School Teachers, Except Special Education",4990,78078,79308,54057,90089
10,1,Capital Region,25-2022,"Middle School Teachers, Except Special and Career/Technical Education",2060,80038,79699,57645,91234
10,1,Capital Region,25-2023,"Career/Technical  Education Teachers, Middle School",120,81463,80252,60043,92174
10,1,Capital Region,25-2031,"Secondary School Teachers, Except Special and Career/Technical Education",3890,81330,80534,55766,94112
10,1,Capital Region,25-2032,"Career/Technical Education Teachers, Secondary School",720,79444,78972,56415,90959
10,1,Capital Region,25-2051,"Special Education Teachers, Preschool",220,64738,61769,47959,73128
10,1,Capital Region,25-2052,"Special Education Teachers, Kindergarten and Elementary School",970,76859,69888,56175,87200
10,1,Capital Region,25-2057,"Special Education Teachers, Middle School",400,80606,77451,60981,90417
10,1,Capital Region,25-2058,"Special Education Teachers, Secondary School",860,80213,78985,58808,90915
10,1,Capital Region,25-2059,"Special Education Teachers, All Other",90,85296,65514,46610,104639
10,1,Capital Region,25-3011,Adult Basic and Secondary Education and Literacy Teachers and Instructors,150,80173,77165,52881,93819
10,1,Capital Region,25-3021,Self-Enrichment Education Teachers,1380,61903,50830,36179,74765
10,1,Capital Region,25-3031,"Substitute Teachers, Short-Term",2830,48035,39596,33978,55064
10,1,Capital Region,25-3041,Tutors,420,47633,39092,32593,55153
10,1,Capital Region,25-3099,"Teachers and Instructors, All Other",110,75398,73188,55517,85339
10,1,Capital Region,25-4011,Archivists,,65145,63391,43160,76137
10,1,Capital Region,25-4012,Curators,100,76683,75943,47522,91264
10,1,Capital Region,25-4013,Museum Technicians and Conservators,80,69090,66440,54836,76218
10,1,Capital Region,25-4022,Librarians and Media Collections Specialists,740,71727,65717,53561,80809
10,1,Capital Region,25-4031,Library Technicians,250,42910,37520,32614,48060
10,1,Capital Region,25-9031,Instructional Coordinators,1320,83127,79394,56051,96666
10,1,Capital Region,25-9044,"Teaching Assistants, Postsecondary",740,48277,45336,37492,53670
10,1,Capital Region,25-9045,"Teaching Assistants, Except Postsecondary",8240,38476,36974,32240,41671
10,1,Capital Region,27-0000,"Arts, Design, Entertainment, Sports, and Media Occupations",7220,73621,61398,39569,90646
10,1,Capital Region,27-1011,Art Directors,100,123155,109180,74069,147699
10,1,Capital Region,27-1013,"Fine Artists, Including Painters, Sculptors, and Illustrators",70,79183,78197,51595,92977
10,1,Capital Region,27-1014,Multimedia Artists and Animators,,80845,66494,49693,96420
10,1,Capital Region,27-1021,Commercial and Industrial Designers,110,83555,74348,55828,97419
10,1,Capital Region,27-1022,Fashion Designers,50,94391,82939,57138,113017
10,1,Capital Region,27-1023,Floral Designers,130,42209,38553,36461,45082
10,1,Capital Region,27-1024,Graphic Designers,620,67697,61089,44682,79205
10,1,Capital Region,27-1025,Interior Designers,170,64325,62638,41411,75782
10,1,Capital Region,27-1026,Merchandise Displayers and Window Trimmers,660,44375,39098,36037,48544
10,1,Capital Region,27-1027,Set and Exhibit Designers,,83155,68916,55471,96997
10,1,Capital Region,27-1029,"Designers, All Other",,73924,66240,55170,83301
10,1,Capital Region,27-2012,Producers and Directors,470,99505,81028,49231,124643
10,1,Capital Region,27-2022,Coaches and Scouts,910,56643,46438,34103,67912
10,1,Capital Region,27-2023,"Umpires, Referees, and Other Sports Officials",,58447,38112,33769,70786
10,1,Capital Region,27-2041,Music Directors and Composers,110,98568,61401,41683,127010
10,1,Capital Region,27-3011,Radio and Television Announcers,80,65226,43251,35399,80139
10,1,Capital Region,27-3023,"News Analysts, Reporters, and Journalist",120,113544,64584,41264,149684
10,1,Capital Region,27-3031,Public Relations Specialists,1520,77381,65340,45919,93112
10,1,Capital Region,27-3041,Editors,310,84485,76020,53154,100150
10,1,Capital Region,27-3042,Technical Writers,130,99681,89795,65026,117009
10,1,Capital Region,27-3043,Writers and Authors,170,75467,63230,37704,94348
10,1,Capital Region,27-3091,Interpreters and Translators,150,76524,68009,58510,85530
10,1,Capital Region,27-3092,Court Reporters and Simultaneous Captioners,,96382,95734,69752,109697
10,1,Capital Region,27-3099,"Media and Communication Workers, All Other",60,66089,65433,48497,74884
10,1,Capital Region,27-4011,Audio and Video Equipment Technicians,230,60041,51179,39620,70251
10,1,Capital Region,27-4012,Broadcast Technicians,50,61338,63298,36949,73534
10,1,Capital Region,27-4014,Sound Engineering Technicians,60,77502,63526,38501,97001
10,1,Capital Region,27-4021,Photographers,170,53305,42885,35022,62447
10,1,Capital Region,27-4031,"Camera Operators, Television, Video, and Motion Picture",70,75810,64250,47408,90011
10,1,Capital Region,27-4032,Film and Video Editors,60,75972,65039,36833,95542
10,1,Capital Region,29-0000,Healthcare Practitioners and Technical Occupations,33560,104083,85357,54800,128724
10,1,Capital Region,29-1011,Chiropractors,70,77753,68109,41139,96061
10,1,Capital Region,29-1021,"Dentists, General",370,173225,164542,112732,203473
10,1,Capital Region,29-1029,"Dentists, All Other Specialists",,195910,184254,82633,252548
10,1,Capital Region,29-1031,Dietitians and Nutritionists,310,76509,77550,58479,85524
10,1,Capital Region,29-1041,Optometrists,110,154380,165342,104144,179497
10,1,Capital Region,29-1051,Pharmacists,1310,133292,136984,105747,147064
10,1,Capital Region,29-1071,Physician Assistants,800,135265,133871,104980,150406
10,1,Capital Region,29-1122,Occupational Therapists,640,87666,86202,64809,99096
10,1,Capital Region,29-1123,Physical Therapists,920,92162,93134,71160,102663
10,1,Capital Region,29-1124,Radiation Therapists,,109242,103908,83610,122058
10,1,Capital Region,29-1125,Recreational Therapists,,64636,61370,47388,73259
10,1,Capital Region,29-1126,Respiratory Therapists,350,88497,84230,76084,94705
10,1,Capital Region,29-1127,Speech-Language Pathologists,850,90442,84583,63542,103892
10,1,Capital Region,29-1128,Exercise Physiologists,,60078,60830,48711,65762
10,1,Capital Region,29-1129,"Therapists, All Other",,62944,58246,51158,68838
10,1,Capital Region,29-1131,Veterinarians,280,146110,134516,90661,173834
10,1,Capital Region,29-1141,Registered Nurses,11450,98669,94879,75768,110120
10,1,Capital Region,29-1151,Nurse Anesthetists,210,327997,,237876,
10,1,Capital Region,29-1161,Nurse Midwives,,142430,141610,118010,154641
10,1,Capital Region,29-1171,Nurse Practitioners,920,134956,132892,104614,150127
10,1,Capital Region,29-1181,Audiologists,70,91501,83783,76615,98944
10,1,Capital Region,29-1211,Anesthesiologists,280,419036,,323190,
10,1,Capital Region,29-1212,Cardiologists,110,399498,,173550,
10,1,Capital Region,29-1213,Dermatologists,80,310240,197208,184338,373192
10,1,Capital Region,29-1215,Family Medicine Physicians,210,221791,219817,125540,269917
10,1,Capital Region,29-1216,General Internal Medicine Physicians,440,210071,196331,79535,275339
10,1,Capital Region,29-1218,Obstetricians and Gynecologists,100,260711,,97404,
10,1,Capital Region,29-1221,"Pediatricians, General",180,175265,160912,75003,225396
10,1,Capital Region,29-1223,Psychiatrists,130,215056,201524,74504,285332
10,1,Capital Region,29-1229,"Physicians, All Other",540,273166,,152965,
10,1,Capital Region,29-1241,"Ophthalmologists, Except Pediatric",100,261592,230442,149391,317694
10,1,Capital Region,29-1292,Dental Hygienists,800,89203,86367,79437,94086
10,1,Capital Region,29-1299,"Healthcare Diagnosing or Treating Practitioners, All Other",50,109734,92041,78043,125580
10,1,Capital Region,29-2010,Clinical Laboratory Technologists and Technicians,940,76678,80092,46713,91660
10,1,Capital Region,29-2031,Cardiovascular Technologists and Technicians,210,68375,68785,41090,82018
10,1,Capital Region,29-2032,Diagnostic Medical Sonographers,370,93194,93153,79653,99964
10,1,Capital Region,29-2033,Nuclear Medicine Technologists,,101268,107444,78943,112432
10,1,Capital Region,29-2034,Radiologic Technologists,800,81364,84033,59463,92313
10,1,Capital Region,29-2035,Magnetic Resonance Imaging Technologists,230,88743,88179,69060,98584
10,1,Capital Region,29-2036,Medical Dosimetrists,,156113,138038,132623,167859
10,1,Capital Region,29-2042,Emergency Medical Technicians,1010,42870,42126,38274,45169
10,1,Capital Region,29-2043,Paramedics,560,61127,59695,53065,65158
10,1,Capital Region,29-2051,Dietetic Technicians,50,48219,45659,34929,54864
10,1,Capital Region,29-2052,Pharmacy Technicians,1500,42777,39350,35835,46247
10,1,Capital Region,29-2053,Psychiatric Technicians,,45594,42093,40106,48338
10,1,Capital Region,29-2055,Surgical Technologists,300,60459,62775,45800,67788
10,1,Capital Region,29-2056,Veterinary Technologists and Technicians,500,58214,59204,47589,63527
10,1,Capital Region,29-2057,Ophthalmic Medical Technicians,,49780,50045,39807,54766
10,1,Capital Region,29-2061,Licensed Practical and Licensed Vocational Nurses,2640,62244,61542,52331,67201
10,1,Capital Region,29-2072,Medical Records Specialists,580,59573,55360,42958,67881
10,1,Capital Region,29-2081,"Opticians, Dispensing",260,63563,62987,48689,71000
10,1,Capital Region,29-2091,Orthotists and Prosthetists,,72088,69458,46692,84786
10,1,Capital Region,29-2092,Hearing Aid Specialists,,64345,54388,45238,73899
10,1,Capital Region,29-2099,"Health Technologists and Technicians, All Other",420,56618,47812,39421,65217
10,1,Capital Region,29-9021,Health Information Technologists and Medical Registrars,60,78360,67275,46426,94328
10,1,Capital Region,29-9091,Athletic Trainers,90,66829,60345,50515,74986
10,1,Capital Region,31-0000,Healthcare Support Occupations,23190,43739,40078,35063,48077
10,1,Capital Region,31-1120,Home Health & Personal Care Aides,12860,42717,38163,34146,47002
10,1,Capital Region,31-1131,Nursing Assistants,4810,41967,40991,36367,44768
10,1,Capital Region,31-1132,Orderlies,160,37160,35503,33141,39169
10,1,Capital Region,31-1133,Psychiatric Aides,170,48827,46132,40931,52776
10,1,Capital Region,31-2011,Occupational Therapy Assistants,150,61866,62920,48082,68758
10,1,Capital Region,31-2021,Physical Therapist Assistants,180,67746,64152,56009,73614
10,1,Capital Region,31-2022,Physical Therapist Aides,80,39090,37265,32240,42590
10,1,Capital Region,31-9011,Massage Therapists,240,61183,55005,38001,72775
10,1,Capital Region,31-9091,Dental Assistants,1060,50253,48748,43560,53601
10,1,Capital Region,31-9092,Medical Assistants,1770,44876,43068,38558,48035
10,1,Capital Region,31-9093,Medical Equipment Preparers,310,44388,41285,37044,48060
10,1,Capital Region,31-9094,Medical Transcriptionists,130,44800,43614,33045,50678
10,1,Capital Region,31-9095,Pharmacy Aides,210,37598,36385,33936,39430
10,1,Capital Region,31-9096,Veterinary Assistants and Laboratory Animal Caretakers,510,44490,40258,37157,48156
10,1,Capital Region,31-9097,Phlebotomists,270,45642,46869,38219,49353
10,1,Capital Region,31-9099,"Healthcare Support Workers, All Other",290,51667,50421,38849,58075
10,1,Capital Region,33-0000,Protective Service Occupations,13280,68258,63425,39968,82403
10,1,Capital Region,33-1011,First-Line Supervisors of Correctional Officers,360,92664,88164,78674,99659
10,1,Capital Region,33-1012,First-Line Supervisors of Police and Detectives,730,118568,121509,87492,134106
10,1,Capital Region,33-1021,First-Line Supervisors of Fire Fighting and Prevention Workers,250,93209,85725,69180,105223
10,1,Capital Region,33-1091,First-Line Supervisors of Security Workers,180,67280,63377,48533,76653
10,1,Capital Region,33-1099,"First-Line Supervisors of Protective Service Workers, All Other",90,84224,87041,57909,97381
10,1,Capital Region,33-2011,Firefighters,600,74020,75211,52468,84796
10,1,Capital Region,33-2021,Fire Inspectors and Investigators,100,77799,82519,52901,90247
10,1,Capital Region,33-3011,Bailiffs,220,77403,79032,54042,89084
10,1,Capital Region,33-3012,Correctional Officers and Jailers,2410,68442,69088,57273,74025
10,1,Capital Region,33-3021,Detectives and Criminal Investigators,940,100752,108206,70212,116022
10,1,Capital Region,33-3031,Fish and Game Wardens,60,81913,82646,69258,88242
10,1,Capital Region,33-3041,Parking Enforcement Workers,,49654,48210,39919,54521
10,1,Capital Region,33-3051,Police and Sheriff's Patrol Officers,2500,78260,79578,55924,89429
10,1,Capital Region,33-9011,Animal Control Workers,100,60220,50998,39424,70617
10,1,Capital Region,33-9021,Private Detectives and Investigators,80,60822,48213,41090,70688
10,1,Capital Region,33-9032,Security Guards,2620,45457,43661,35880,50245
10,1,Capital Region,33-9091,Crossing Guards,250,50191,38794,34231,58170
10,1,Capital Region,33-9092,"Lifeguards, Ski Patrol, and Other Recreational Protective Service",550,34603,33869,32272,35769
10,1,Capital Region,33-9094,School Bus Monitors,980,37480,35734,32531,39955
10,1,Capital Region,33-9099,"Protective Service Workers, All Other",90,65203,61483,43856,75875
10,1,Capital Region,35-0000,Food Preparation and Serving Related Occupations,39950,43728,37067,32787,49197
10,1,Capital Region,35-1011,Chefs and Head Cooks,610,68582,62820,47497,79124
10,1,Capital Region,35-1012,First-Line Supervisors of Food Preparation and Serving Workers,3230,49261,46041,36813,55485
10,1,Capital Region,35-2011,"Cooks, Fast Food",1620,33960,32240,32240,34897
10,1,Capital Region,35-2012,"Cooks, Institution and Cafeteria",1110,43668,41902,36392,47306
10,1,Capital Region,35-2014,"Cooks, Restaurant",3630,41768,39384,35668,44817
10,1,Capital Region,35-2015,"Cooks, Short Order",1010,38495,37477,32643,41421
10,1,Capital Region,35-2019,"Cooks, All Other",,38613,36675,33338,41251
10,1,Capital Region,35-2021,Food Preparation Workers,2350,36963,35939,32240,39363
10,1,Capital Region,35-3011,Bartenders,2510,56188,50292,34304,67130
10,1,Capital Region,35-3023,Fast Food and Counter Workers,9550,35859,35146,32320,37628
10,1,Capital Region,35-3031,Waiters and Waitresses,7760,55478,48131,33504,66463
10,1,Capital Region,35-3041,"Food Servers, Nonrestaurant",1080,38055,35788,33268,40448
10,1,Capital Region,35-9011,Dining Room and Cafeteria Attendants and Bartender Helpers,2470,40238,36268,32773,43972
10,1,Capital Region,35-9021,Dishwashers,1800,34920,33690,32240,36338
10,1,Capital Region,35-9031,"Hosts and Hostesses, Restaurant, Lounge, and Coffee Shop",1180,39087,36254,32692,42285
10,1,Capital Region,37-0000,Building and Grounds Cleaning and Maintenance Occupations,17570,42523,38562,33868,46849
10,1,Capital Region,37-1011,First-Line Supervisors of Housekeeping and Janitorial Workers,690,56583,56739,42302,63724
10,1,Capital Region,37-1012,"First-Line Supervisors of Landscaping, Lawn Service, and Groundskeeping Workers",410,60828,56033,46660,67911
10,1,Capital Region,37-2011,"Janitors and Cleaners, Except Maids and Housekeeping Cleaners",10010,40482,37695,33635,43906
10,1,Capital Region,37-2012,Maids and Housekeeping Cleaners,2520,39869,35826,32647,43480
10,1,Capital Region,37-2021,Pest Control Workers,270,48507,46105,39192,53165
10,1,Capital Region,37-3011,Landscaping and Groundskeeping Workers,3500,43804,40438,35767,47822
10,1,Capital Region,37-3012,"Pesticide Handlers, Sprayers, and Applicators, Vegetation",,57819,59978,46049,63705
10,1,Capital Region,37-3013,Tree Trimmers and Pruners,120,65946,59821,45490,76174
10,1,Capital Region,39-0000,Personal Care and Service Occupations,10690,41384,36210,32325,45914
10,1,Capital Region,39-1014,"First-Line Supervisors of Entertainment and Recreation Workers, Except Gambling Services",180,53082,47061,39799,59724
10,1,Capital Region,39-1022,First-Line Supervisors of Personal Service Workers,450,57484,57199,39710,66371
10,1,Capital Region,39-2011,Animal Trainers,90,50865,39925,34395,59101
10,1,Capital Region,39-2021,Nonfarm Animal Caretakers,990,38529,36472,32468,41560
10,1,Capital Region,39-3031,"Ushers, Lobby Attendants, and Ticket Takers",260,35826,33805,32259,37611
10,1,Capital Region,39-3091,Amusement and Recreation Attendants,1200,35628,32603,32240,37399
10,1,Capital Region,39-3093,"Locker Room, Coatroom, and Dressing Room Attendants",,35348,32240,32240,36978
10,1,Capital Region,39-4021,Funeral Attendants,90,39198,37919,33900,41847
10,1,Capital Region,39-4031,"Morticians, Undertakers, and Funeral Directors",100,61936,62042,42839,71485
10,1,Capital Region,39-5011,Barbers,60,47175,35522,32240,54719
10,1,Capital Region,39-5012,"Hairdressers, Hairstylists, and Cosmetologists",750,43550,34547,32240,49280
10,1,Capital Region,39-5092,Manicurists and Pedicurists,690,34854,32240,32240,36237
10,1,Capital Region,39-5094,Skincare Specialists,210,50682,41757,34862,58593
10,1,Capital Region,39-6011,Baggage Porters and Bellhops,90,44645,41670,33911,50012
10,1,Capital Region,39-6012,Concierges,140,42802,41055,33923,47242
10,1,Capital Region,39-7010,Tour and Travel Guides,80,40286,37442,32809,44025
10,1,Capital Region,39-9011,Childcare Workers,2590,37672,36134,32691,40163
10,1,Capital Region,39-9031,Fitness Trainers and Aerobics Instructors,860,48099,38577,32711,55792
10,1,Capital Region,39-9032,Recreation Workers,960,40744,35678,32410,44912
10,1,Capital Region,39-9041,Residential Advisors,400,45504,44091,36036,50238
10,1,Capital Region,39-9099,"Personal Care and Service Workers, All Other",,51856,50852,41087,57240
10,1,Capital Region,41-0000,Sales and Related Occupations,42230,55052,37796,32959,66099
10,1,Capital Region,41-1011,First-Line Supervisors of Retail Sales Workers,3720,59878,57714,40190,69722
10,1,Capital Region,41-1012,First-Line Supervisors of Non-Retail Sales Workers,760,109460,98477,67988,130195
10,1,Capital Region,41-2011,Cashiers,10610,34595,33893,32240,35898
10,1,Capital Region,41-2012,Gaming Change Persons and Booth Cashiers,60,44623,47424,34835,49517
10,1,Capital Region,41-2021,Counter and Rental Clerks,1410,48875,41390,34660,55983
10,1,Capital Region,41-2022,Parts Salespersons,590,49406,46902,35879,56170
10,1,Capital Region,41-2031,Retail Salespersons,14290,40905,35682,32380,45166
10,1,Capital Region,41-3011,Advertising Sales Agents,360,113658,76159,44606,148184
10,1,Capital Region,41-3021,Insurance Sales Agents,1210,111139,76338,48983,142217
10,1,Capital Region,41-3031,"Securities, Commodities, and Financial Services Sales Agents",1210,111027,79342,53525,139778
10,1,Capital Region,41-3041,Travel Agents,90,48787,47281,37968,54196
10,1,Capital Region,41-3091,"Sales Representatives of Services, Except Advertising, Insurance, Financial Services, and Travel",3200,80307,67418,43366,98778
10,1,Capital Region,41-4011,"Sales Representatives, Wholesale and Manufacturing, Technical and Scientific Products",400,118219,109471,69403,142627
10,1,Capital Region,41-4012,"Sales Representatives, Wholesale and Manufacturing, Except Technical and Scientific Products",3480,82929,69236,49607,99590
10,1,Capital Region,41-9011,Demonstrators and Product Promoters,70,46207,41294,34161,52230
10,1,Capital Region,41-9012,Models,,57424,54739,42213,65030
10,1,Capital Region,41-9021,Real Estate Brokers,,94616,72581,56779,113535
10,1,Capital Region,41-9022,Real Estate Sales Agents,340,83033,80584,39216,104941
10,1,Capital Region,41-9031,Sales Engineers,130,108427,102083,72334,126474
10,1,Capital Region,41-9041,Telemarketers,60,40253,36156,33181,43789
10,1,Capital Region,41-9099,"Sales and Related Workers, All Other",180,43667,36287,33698,48653
10,1,Capital Region,43-0000,Office and Administrative Support Occupations,69300,53001,48745,37791,60607
10,1,Capital Region,43-1011,First-Line Supervisors of Office and Administrative Support Workers,4850,75848,70451,51805,87870
10,1,Capital Region,43-2011,"Switchboard Operators, Including Answering Service",130,40719,39309,35566,43297
10,1,Capital Region,43-2021,Telephone Operators,,58362,47714,40283,67402
10,1,Capital Region,43-3011,Bill and Account Collectors,330,52241,47709,38736,58994
10,1,Capital Region,43-3021,Billing and Posting Clerks,1450,51620,48799,41487,56687
10,1,Capital Region,43-3031,"Bookkeeping, Accounting, and Auditing Clerks",5240,53968,51268,40544,60679
10,1,Capital Region,43-3051,Payroll and Timekeeping Clerks,650,57461,56195,42782,64801
10,1,Capital Region,43-3061,Procurement Clerks,190,54878,51560,41898,61368
10,1,Capital Region,43-3071,Tellers,1230,41547,39686,37628,43506
10,1,Capital Region,43-3099,"Financial Clerks, All Other",140,42992,36268,36268,46355
10,1,Capital Region,43-4011,Brokerage Clerks,130,63511,60721,43271,73631
10,1,Capital Region,43-4021,Correspondence Clerks,,49558,52002,37643,55516
10,1,Capital Region,43-4031,"Court, Municipal, and License Clerks",1310,51166,46921,38808,57345
10,1,Capital Region,43-4041,"Credit Authorizers, Checkers, and Clerks",,53364,49387,41834,59129
10,1,Capital Region,43-4051,Customer Service Representatives,9730,49007,46297,36660,55181
10,1,Capital Region,43-4061,"Eligibility Interviewers, Government Programs",470,57027,53047,47159,61960
10,1,Capital Region,43-4071,File Clerks,250,42726,41101,32947,47616
10,1,Capital Region,43-4081,"Hotel, Motel, and Resort Desk Clerks",900,40714,36389,34042,44051
10,1,Capital Region,43-4111,"Interviewers, Except Eligibility and Loan",720,45115,42799,38420,48464
10,1,Capital Region,43-4121,"Library Assistants, Clerical",650,40154,39040,33192,43635
10,1,Capital Region,43-4131,Loan Interviewers and Clerks,480,53219,50216,42536,58561
10,1,Capital Region,43-4141,New Accounts Clerks,360,49760,47629,43196,53042
10,1,Capital Region,43-4151,Order Clerks,210,49785,47901,39247,55054
10,1,Capital Region,43-4161,"Human Resources Assistants, Except Payroll and Timekeeping",840,53235,53211,40716,59495
10,1,Capital Region,43-4171,Receptionists and Information Clerks,3690,41874,40453,34831,45395
10,1,Capital Region,43-4181,Reservation and Transportation Ticket Agents and Travel Clerks,170,47037,37456,33303,53904
10,1,Capital Region,43-4199,"Information and Record Clerks, All Other",310,49247,47770,41116,53313
10,1,Capital Region,43-5011,Cargo and Freight Agents,140,62410,55678,40018,73605
10,1,Capital Region,43-5021,Couriers and Messengers,270,40125,37812,34323,43025
10,1,Capital Region,43-5031,"Police, Fire, and Ambulance Dispatchers",420,60741,61802,47203,67509
10,1,Capital Region,43-5032,"Dispatchers, Except Police, Fire, and Ambulance",450,52460,49263,35541,60919
10,1,Capital Region,43-5041,"Meter Readers, Utilities",,58714,57093,48380,63881
10,1,Capital Region,43-5051,Postal Service Clerks,380,61884,62957,48760,68446
10,1,Capital Region,43-5052,Postal Service Mail Carriers,1160,62437,59643,46481,70416
10,1,Capital Region,43-5053,"Postal Service Mail Sorters, Processors, and Processing Machine Operators",650,58425,57519,46034,64620
10,1,Capital Region,43-5061,"Production, Planning, and Expediting Clerks",2340,57706,53675,39806,66655
10,1,Capital Region,43-5071,"Shipping, Receiving, and Traffic Clerks",2220,48345,46098,36303,54366
10,1,Capital Region,43-5111,"Weighers, Measurers, Checkers, and Samplers, Recordkeeping",150,51713,51569,40820,57160
10,1,Capital Region,43-6011,Executive Secretaries and Executive Administrative Assistants,3510,76733,73963,57663,86267
10,1,Capital Region,43-6012,Legal Secretaries,540,57826,52632,41105,66187
10,1,Capital Region,43-6013,Medical Secretaries,1820,45672,45090,38078,49470
10,1,Capital Region,43-6014,"Secretaries and Administrative Assistants, Except Legal, Medical, and Executive",8970,50600,48991,38770,56514
10,1,Capital Region,43-9021,Data Entry Keyers,540,42655,39973,33213,47376
10,1,Capital Region,43-9022,Word Processors and Typists,1080,46921,45177,36583,52090
10,1,Capital Region,43-9041,Insurance Claims and Policy Processing Clerks,800,55869,50943,45772,60917
10,1,Capital Region,43-9051,"Mail Clerks and Mail Machine Operators, Except Postal Service",490,42553,42402,33745,46958
10,1,Capital Region,43-9061,"Office Clerks, General",8320,47810,44488,35656,53887
10,1,Capital Region,43-9071,"Office Machine Operators, Except Computer",100,43844,40931,33856,48840
10,1,Capital Region,43-9081,Proofreaders and Copy Markers,50,45911,44967,35547,51093
10,1,Capital Region,43-9111,Statistical Assistants,50,58038,59259,40950,66582
10,1,Capital Region,43-9199,"Office and Administrative Support Workers, All Other",200,53071,52113,38512,60349
10,1,Capital Region,45-0000,"Farming, Fishing, and Forestry Occupations",440,49225,43561,35259,56208
10,1,Capital Region,45-1011,"First-Line Supervisors of Farming, Fishing, and Forestry Workers",,67977,62393,52470,75730
10,1,Capital Region,45-2011,Agricultural Inspectors,,81578,82596,57934,93400
10,1,Capital Region,45-2092,"Farmworkers and Laborers, Crop, Nursery, and Greenhouse",250,41150,38340,34437,44507
10,1,Capital Region,45-2093,"Farmworkers, Farm, Ranch, and Aquacultural Animals",,43736,37973,35565,47822
10,1,Capital Region,45-4022,Logging Equipment Operators,50,54961,56287,37614,63634
10,1,Capital Region,47-0000,Construction and Extraction Occupations,19720,70186,62862,45487,82536
10,1,Capital Region,47-1011,Supervisors of Construction and Extraction Workers,2230,89032,83447,59060,104018
10,1,Capital Region,47-2021,Brickmasons and Blockmasons,70,70726,74620,49392,81393
10,1,Capital Region,47-2022,Stonemasons,,63455,52956,43974,73195
10,1,Capital Region,47-2031,Carpenters,2670,66548,61916,46835,76405
10,1,Capital Region,47-2041,Carpet Installers,,58289,53051,44554,65158
10,1,Capital Region,47-2042,"Floor Layers, Except Carpet, Wood, and Hard Tiles",70,58836,51206,47844,64332
10,1,Capital Region,47-2044,Tile and Marble Setters,190,64953,62180,41726,76566
10,1,Capital Region,47-2051,Cement Masons and Concrete Finishers,380,63629,61597,45487,72700
10,1,Capital Region,47-2053,Terrazzo Workers and Finishers,,60571,62922,52834,64439
10,1,Capital Region,47-2061,Construction Laborers,3100,59584,51084,41172,68790
10,1,Capital Region,47-2071,"Paving, Surfacing, and Tamping Equipment Operators",220,62084,53823,47398,69426
10,1,Capital Region,47-2073,Operating Engineers and Other Construction Equipment Operators,1340,83707,70180,52383,99368
10,1,Capital Region,47-2081,Drywall and Ceiling Tile Installers,160,64252,58705,46548,73102
10,1,Capital Region,47-2082,Tapers,,69024,72209,58583,74244
10,1,Capital Region,47-2111,Electricians,1960,76536,72497,50700,89455
10,1,Capital Region,47-2121,Glaziers,90,62908,61573,43096,72814
10,1,Capital Region,47-2131,"Insulation Workers, Floor, Ceiling, and Wall",130,78208,66975,48606,93009
10,1,Capital Region,47-2132,"Insulation Workers, Mechanical",110,67542,60502,48504,77060
10,1,Capital Region,47-2141,"Painters, Construction and Maintenance",570,53556,49246,40023,60324
10,1,Capital Region,47-2151,Pipelayers,,82826,84702,65762,91358
10,1,Capital Region,47-2152,"Plumbers, Pipefitters, and Steamfitters",1470,83552,83065,51224,99715
10,1,Capital Region,47-2181,Roofers,420,75072,66011,47395,88910
10,1,Capital Region,47-2211,Sheet Metal Workers,290,73013,70454,53234,82902
10,1,Capital Region,47-2221,Structural Iron and Steel Workers,160,82731,76817,59156,94519
10,1,Capital Region,47-2231,Solar Photovoltaic Installers,90,54350,51297,43865,59593
10,1,Capital Region,47-3012,Helpers--Carpenters,110,41971,41595,36330,44793
10,1,Capital Region,47-3013,Helpers--Electricians,80,44290,43190,37515,47676
10,1,Capital Region,47-3015,"Helpers--Pipelayers, Plumbers, Pipefitters, and Steamfitters",90,47517,43908,34709,53922
10,1,Capital Region,47-3019,"Helpers, Construction Trades, All Other",50,57540,49371,42569,65026
10,1,Capital Region,47-4011,Construction and Building Inspectors,610,73284,68713,49649,85101
10,1,Capital Region,47-4021,Elevator Installers and Repairers,170,105135,108055,70802,122301
10,1,Capital Region,47-4041,Hazardous Materials Removal Workers,310,63129,58685,46827,71279
10,1,Capital Region,47-4051,Highway Maintenance Workers,1590,54830,53243,45462,59513
10,1,Capital Region,47-4071,Septic Tank Servicers and Sewer Pipe Cleaners,170,54647,52566,41082,61429
10,1,Capital Region,47-4090,Miscellaneous Construction and Related Workers,50,49984,49500,38697,55628
10,1,Capital Region,47-5022,"Excavating and Loading Machine and Dragline Operators, Surface Mining",250,57163,52797,45772,62859
10,1,Capital Region,47-5023,"Earth Drillers, Except Oil and Gas",,76797,69198,54603,87893
10,1,Capital Region,49-0000,"Installation, Maintenance, and Repair Occupations",20370,63976,60387,42037,74946
10,1,Capital Region,49-1011,"First-Line Supervisors of Mechanics, Installers, and Repairers",1910,87313,81554,57210,102365
10,1,Capital Region,49-2011,"Computer, Automated Teller, and Office Machine Repairers",300,54889,53337,40674,61996
10,1,Capital Region,49-2021,"Radio, Cellular, and Tower Equipment Installers and Repairers",,70971,66391,51487,80714
10,1,Capital Region,49-2022,"Telecommunications Equipment Installers and Repairers, Except Line Installers",410,74814,68859,47355,88543
10,1,Capital Region,49-2092,"Electric Motor, Power Tool, and Related Repairers",50,60917,60246,47832,67460
10,1,Capital Region,49-2094,"Electrical and Electronics Repairers, Commercial and Industrial Equipment",160,76750,76001,60128,85061
10,1,Capital Region,49-2095,"Electrical and Electronics Repairers, Powerhouse, Substation, and Relay",60,107572,104732,83431,119642
10,1,Capital Region,49-2096,"Electronic Equipment Installers and Repairers, Motor Vehicles",,51480,48224,39232,57602
10,1,Capital Region,49-2097,Electronic Home Entertainment Equipment Installers and Repairers,,49084,42500,39430,53909
10,1,Capital Region,49-2098,Security and Fire Alarm Systems Installers,270,63160,62951,46860,71310
10,1,Capital Region,49-3011,Aircraft Mechanics and Service Technicians,80,85628,79757,62973,96956
10,1,Capital Region,49-3021,Automotive Body and Related Repairers,580,55008,49876,39484,62770
10,1,Capital Region,49-3022,Automotive Glass Installers and Repairers,70,54558,53473,42444,60614
10,1,Capital Region,49-3023,Automotive Service Technicians and Mechanics,2640,56803,54683,40310,65050
10,1,Capital Region,49-3031,Bus and Truck Mechanics and Diesel Engine Specialists,1030,65250,63769,48974,73389
10,1,Capital Region,49-3041,Farm Equipment Mechanics and Service Technicians,,57391,59309,46296,62937
10,1,Capital Region,49-3042,"Mobile Heavy Equipment Mechanics, Except Engines",410,71872,69127,56630,79493
10,1,Capital Region,49-3051,Motorboat Mechanics and Service Technicians,110,56414,55154,45845,61699
10,1,Capital Region,49-3052,Motorcycle Mechanics,60,52417,50580,38517,59368
10,1,Capital Region,49-3053,Outdoor Power Equipment and Other Small Engine Mechanics,180,50427,49101,38084,56599
10,1,Capital Region,49-3091,Bicycle Repairers,,42077,44165,38177,44026
10,1,Capital Region,49-3092,Recreational Vehicle Service Technicians,50,52463,51478,43314,57037
10,1,Capital Region,49-3093,Tire Repairers and Changers,110,40223,38564,34444,43112
10,1,Capital Region,49-9012,"Control and Valve Installers and Repairers, Except Mechanical Door",230,93864,100350,65286,108154
10,1,Capital Region,49-9021,"Heating, Air Conditioning, and Refrigeration Mechanics and Installers",1660,67241,64032,48113,76805
10,1,Capital Region,49-9031,Home Appliance Repairers,50,53368,57231,35346,62379
10,1,Capital Region,49-9041,Industrial Machinery Mechanics,1020,72456,70463,55585,80892
10,1,Capital Region,49-9043,"Maintenance Workers, Machinery",180,59216,58760,42568,67539
10,1,Capital Region,49-9044,Millwrights,70,75313,71675,58770,83584
10,1,Capital Region,49-9051,Electrical Power-Line Installers and Repairers,460,101826,108228,61388,122045
10,1,Capital Region,49-9052,Telecommunications Line Installers and Repairers,660,82432,88636,52156,97571
10,1,Capital Region,49-9062,Medical Equipment Repairers,150,60896,60328,45101,68793
10,1,Capital Region,49-9063,Musical Instrument Repairers and Tuners,,46151,42060,37307,50573
10,1,Capital Region,49-9069,"Precision Instrument and Equipment Repairers, All Other",,74605,72969,57903,82955
10,1,Capital Region,49-9071,"Maintenance and Repair Workers, General",6390,53733,49605,38394,61402
10,1,Capital Region,49-9081,Wind Turbine Service Technicians,,76341,74997,59075,84974
10,1,Capital Region,49-9091,"Coin, Vending, and Amusement Machine Servicers and Repairers",80,54564,52069,41755,60967
10,1,Capital Region,49-9094,Locksmiths and Safe Repairers,70,54198,48762,36811,62891
10,1,Capital Region,49-9098,"Helpers--Installation, Maintenance, and Repair Workers",300,45610,44453,34709,51062
10,1,Capital Region,49-9099,"Installation, Maintenance, and Repair Workers, All Other",230,55821,50118,40223,63620
10,1,Capital Region,51-0000,Production Occupations,21200,57007,51286,38003,66509
10,1,Capital Region,51-1011,First-Line Supervisors of Production and Operating Workers,1790,85591,82956,57193,99790
10,1,Capital Region,51-2021,"Coil Winders, Tapers, and Finishers",290,69348,61468,57314,75365
10,1,Capital Region,51-2028,"Electrical, electronic, and electromechanical assemblers, except coil winders, tapers, and finishers?(OES-specific code and title)",1050,48376,47763,39622,52751
10,1,Capital Region,51-2031,Engine and Other Machine Assemblers,130,72516,56933,50621,83464
10,1,Capital Region,51-2041,Structural Metal Fabricators and Fitters,150,52980,50963,41527,58706
10,1,Capital Region,51-2090,Miscellaneous Assemblers and Fabricators,2480,44213,39901,36534,48053
10,1,Capital Region,51-3011,Bakers,650,41438,38693,34481,44917
10,1,Capital Region,51-3021,Butchers and Meat Cutters,370,46722,47461,35140,52513
10,1,Capital Region,51-3022,"Meat, Poultry, and Fish Cutters and Trimmers",140,38075,35607,32240,41006
10,1,Capital Region,51-3023,Slaughterers and Meat Packers,60,37566,35389,33107,39797
10,1,Capital Region,51-3091,"Food and Tobacco Roasting, Baking, and Drying Machine Operators and Tenders",110,44741,49014,35448,49387
10,1,Capital Region,51-3092,Food Batchmakers,240,42524,39360,35476,46048
10,1,Capital Region,51-3099,"Food Processing Workers, All Other",,42560,42085,37660,45011
10,1,Capital Region,51-4021,"Extruding and Drawing Machine Setters, Operators, and Tenders, Metal and Plastic",230,52482,50127,47410,55018
10,1,Capital Region,51-4031,"Cutting, Punching, and Press Machine Setters, Operators, and Tenders, Metal and Plastic",200,54251,53796,38774,61990
10,1,Capital Region,51-4033,"Grinding, Lapping, Polishing, and Buffing Machine Tool Setters, Operators, and Tenders, Metal and Plastic",80,45750,46101,36823,50213
10,1,Capital Region,51-4034,"Lathe and Turning Machine Tool Setters, Operators, and Tenders, Metal and Plastic",,51167,46670,40560,56472
10,1,Capital Region,51-4041,Machinists,740,66725,64347,48901,75637
10,1,Capital Region,51-4072,"Molding, Coremaking, and Casting Machine Setters, Operators, and Tenders, Metal and Plastic",240,50000,47537,36783,56607
10,1,Capital Region,51-4081,"Multiple Machine Tool Setters, Operators, and Tenders, Metal and Plastic",220,50085,48192,38693,55781
10,1,Capital Region,51-4111,Tool and Die Makers,80,80976,84806,57775,92577
10,1,Capital Region,51-4121,"Welders, Cutters, Solderers, and Brazers",650,61770,61660,49122,68095
10,1,Capital Region,51-4193,"Plating and Coating Machine Setters, Operators, and Tenders, Metal and Plastic",,67651,66880,55391,73781
10,1,Capital Region,51-4194,"Tool Grinders, Filers, and Sharpeners",,37115,34791,34206,38568
10,1,Capital Region,51-5111,Prepress Technician and Workers,70,52640,49111,41326,58296
10,1,Capital Region,51-5112,Printing Press Operators,510,49532,48405,37368,55614
10,1,Capital Region,51-5113,Print Binding and Finishing Workers,100,43551,43555,33820,48416
10,1,Capital Region,51-6011,Laundry and Dry-Cleaning Workers,590,35903,34440,32240,37829
10,1,Capital Region,51-6021,"Pressers, Textile, Garment, and Related Materials",90,36186,34568,33568,37495
10,1,Capital Region,51-6031,Sewing Machine Operators,200,41916,40546,33931,45909
10,1,Capital Region,51-6052,"Tailors, Dressmakers, and Custom Sewers",70,44858,41364,38942,47816
10,1,Capital Region,51-6093,Upholsterers,,47977,44520,39563,52183
10,1,Capital Region,51-7011,Cabinetmakers and Bench Carpenters,200,55461,51279,42799,61792
10,1,Capital Region,51-7021,Furniture Finishers,50,48645,45925,37439,54247
10,1,Capital Region,51-7041,"Sawing Machine Setters, Operators, and Tenders, Wood",80,45064,42803,36099,49546
10,1,Capital Region,51-7042,"Woodworking Machine Setters, Operators, and Tenders, Except Sawing",130,41290,38127,35007,44432
10,1,Capital Region,51-8013,Power Plant Operators,250,106617,108574,68636,125607
10,1,Capital Region,51-8021,Stationary Engineers and Boiler Operators,380,72860,66362,54675,81951
10,1,Capital Region,51-8031,Water and Wastewater Treatment Plant and System Operators,450,65301,62104,49866,73018
10,1,Capital Region,51-8091,Chemical Plant and System Operators,70,62566,54769,54507,66595
10,1,Capital Region,51-9011,Chemical Equipment Operators and Tenders,490,63658,63893,46492,72240
10,1,Capital Region,51-9012,"Separating, Filtering, Clarifying, Precipitating, and Still Machine Setters, Operators, and Tenders",260,52495,50783,42335,57576
10,1,Capital Region,51-9021,"Crushing, Grinding, and Polishing Machine Setters, Operators, and Tenders",120,56725,52816,42716,63729
10,1,Capital Region,51-9023,"Mixing and Blending Machine Setters, Operators, and Tenders",470,55383,54001,40188,62979
10,1,Capital Region,51-9032,"Cutting and Slicing Machine Setters, Operators, and Tenders",180,49807,48821,37813,55804
10,1,Capital Region,51-9051,"Furnace, Kiln, Oven, Drier, and Kettle Operators and Tenders",60,62601,66347,46389,70707
10,1,Capital Region,51-9061,"Inspectors, Testers, Sorters, Samplers, and Weighers",1720,63570,61699,42387,74162
10,1,Capital Region,51-9071,Jewelers and Precious Stone and Metal Workers,70,60245,47613,34700,73018
10,1,Capital Region,51-9081,Dental Laboratory Technicians,50,52251,49069,36327,60212
10,1,Capital Region,51-9082,Medical Appliance Technicians,70,45278,46109,34028,50903
10,1,Capital Region,51-9083,Ophthalmic Laboratory Technicians,,41274,40471,33764,45029
10,1,Capital Region,51-9111,Packaging and Filling Machine Operators and Tenders,790,45388,42775,33265,51451
10,1,Capital Region,51-9123,"Painting, Coating, and Decorating Workers",,57528,49176,38203,67192
10,1,Capital Region,51-9124,"Coating, Painting, and Spraying Machine Setters, Operators, and Tenders",250,55119,49533,40824,62267
10,1,Capital Region,51-9161,Computer Numerically Controlled Tool Operators,360,55530,57572,45986,60302
10,1,Capital Region,51-9162,Computer Numerically Controlled Tool Programmers,70,78378,76091,61411,86862
10,1,Capital Region,51-9191,Adhesive Bonding Machine Operators and Tenders,90,41433,37472,36049,44125
10,1,Capital Region,51-9195,"Molders, Shapers, and Casters, Except Metal and Plastic",200,55683,51783,46283,60383
10,1,Capital Region,51-9196,"Paper Goods Machine Setters, Operators, and Tenders",570,58346,60986,46582,64228
10,1,Capital Region,51-9198,Helpers--Production Workers,270,44344,43003,34550,49242
10,1,Capital Region,51-9199,"Production Workers, All Other",280,46064,43787,33765,52214
10,1,Capital Region,53-0000,Transportation and Material Moving Occupations,37110,49079,45869,35417,55910
10,1,Capital Region,53-1047,"First-Line Supervisors of Transportation and Material Moving Workers, Except Aircraft Cargo Handling Supervisors",1800,67882,64323,46696,78474
10,1,Capital Region,53-2011,"Airline Pilots, Copilots, and Flight Engineers",,118689,119929,76204,139932
10,1,Capital Region,53-2012,Commercial Pilots,50,168277,151563,104498,200165
10,1,Capital Region,53-2021,Air Traffic Controllers,,100690,106571,72200,114934
10,1,Capital Region,53-3011,"Ambulance Drivers and Attendants, Except Emergency Medical Technicians",60,38451,34555,33051,41151
10,1,Capital Region,53-3031,Driver/Sales Workers,1250,42547,38579,32240,47787
10,1,Capital Region,53-3032,Heavy and Tractor-Trailer Truck Drivers,5270,63906,61060,48250,71733
10,1,Capital Region,53-3033,Light Truck or Delivery Services Drivers,2700,47277,44029,35454,53188
10,1,Capital Region,53-3051,"Bus Drivers, School",2130,51219,50395,42527,55565
10,1,Capital Region,53-3052,"Bus Drivers, Transit and Intercity",200,53637,49746,48018,56447
10,1,Capital Region,53-3053,Shuttle Drivers and Chauffeurs,1020,39907,38446,32955,43384
10,1,Capital Region,53-3054,Taxi Drivers,70,35274,32240,32240,36932
10,1,Capital Region,53-3099,"Motor Vehicle Operators, All Other",450,37336,34843,32240,40025
10,1,Capital Region,53-5011,Sailors and Marine Oilers,,60826,58809,37870,72303
10,1,Capital Region,53-5021,"Captains, Mates, and Pilots of Water Vessels",50,80844,65313,43482,99524
10,1,Capital Region,53-5031,Ship Engineers,,87619,90605,54692,104082
10,1,Capital Region,53-6011,Bridge and Lock Tenders,,44282,46297,32240,50310
10,1,Capital Region,53-6021,Parking Lot Attendants,420,35005,33002,32500,36256
10,1,Capital Region,53-6031,Automotive and Watercraft Service Attendants,200,39551,39076,33244,42703
10,1,Capital Region,53-6041,Traffic Technicians,110,68570,67636,52962,76375
10,1,Capital Region,53-6051,Transportation Inspectors,70,86820,77531,54111,103176
10,1,Capital Region,53-7021,Crane and Tower Operators,90,120680,100472,62545,149747
10,1,Capital Region,53-7051,Industrial Truck and Tractor Operators,1360,52260,51387,42429,57176
10,1,Capital Region,53-7061,Cleaners of Vehicles and Equipment,1060,38852,36336,33367,41595
10,1,Capital Region,53-7062,"Laborers and Freight, Stock, and Material Movers, Hand",8090,46446,45612,36716,51311
10,1,Capital Region,53-7063,Machine Feeders and Offbearers,60,45731,50289,34403,51396
10,1,Capital Region,53-7064,"Packers and Packagers, Hand",600,37991,36556,32240,40892
10,1,Capital Region,53-7065,Stockers and Order Fillers,9390,41496,39275,33966,45261
10,1,Capital Region,53-7072,"Pump Operators, Except Wellhead Pumpers",,53604,53568,45852,57480
10,1,Capital Region,53-7081,Refuse and Recyclable Material Collectors,220,52492,50099,40191,58643
10,2,Central New York,00-0000,"Total, All Occupations",336130,66163,51386,35829,81329
10,2,Central New York,11-0000,Management Occupations,17560,138366,119761,69335,172881
10,2,Central New York,11-1011,Chief Executives,200,317094,193156,123961,413661
10,2,Central New York,11-1021,General and Operations Managers,6960,131196,104021,61076,166257
10,2,Central New York,11-1031,Legislators,120,158518,59943,34450,220551
10,2,Central New York,11-2021,Marketing Managers,640,163027,142584,90818,199130
10,2,Central New York,11-2022,Sales Managers,600,175701,161816,95925,215590
10,2,Central New York,11-2032,Public Relations Managers,70,152642,138102,105118,176404
10,2,Central New York,11-3012,Administrative Services Managers,420,126723,115239,80608,149781
10,2,Central New York,11-3013,Facilities Managers,270,121901,108012,79056,143323
10,2,Central New York,11-3021,Computer and Information Systems Managers,760,166242,167689,110558,194084
10,2,Central New York,11-3031,Financial Managers,1140,168979,146708,95409,205764
10,2,Central New York,11-3051,Industrial Production Managers,490,136260,126145,86863,160959
10,2,Central New York,11-3061,Purchasing Managers,150,150558,137655,99021,176327
10,2,Central New York,11-3071,"Transportation, Storage, and Distribution Managers",280,108898,98591,73255,126721
10,2,Central New York,11-3111,Compensation and Benefits Managers,,149036,142878,105506,170800
10,2,Central New York,11-3121,Human Resources Managers,310,158625,146489,103173,186350
10,2,Central New York,11-3131,Training and Development Managers,60,146175,135860,93152,172686
10,2,Central New York,11-9021,Construction Managers,,127837,117015,83579,149966
10,2,Central New York,11-9031,"Education Administrators, Preschool and Childcare Center/Program",150,80303,64965,51815,94547
10,2,Central New York,11-9032,"Education Administrators, Elementary and Secondary School",810,117822,112129,94222,129622
10,2,Central New York,11-9033,"Education Administrators, Postsecondary",,136428,129034,80916,164183
10,2,Central New York,11-9039,"Education Administrators, All Other",50,87977,77589,53281,105324
10,2,Central New York,11-9041,Architectural and Engineering Managers,490,179506,174538,133597,202461
10,2,Central New York,11-9051,Food Service Managers,,72145,65082,51153,82640
10,2,Central New York,11-9072,"Entertainment and Recreation Managers, Except Gambling",,86565,79923,49442,105126
10,2,Central New York,11-9081,Lodging Managers,130,79421,68434,47825,95218
10,2,Central New York,11-9111,Medical and Health Services Managers,850,150238,136967,90644,180035
10,2,Central New York,11-9121,Natural Sciences Managers,90,157214,134256,98955,186344
10,2,Central New York,11-9131,Postmasters and Mail Superintendents,60,96225,94743,86558,101059
10,2,Central New York,11-9141,"Property, Real Estate, and Community Association Managers",280,96224,75513,52698,117986
10,2,Central New York,11-9151,Social and Community Service Managers,,85271,79265,58851,98481
10,2,Central New York,11-9161,Emergency Management Directors,,109716,95918,68916,130118
10,2,Central New York,11-9179,"Personal Service Managers, All Other",,68123,73577,52811,75778
10,2,Central New York,11-9199,"Managers, All Other",460,154301,142519,85550,188677
10,2,Central New York,13-0000,Business and Financial Operations Occupations,17130,89583,80515,53812,107467
10,2,Central New York,13-1020,Buyers and Purchasing Agents,1110,79358,74289,51933,93070
10,2,Central New York,13-1031,"Claims Adjusters, Examiners, and Investigators",700,84180,81268,60751,95895
10,2,Central New York,13-1032,"Insurance Appraisers, Auto Damage",,77608,77944,67412,82707
10,2,Central New York,13-1041,Compliance Officers,690,77981,71161,41415,96262
10,2,Central New York,13-1051,Cost Estimators,430,82718,77736,55158,96499
10,2,Central New York,13-1071,Human Resources Specialists,1460,80181,74497,53790,93375
10,2,Central New York,13-1075,Labor Relations Specialists,260,103475,100880,64353,123035
10,2,Central New York,13-1081,Logisticians,270,85823,82260,59069,99200
10,2,Central New York,13-1082,Project Management Specialists,1910,110381,105524,70264,130441
10,2,Central New York,13-1111,Management Analysts,1190,103792,96488,65545,122916
10,2,Central New York,13-1121,"Meeting, Convention, and Event Planners",270,61054,52466,39599,71783
10,2,Central New York,13-1131,Fundraisers,330,72558,66082,47130,85271
10,2,Central New York,13-1141,"Compensation, Benefits, and Job Analysis Specialists",200,83901,77457,55296,98204
10,2,Central New York,13-1151,Training and Development Specialists,920,72931,65930,43507,87642
10,2,Central New York,13-1161,Market Research Analysts and Marketing Specialists,1230,79053,71472,46926,95115
10,2,Central New York,13-1199,"Business Operations Specialists, All Other",1050,86620,81268,52363,103749
10,2,Central New York,13-2011,Accountants and Auditors,2890,90698,80717,58701,106696
10,2,Central New York,13-2020,Appraisers and Assessors of Real Estate,140,81299,71633,43588,100153
10,2,Central New York,13-2031,Budget Analysts,90,93312,81726,68372,105783
10,2,Central New York,13-2041,Credit Analysts,60,86704,78069,54413,102849
10,2,Central New York,13-2051,Financial Analysts,330,102367,93588,69378,118862
10,2,Central New York,13-2052,Personal Financial Advisors,380,148231,83904,61573,191560
10,2,Central New York,13-2053,Insurance Underwriters,250,93396,81165,61022,109583
10,2,Central New York,13-2054,Financial Risk Specialists,80,107921,122083,70770,126497
10,2,Central New York,13-2061,Financial Examiners,140,97829,95045,60658,116414
10,2,Central New York,13-2071,Credit Counselors,70,64813,58357,48480,72980
10,2,Central New York,13-2072,Loan Officers,360,100062,79662,50619,124783
10,2,Central New York,13-2081,"Tax Examiners and Collectors, and Revenue Agents",50,70600,65881,43402,84199
10,2,Central New York,13-2082,Tax Preparers,190,60692,54561,36686,72694
10,2,Central New York,13-2099,"Financial Specialists, All Other",50,74322,66121,44612,89177
10,2,Central New York,15-0000,Computer and Mathematical Occupations,7230,103191,95707,60559,124507
10,2,Central New York,15-1211,Computer Systems Analysts,530,100900,98767,70274,116212
10,2,Central New York,15-1212,Information Security Analysts,190,118399,107934,78478,138359
10,2,Central New York,15-1221,Computer and Information Research Scientists,,196351,178725,137930,225562
10,2,Central New York,15-1231,Computer Network Support Specialists,290,74585,69437,53007,85375
10,2,Central New York,15-1232,Computer User Support Specialists,1340,69522,64817,45402,81582
10,2,Central New York,15-1241,Computer Network Architects,290,130354,118746,89347,150856
10,2,Central New York,15-1242,Database Administrators,100,96626,89261,60703,114587
10,2,Central New York,15-1243,Database Architects,50,110334,107893,72354,129324
10,2,Central New York,15-1244,Network and Computer Systems Administrators,600,95101,87782,64995,110153
10,2,Central New York,15-1251,Computer Programmers,210,94221,96080,66874,107895
10,2,Central New York,15-1252,Software Developers,2260,126696,123937,82764,148663
10,2,Central New York,15-1253,Software Quality Assurance Analysts and Testers,240,95335,97146,59307,113349
10,2,Central New York,15-1254,Web Developers,,83332,75825,47765,101115
10,2,Central New York,15-1299,"Computer Occupations, All Other",280,90686,77518,54351,108854
10,2,Central New York,15-2011,Actuaries,120,115368,109563,60888,142609
10,2,Central New York,15-2031,Operations Research Analysts,60,101972,81124,61911,122002
10,2,Central New York,15-2051,Data Scientists,330,105880,101709,66836,125402
10,2,Central New York,17-0000,Architecture and Engineering Occupations,6400,104112,100282,65900,123217
10,2,Central New York,17-1011,"Architects, Except Landscape and Naval",200,104182,96112,64812,123867
10,2,Central New York,17-1012,Landscape Architects,60,85195,83391,58557,98513
10,2,Central New York,17-1022,Surveyors,70,84215,83603,56242,98202
10,2,Central New York,17-2011,Aerospace Engineers,50,115290,98042,60825,142522
10,2,Central New York,17-2031,Biomedical Engineers,,105804,97537,76815,120300
10,2,Central New York,17-2041,Chemical Engineers,,126424,125501,77582,150845
10,2,Central New York,17-2051,Civil Engineers,860,111539,102166,76349,129134
10,2,Central New York,17-2061,Computer Hardware Engineers,110,139667,137729,93258,162871
10,2,Central New York,17-2071,Electrical Engineers,710,119840,110841,85996,136761
10,2,Central New York,17-2072,"Electronics Engineers, Except Computer",170,127965,129910,85738,149077
10,2,Central New York,17-2081,Environmental Engineers,200,99193,91892,70365,113609
10,2,Central New York,17-2111,"Health and Safety Engineers, Except Mining Safety Engineers and Inspectors",120,114358,114548,84941,129066
10,2,Central New York,17-2112,Industrial Engineers,1060,111013,104154,77948,127546
10,2,Central New York,17-2131,Materials Engineers,60,100967,84550,64821,119041
10,2,Central New York,17-2141,Mechanical Engineers,670,112374,106694,79137,128993
10,2,Central New York,17-2199,"Engineers, All Other",320,119807,112638,84861,137279
10,2,Central New York,17-3011,Architectural and Civil Drafters,250,69721,63431,50686,79237
10,2,Central New York,17-3012,Electrical and Electronics Drafters,50,73522,77934,57863,81352
10,2,Central New York,17-3013,Mechanical Drafters,130,70122,65978,53445,78461
10,2,Central New York,17-3019,"Drafters, All Other",,68300,61493,52099,76400
10,2,Central New York,17-3022,Civil Engineering Technicians,80,67867,70777,48456,77572
10,2,Central New York,17-3023,Electrical and Electronic Engineering Technicians,390,83797,82903,55229,98082
10,2,Central New York,17-3024,Electro-Mechanical Technicians,,80306,71061,52603,94157
10,2,Central New York,17-3025,Environmental Engineering Technicians,,66711,62984,46942,76596
10,2,Central New York,17-3026,Industrial Engineering Technicians,200,72081,68627,52224,82010
10,2,Central New York,17-3028,Calibration Technologists and Technicians,,78154,72519,60362,87049
10,2,Central New York,17-3029,"Engineering Technicians, Except Drafters, All Other",110,66474,64335,49217,75102
10,2,Central New York,17-3031,Surveying and Mapping Technicians,90,53882,49166,41095,60274
10,2,Central New York,19-0000,"Life, Physical, and Social Science Occupations",3190,87370,75622,49377,106365
10,2,Central New York,19-1012,Food Scientists and Technologists,,99764,91640,60718,119287
10,2,Central New York,19-1021,Biochemists and Biophysicists,60,96114,98805,71686,108329
10,2,Central New York,19-1023,Zoologists and Wildlife Biologists,,81702,82419,64973,90066
10,2,Central New York,19-1029,"Biological Scientists, All Other",90,94853,78966,67866,108347
10,2,Central New York,19-1031,Conservation Scientists,50,75697,63647,44604,91243
10,2,Central New York,19-1041,Epidemiologists,,90975,84554,66864,103031
10,2,Central New York,19-1042,"Medical Scientists, Except Epidemiologists",150,182289,158071,99934,223467
10,2,Central New York,19-2012,Physicists,,182028,167884,121491,212297
10,2,Central New York,19-2031,Chemists,80,97944,81145,57759,118038
10,2,Central New York,19-2032,Materials Scientists,,123060,119726,81976,143601
10,2,Central New York,19-2041,"Environmental Scientists and Specialists, Including Health",290,82323,75088,58925,94023
10,2,Central New York,19-2042,"Geoscientists, Except Hydrologists and Geographers",50,85948,76285,59575,99134
10,2,Central New York,19-2099,"Physical Scientists, All Other",,153742,128016,95601,182812
10,2,Central New York,19-3011,Economists,,147230,113221,88037,176828
10,2,Central New York,19-3033,Clinical and Counseling Psychologists,160,114209,109740,68446,137089
10,2,Central New York,19-3034,School Psychologists,280,89546,84099,65252,101693
10,2,Central New York,19-3051,Urban and Regional Planners,130,84752,65720,44955,104651
10,2,Central New York,19-3093,Historians,,48472,44962,33512,55952
10,2,Central New York,19-3099,"Social Scientists and Related Workers, All Other",,101561,85732,66127,119278
10,2,Central New York,19-4013,Food Science Technicians,,59503,66589,46172,66170
10,2,Central New York,19-4021,Biological Technicians,180,57637,61135,42220,65345
10,2,Central New York,19-4031,Chemical Technicians,230,60365,53254,41764,69666
10,2,Central New York,19-4042,"Environmental Science and Protection Technicians, Including Health",180,55193,52660,39593,62994
10,2,Central New York,19-4061,Social Science Research Assistants,,47186,38523,32240,54664
10,2,Central New York,19-4099,"Life, Physical, and Social Science Technicians, All Other",240,55271,50301,40097,62858
10,2,Central New York,19-5011,Occupational Health and Safety Specialists,320,85396,83900,55807,100191
10,2,Central New York,19-5012,Occupational Health and Safety Technicians,,58683,56475,46352,64849
10,2,Central New York,21-0000,Community and Social Service Occupations,8120,60875,58107,41570,70527
10,2,Central New York,21-1012,"Educational, Guidance, School, and Vocational Counselors",970,70630,68283,47352,82269
10,2,Central New York,21-1013,Marriage and Family Therapists,70,67898,59393,51605,76046
10,2,Central New York,21-1015,Rehabilitation Counselors,140,51540,45528,37581,58519
10,2,Central New York,21-1018,"Substance abuse, behavioral disorder, and mental health counselors?(OES-specific code and title)",700,64097,63041,47872,72211
10,2,Central New York,21-1019,"Counselors, All Other",,67589,62843,39478,81646
10,2,Central New York,21-1021,"Child, Family, and School Social Workers",1110,67450,64469,51060,75643
10,2,Central New York,21-1022,Healthcare Social Workers,690,66849,64061,48748,75899
10,2,Central New York,21-1023,Mental Health and Substance Abuse Social Workers,380,70047,73669,44339,82901
10,2,Central New York,21-1029,"Social Workers, All Other",150,86014,88089,58892,99575
10,2,Central New York,21-1091,Health Educators,130,60285,56137,43096,68880
10,2,Central New York,21-1092,Probation Officers and Correctional Treatment Specialists,280,72025,73402,54897,80588
10,2,Central New York,21-1093,Social and Human Service Assistants,2490,45801,46699,37558,49923
10,2,Central New York,21-1094,Community Health Workers,240,57756,50566,40927,66171
10,2,Central New York,21-1099,"Community and Social Service Specialists, All Other",290,70464,66322,56620,77387
10,2,Central New York,21-2011,Clergy,260,68420,58773,43885,80688
10,2,Central New York,21-2021,"Directors, Religious Activities and Education",170,69161,58245,38695,84394
10,2,Central New York,21-2099,"Religious Workers, All Other",,43870,40797,34439,48585
10,2,Central New York,23-0000,Legal Occupations,2350,115383,91558,56063,145043
10,2,Central New York,23-1011,Lawyers,1290,141983,120765,76226,174862
10,2,Central New York,23-1021,"Administrative Law Judges, Adjudicators, and Hearing Officers",,131256,117543,95030,149369
10,2,Central New York,23-1023,"Judges, Magistrate Judges, and Magistrates",150,167346,183444,101924,200057
10,2,Central New York,23-2011,Paralegals and Legal Assistants,760,65270,62992,48029,73890
10,2,Central New York,25-0000,"Education, Training, and Library Occupations",28470,67575,64732,37999,82363
10,2,Central New York,25-1011,"Business Teachers, Postsecondary",,109244,89340,63348,132193
10,2,Central New York,25-1021,"Computer Science Teachers, Postsecondary",,93887,88078,59790,110936
10,2,Central New York,25-1022,"Mathematical Science Teachers, Postsecondary",170,81422,77720,53274,95497
10,2,Central New York,25-1031,"Architecture Teachers, Postsecondary",,79070,79415,62954,87128
10,2,Central New York,25-1032,"Engineering Teachers, Postsecondary",,108734,88943,66030,130086
10,2,Central New York,25-1042,"Biological Science Teachers, Postsecondary",260,105116,87617,64124,125612
10,2,Central New York,25-1051,"Atmospheric, Earth, Marine, and Space Sciences Teachers, Postsecondary",50,90805,79889,50968,110723
10,2,Central New York,25-1052,"Chemistry Teachers, Postsecondary",120,92193,87967,65066,105757
10,2,Central New York,25-1053,"Environmental Science Teachers, Postsecondary",90,90285,84062,58784,106034
10,2,Central New York,25-1054,"Physics Teachers, Postsecondary",70,103838,82703,66882,122317
10,2,Central New York,25-1061,"Anthropology and Archeology Teachers, Postsecondary",,105351,105120,64277,125889
10,2,Central New York,25-1062,"Area, Ethnic, and Cultural Studies Teachers, Postsecondary",60,90925,81563,54835,108969
10,2,Central New York,25-1063,"Economics Teachers, Postsecondary",,122445,107851,72271,147531
10,2,Central New York,25-1064,"Geography Teachers, Postsecondary",,108024,104290,52731,135671
10,2,Central New York,25-1065,"Political Science Teachers, Postsecondary",,115840,81405,60973,143274
10,2,Central New York,25-1066,"Psychology Teachers, Postsecondary",120,89980,79829,61909,104014
10,2,Central New York,25-1067,"Sociology Teachers, Postsecondary",80,87946,79040,61057,101391
10,2,Central New York,25-1069,"Social Sciences Teachers, Postsecondary, All Other",,77896,62403,48882,92404
10,2,Central New York,25-1071,"Health Specialties Teachers, Postsecondary",910,97124,65322,56407,117481
10,2,Central New York,25-1072,"Nursing Instructors and Teachers, Postsecondary",200,83577,86880,60547,95093
10,2,Central New York,25-1081,"Education Teachers, Postsecondary",240,76345,73535,53454,87790
10,2,Central New York,25-1082,"Library Science Teachers, Postsecondary",,69930,63820,39312,85239
10,2,Central New York,25-1111,"Criminal Justice and Law Enforcement Teachers, Postsecondary",,73376,72242,59935,80096
10,2,Central New York,25-1113,"Social Work Teachers, Postsecondary",,91312,101156,70051,101941
10,2,Central New York,25-1121,"Art, Drama, and Music Teachers, Postsecondary",,100172,88706,60291,120114
10,2,Central New York,25-1122,"Communications Teachers, Postsecondary",,75951,75655,54149,86851
10,2,Central New York,25-1123,"English Language and Literature Teachers, Postsecondary",330,82972,81256,56043,96437
10,2,Central New York,25-1124,"Foreign Language and Literature Teachers, Postsecondary",,89011,81860,56566,105233
10,2,Central New York,25-1125,"History Teachers, Postsecondary",70,96999,85071,70546,110226
10,2,Central New York,25-1126,"Philosophy and Religion Teachers, Postsecondary",150,93977,87174,68915,106508
10,2,Central New York,25-1193,"Recreation and Fitness Studies Teachers, Postsecondary",120,67616,62712,39748,81550
10,2,Central New York,25-1194,"Vocational Education Teachers, Postsecondary",150,76221,71586,52708,87977
10,2,Central New York,25-1199,"Postsecondary Teachers, All Other",70,88820,87365,52617,106921
10,2,Central New York,25-2011,"Preschool Teachers, Except Special Education",800,45973,38361,33725,52098
10,2,Central New York,25-2012,"Kindergarten Teachers, Except Special Education",260,71109,71410,51071,81127
10,2,Central New York,25-2021,"Elementary School Teachers, Except Special Education",3590,78035,78917,58476,87813
10,2,Central New York,25-2022,"Middle School Teachers, Except Special and Career/Technical Education",2490,76934,79078,60326,85237
10,2,Central New York,25-2023,"Career/Technical  Education Teachers, Middle School",210,75168,80143,56679,84412
10,2,Central New York,25-2031,"Secondary School Teachers, Except Special and Career/Technical Education",2570,77723,80140,57802,87684
10,2,Central New York,25-2032,"Career/Technical Education Teachers, Secondary School",410,75236,76832,61778,81965
10,2,Central New York,25-2051,"Special Education Teachers, Preschool",140,81109,66159,48156,97586
10,2,Central New York,25-2052,"Special Education Teachers, Kindergarten and Elementary School",750,71787,69816,57046,79157
10,2,Central New York,25-2057,"Special Education Teachers, Middle School",540,74700,76381,61666,81217
10,2,Central New York,25-2058,"Special Education Teachers, Secondary School",700,74976,75489,59465,82732
10,2,Central New York,25-2059,"Special Education Teachers, All Other",,60714,55160,44511,68816
10,2,Central New York,25-3011,Adult Basic and Secondary Education and Literacy Teachers and Instructors,100,64832,65663,42734,75882
10,2,Central New York,25-3021,Self-Enrichment Education Teachers,560,54701,47042,35291,64406
10,2,Central New York,25-3031,"Substitute Teachers, Short-Term",1690,42815,37074,33692,47376
10,2,Central New York,25-3041,Tutors,210,62834,53274,35836,76335
10,2,Central New York,25-3099,"Teachers and Instructors, All Other",60,71575,74527,48031,83347
10,2,Central New York,25-4011,Archivists,,82912,75009,43919,102409
10,2,Central New York,25-4013,Museum Technicians and Conservators,,45102,39430,33105,51102
10,2,Central New York,25-4022,Librarians and Media Collections Specialists,460,69639,69825,50673,79122
10,2,Central New York,25-4031,Library Technicians,210,48593,49818,33583,56098
10,2,Central New York,25-9031,Instructional Coordinators,600,81045,80242,53472,94831
10,2,Central New York,25-9044,"Teaching Assistants, Postsecondary",,59310,64732,44008,66961
10,2,Central New York,25-9045,"Teaching Assistants, Except Postsecondary",5560,38219,36639,32240,41263
10,2,Central New York,27-0000,"Arts, Design, Entertainment, Sports, and Media Occupations",4130,74825,58576,38938,92768
10,2,Central New York,27-1011,Art Directors,60,125888,108516,68697,154482
10,2,Central New York,27-1014,Multimedia Artists and Animators,,109800,99986,65219,132090
10,2,Central New York,27-1021,Commercial and Industrial Designers,70,90518,85369,63454,104051
10,2,Central New York,27-1023,Floral Designers,80,42260,38282,35465,45658
10,2,Central New York,27-1024,Graphic Designers,330,61459,55184,42583,70898
10,2,Central New York,27-1025,Interior Designers,80,60290,54722,41307,69781
10,2,Central New York,27-1026,Merchandise Displayers and Window Trimmers,360,41678,38665,35184,44924
10,2,Central New York,27-2012,Producers and Directors,270,105656,72017,44650,136159
10,2,Central New York,27-2022,Coaches and Scouts,520,61514,50317,35564,74489
10,2,Central New York,27-2023,"Umpires, Referees, and Other Sports Officials",,67335,38631,32608,84698
10,2,Central New York,27-2041,Music Directors and Composers,100,110474,62978,43884,143769
10,2,Central New York,27-3011,Radio and Television Announcers,60,57549,40969,33806,69420
10,2,Central New York,27-3023,"News Analysts, Reporters, and Journalist",90,75591,51812,40407,93183
10,2,Central New York,27-3031,Public Relations Specialists,470,74550,64702,47927,87863
10,2,Central New York,27-3041,Editors,120,74870,66380,49962,87324
10,2,Central New York,27-3042,Technical Writers,100,87353,82739,56794,102634
10,2,Central New York,27-3043,Writers and Authors,60,60028,53209,33710,73187
10,2,Central New York,27-3091,Interpreters and Translators,,57872,51849,33487,70065
10,2,Central New York,27-3092,Court Reporters and Simultaneous Captioners,,86022,79781,61923,98071
10,2,Central New York,27-4012,Broadcast Technicians,,49476,34296,32240,58191
10,2,Central New York,27-4014,Sound Engineering Technicians,,88247,87702,51453,106643
10,2,Central New York,27-4021,Photographers,60,53022,44815,33593,62736
10,2,Central New York,29-0000,Healthcare Practitioners and Technical Occupations,23890,100695,84769,54227,123929
10,2,Central New York,29-1011,Chiropractors,,67814,66756,45138,79153
10,2,Central New York,29-1021,"Dentists, General",240,182711,157301,76375,235879
10,2,Central New York,29-1029,"Dentists, All Other Specialists",,263325,,151969,319002
10,2,Central New York,29-1031,Dietitians and Nutritionists,240,68890,70607,43923,81373
10,2,Central New York,29-1041,Optometrists,130,198781,167843,109837,243254
10,2,Central New York,29-1051,Pharmacists,750,143254,148187,114957,157404
10,2,Central New York,29-1071,Physician Assistants,760,136278,133249,99692,154571
10,2,Central New York,29-1081,Podiatrists,,145345,155518,76940,179546
10,2,Central New York,29-1122,Occupational Therapists,510,87602,84153,64190,99309
10,2,Central New York,29-1123,Physical Therapists,720,91626,91263,65496,104692
10,2,Central New York,29-1124,Radiation Therapists,60,108574,107650,87841,118940
10,2,Central New York,29-1125,Recreational Therapists,80,65913,62611,53523,72108
10,2,Central New York,29-1126,Respiratory Therapists,260,86695,85103,70984,94551
10,2,Central New York,29-1127,Speech-Language Pathologists,560,90705,86891,63465,104325
10,2,Central New York,29-1128,Exercise Physiologists,,58929,53633,52317,62235
10,2,Central New York,29-1129,"Therapists, All Other",,63065,57319,46697,71248
10,2,Central New York,29-1131,Veterinarians,130,133479,131511,85779,157328
10,2,Central New York,29-1141,Registered Nurses,8310,91028,86196,70100,101493
10,2,Central New York,29-1161,Nurse Midwives,,117555,119331,89207,131730
10,2,Central New York,29-1171,Nurse Practitioners,960,133794,130482,104094,148644
10,2,Central New York,29-1181,Audiologists,,91285,82984,74139,99858
10,2,Central New York,29-1212,Cardiologists,50,463150,,274781,
10,2,Central New York,29-1214,Emergency Medicine Physicians,110,255707,209002,133523,316799
10,2,Central New York,29-1215,Family Medicine Physicians,100,234860,226995,136749,283915
10,2,Central New York,29-1216,General Internal Medicine Physicians,280,287676,,135830,363599
10,2,Central New York,29-1218,Obstetricians and Gynecologists,90,289764,,216898,
10,2,Central New York,29-1222,"Physicians, Pathologists",,347243,,213141,
10,2,Central New York,29-1223,Psychiatrists,,242031,232717,115194,305449
10,2,Central New York,29-1224,Radiologists,,359796,,115823,481782
10,2,Central New York,29-1229,"Physicians, All Other",430,293375,,202038,
10,2,Central New York,29-1242,"Orthopedic Surgeons, Except Pediatric",,360406,,219584,
10,2,Central New York,29-1292,Dental Hygienists,540,86257,86648,71255,93759
10,2,Central New York,29-1299,"Healthcare Diagnosing or Treating Practitioners, All Other",60,96717,89307,65501,112325
10,2,Central New York,29-2010,Clinical Laboratory Technologists and Technicians,500,79204,80012,51274,93169
10,2,Central New York,29-2031,Cardiovascular Technologists and Technicians,120,89080,96357,57988,104626
10,2,Central New York,29-2032,Diagnostic Medical Sonographers,220,94321,93170,75960,103500
10,2,Central New York,29-2033,Nuclear Medicine Technologists,,104118,99470,87904,112225
10,2,Central New York,29-2034,Radiologic Technologists,750,86051,85968,66644,95753
10,2,Central New York,29-2035,Magnetic Resonance Imaging Technologists,100,90757,95861,71466,100404
10,2,Central New York,29-2036,Medical Dosimetrists,,144730,132978,119302,157445
10,2,Central New York,29-2042,Emergency Medical Technicians,540,44268,41898,38254,47275
10,2,Central New York,29-2043,Paramedics,310,63925,63279,54421,68677
10,2,Central New York,29-2051,Dietetic Technicians,,47982,50284,38703,52620
10,2,Central New York,29-2052,Pharmacy Technicians,990,43389,39518,35598,47284
10,2,Central New York,29-2053,Psychiatric Technicians,100,51129,52372,44469,54459
10,2,Central New York,29-2055,Surgical Technologists,280,65457,65255,49448,73461
10,2,Central New York,29-2056,Veterinary Technologists and Technicians,240,53027,50230,45690,56695
10,2,Central New York,29-2057,Ophthalmic Medical Technicians,230,43256,40208,36971,46399
10,2,Central New York,29-2061,Licensed Practical and Licensed Vocational Nurses,2220,59823,59722,49955,64756
10,2,Central New York,29-2072,Medical Records Specialists,410,55579,51768,43175,61781
10,2,Central New York,29-2081,"Opticians, Dispensing",180,66107,63442,50676,73822
10,2,Central New York,29-2091,Orthotists and Prosthetists,,76762,79716,49492,90398
10,2,Central New York,29-2099,"Health Technologists and Technicians, All Other",330,58221,47511,39571,67546
10,2,Central New York,29-9021,Health Information Technologists and Medical Registrars,50,71068,60517,44331,84438
10,2,Central New York,29-9091,Athletic Trainers,80,63204,62514,53479,68067
10,2,Central New York,29-9099,"Healthcare Practitioners and Technical Workers, All Other",90,71936,64824,43780,86014
10,2,Central New York,31-0000,Healthcare Support Occupations,15830,42108,39213,35283,45520
10,2,Central New York,31-1120,Home Health & Personal Care Aides,8750,39525,37620,34396,42089
10,2,Central New York,31-1131,Nursing Assistants,3080,43909,42592,38127,46800
10,2,Central New York,31-1132,Orderlies,250,40740,38248,36073,43074
10,2,Central New York,31-1133,Psychiatric Aides,160,49945,50240,42638,53598
10,2,Central New York,31-2011,Occupational Therapy Assistants,80,64212,62532,49793,71421
10,2,Central New York,31-2021,Physical Therapist Assistants,150,61655,59772,51304,66832
10,2,Central New York,31-2022,Physical Therapist Aides,50,35460,32240,32240,37147
10,2,Central New York,31-9011,Massage Therapists,110,55200,42655,34089,65756
10,2,Central New York,31-9091,Dental Assistants,840,47915,48145,39419,52162
10,2,Central New York,31-9092,Medical Assistants,1180,44172,42733,37324,47597
10,2,Central New York,31-9093,Medical Equipment Preparers,270,47683,48205,37960,52546
10,2,Central New York,31-9094,Medical Transcriptionists,80,43464,44847,34745,47823
10,2,Central New York,31-9095,Pharmacy Aides,180,37675,34901,32240,40468
10,2,Central New York,31-9096,Veterinary Assistants and Laboratory Animal Caretakers,240,41115,38623,36056,43645
10,2,Central New York,31-9097,Phlebotomists,220,45803,43746,36610,50399
10,2,Central New York,31-9099,"Healthcare Support Workers, All Other",180,51106,50508,37237,58041
10,2,Central New York,33-0000,Protective Service Occupations,8710,66389,63830,39224,79973
10,2,Central New York,33-1011,First-Line Supervisors of Correctional Officers,160,90365,83095,78633,96230
10,2,Central New York,33-1012,First-Line Supervisors of Police and Detectives,420,108778,104832,89141,118597
10,2,Central New York,33-1021,First-Line Supervisors of Fire Fighting and Prevention Workers,170,97347,95061,86764,102639
10,2,Central New York,33-1091,First-Line Supervisors of Security Workers,60,88231,74549,55270,104712
10,2,Central New York,33-1099,"First-Line Supervisors of Protective Service Workers, All Other",60,85652,89523,59462,98747
10,2,Central New York,33-2011,Firefighters,490,73851,77511,55933,82809
10,2,Central New York,33-2021,Fire Inspectors and Investigators,,72267,67120,55989,80406
10,2,Central New York,33-3011,Bailiffs,100,78827,80451,53935,91273
10,2,Central New York,33-3012,Correctional Officers and Jailers,1230,70954,70657,60534,76162
10,2,Central New York,33-3021,Detectives and Criminal Investigators,320,98168,96544,65163,114670
10,2,Central New York,33-3031,Fish and Game Wardens,,83664,79041,71414,89789
10,2,Central New York,33-3041,Parking Enforcement Workers,,42098,41127,38099,44098
10,2,Central New York,33-3051,Police and Sheriff's Patrol Officers,2060,76404,77323,58986,85114
10,2,Central New York,33-9011,Animal Control Workers,70,66935,50427,37269,81767
10,2,Central New York,33-9021,Private Detectives and Investigators,60,71378,71082,45805,84166
10,2,Central New York,33-9032,Security Guards,1910,50351,43260,36079,57487
10,2,Central New York,33-9091,Crossing Guards,170,45417,40194,32626,51811
10,2,Central New York,33-9092,"Lifeguards, Ski Patrol, and Other Recreational Protective Service",480,35318,34528,32279,36838
10,2,Central New York,33-9094,School Bus Monitors,720,38139,37047,32688,40866
10,2,Central New York,33-9099,"Protective Service Workers, All Other",,45890,37603,37487,50091
10,2,Central New York,35-0000,Food Preparation and Serving Related Occupations,27970,42056,36403,32533,46817
10,2,Central New York,35-1011,Chefs and Head Cooks,420,66564,61591,46389,76651
10,2,Central New York,35-1012,First-Line Supervisors of Food Preparation and Serving Workers,2550,47290,43350,36709,52582
10,2,Central New York,35-2011,"Cooks, Fast Food",670,35120,35170,32240,36637
10,2,Central New York,35-2012,"Cooks, Institution and Cafeteria",690,42778,40378,35583,46375
10,2,Central New York,35-2014,"Cooks, Restaurant",1900,40775,38920,34907,43709
10,2,Central New York,35-2015,"Cooks, Short Order",,38197,36364,33129,40732
10,2,Central New York,35-2019,"Cooks, All Other",,45032,44344,34684,50206
10,2,Central New York,35-2021,Food Preparation Workers,2030,36409,35304,32240,38560
10,2,Central New York,35-3011,Bartenders,1980,55011,50014,33652,65690
10,2,Central New York,35-3023,Fast Food and Counter Workers,8340,35374,34830,32240,36976
10,2,Central New York,35-3031,Waiters and Waitresses,4210,53827,48689,33338,64071
10,2,Central New York,35-3041,"Food Servers, Nonrestaurant",480,35815,34740,32269,37588
10,2,Central New York,35-9011,Dining Room and Cafeteria Attendants and Bartender Helpers,1970,38013,34622,32240,40909
10,2,Central New York,35-9021,Dishwashers,1180,34484,33917,32240,35682
10,2,Central New York,35-9031,"Hosts and Hostesses, Restaurant, Lounge, and Coffee Shop",700,38805,36088,32294,42060
10,2,Central New York,37-0000,Building and Grounds Cleaning and Maintenance Occupations,11310,41602,38262,33104,45852
10,2,Central New York,37-1011,First-Line Supervisors of Housekeeping and Janitorial Workers,420,53248,51410,39589,60078
10,2,Central New York,37-1012,"First-Line Supervisors of Landscaping, Lawn Service, and Groundskeeping Workers",300,59706,57434,44752,67182
10,2,Central New York,37-2011,"Janitors and Cleaners, Except Maids and Housekeeping Cleaners",6600,40039,37704,32737,43690
10,2,Central New York,37-2012,Maids and Housekeeping Cleaners,1400,38659,34953,32240,41882
10,2,Central New York,37-2021,Pest Control Workers,100,47961,46405,38384,52749
10,2,Central New York,37-3011,Landscaping and Groundskeeping Workers,2340,42679,40124,35177,46430
10,2,Central New York,37-3013,Tree Trimmers and Pruners,80,54858,53669,43145,60714
10,2,Central New York,37-3019,"Grounds Maintenance Workers, All Other",60,40995,34996,33648,44669
10,2,Central New York,39-0000,Personal Care and Service Occupations,6140,39965,35231,32240,43889
10,2,Central New York,39-1014,"First-Line Supervisors of Entertainment and Recreation Workers, Except Gambling Services",60,52922,51738,40080,59343
10,2,Central New York,39-1022,First-Line Supervisors of Personal Service Workers,270,53863,50028,38212,61689
10,2,Central New York,39-2011,Animal Trainers,,43401,37210,32925,48639
10,2,Central New York,39-2021,Nonfarm Animal Caretakers,550,37853,36055,32679,40440
10,2,Central New York,39-3021,Motion Picture Projectionists,,51012,52737,33190,59924
10,2,Central New York,39-3031,"Ushers, Lobby Attendants, and Ticket Takers",420,33964,32634,32261,34815
10,2,Central New York,39-3091,Amusement and Recreation Attendants,,35225,32606,32240,36794
10,2,Central New York,39-3093,"Locker Room, Coatroom, and Dressing Room Attendants",,37262,38150,32589,39599
10,2,Central New York,39-5012,"Hairdressers, Hairstylists, and Cosmetologists",410,45587,34128,32240,52338
10,2,Central New York,39-5092,Manicurists and Pedicurists,450,33706,32240,32240,34515
10,2,Central New York,39-5094,Skincare Specialists,70,49059,39366,33795,56691
10,2,Central New York,39-6011,Baggage Porters and Bellhops,50,38776,35272,33318,41504
10,2,Central New York,39-6012,Concierges,50,41304,34940,32909,45502
10,2,Central New York,39-7010,Tour and Travel Guides,,37021,37127,32679,39192
10,2,Central New York,39-9011,Childcare Workers,1230,35348,34225,32240,36979
10,2,Central New York,39-9031,Fitness Trainers and Aerobics Instructors,580,49078,41558,32705,57264
10,2,Central New York,39-9032,Recreation Workers,640,39399,35139,32252,42974
10,2,Central New York,39-9041,Residential Advisors,220,43993,39534,35580,48200
10,2,Central New York,39-9099,"Personal Care and Service Workers, All Other",,46630,48109,40380,49755
10,2,Central New York,41-0000,Sales and Related Occupations,27500,52780,37009,32492,62924
10,2,Central New York,41-1011,First-Line Supervisors of Retail Sales Workers,2330,57682,50959,38251,67397
10,2,Central New York,41-1012,First-Line Supervisors of Non-Retail Sales Workers,530,108246,98990,67090,128824
10,2,Central New York,41-2011,Cashiers,7310,34066,32795,32240,35131
10,2,Central New York,41-2021,Counter and Rental Clerks,1000,47321,41904,34430,53766
10,2,Central New York,41-2022,Parts Salespersons,470,46320,44286,34749,52105
10,2,Central New York,41-2031,Retail Salespersons,9060,39982,35158,32240,43924
10,2,Central New York,41-3011,Advertising Sales Agents,160,69076,59889,38672,84278
10,2,Central New York,41-3021,Insurance Sales Agents,890,91407,62073,40933,116644
10,2,Central New York,41-3031,"Securities, Commodities, and Financial Services Sales Agents",410,108334,92746,55965,134519
10,2,Central New York,41-3041,Travel Agents,90,49087,47247,35768,55746
10,2,Central New York,41-3091,"Sales Representatives of Services, Except Advertising, Insurance, Financial Services, and Travel",1890,76773,63996,41594,94364
10,2,Central New York,41-4011,"Sales Representatives, Wholesale and Manufacturing, Technical and Scientific Products",250,125147,97397,64738,155352
10,2,Central New York,41-4012,"Sales Representatives, Wholesale and Manufacturing, Except Technical and Scientific Products",2610,85593,76348,48718,104032
10,2,Central New York,41-9011,Demonstrators and Product Promoters,50,41789,38283,37230,44069
10,2,Central New York,41-9022,Real Estate Sales Agents,190,92411,78861,40859,118187
10,2,Central New York,41-9031,Sales Engineers,90,110192,100591,69401,130588
10,2,Central New York,41-9041,Telemarketers,80,37009,36382,32240,39517
10,2,Central New York,41-9099,"Sales and Related Workers, All Other",70,61947,48382,38333,73755
10,2,Central New York,43-0000,Office and Administrative Support Occupations,44800,52061,48057,36724,59728
10,2,Central New York,43-1011,First-Line Supervisors of Office and Administrative Support Workers,2850,75712,72221,53287,86925
10,2,Central New York,43-2011,"Switchboard Operators, Including Answering Service",70,40217,39106,33654,43499
10,2,Central New York,43-2021,Telephone Operators,,53969,43392,39912,60996
10,2,Central New York,43-3011,Bill and Account Collectors,210,51466,48684,37785,58307
10,2,Central New York,43-3021,Billing and Posting Clerks,1390,49721,47816,39977,54594
10,2,Central New York,43-3031,"Bookkeeping, Accounting, and Auditing Clerks",3630,53928,50809,40472,60656
10,2,Central New York,43-3051,Payroll and Timekeeping Clerks,370,57099,55969,43453,63922
10,2,Central New York,43-3061,Procurement Clerks,120,49947,48783,40283,54780
10,2,Central New York,43-3071,Tellers,840,40637,39050,37318,42297
10,2,Central New York,43-3099,"Financial Clerks, All Other",70,54342,49269,43924,59550
10,2,Central New York,43-4011,Brokerage Clerks,60,61788,60183,47227,69068
10,2,Central New York,43-4021,Correspondence Clerks,,52575,56307,43324,57201
10,2,Central New York,43-4031,"Court, Municipal, and License Clerks",550,52292,46546,38339,59270
10,2,Central New York,43-4041,"Credit Authorizers, Checkers, and Clerks",,54957,46872,44835,60018
10,2,Central New York,43-4051,Customer Service Representatives,5700,49146,45834,36272,55583
10,2,Central New York,43-4061,"Eligibility Interviewers, Government Programs",420,54372,50526,48354,57382
10,2,Central New York,43-4071,File Clerks,140,43916,39665,33410,49169
10,2,Central New York,43-4081,"Hotel, Motel, and Resort Desk Clerks",440,39355,36024,33689,42186
10,2,Central New York,43-4111,"Interviewers, Except Eligibility and Loan",330,44023,44184,37616,47227
10,2,Central New York,43-4121,"Library Assistants, Clerical",380,37174,34361,32240,39807
10,2,Central New York,43-4131,Loan Interviewers and Clerks,180,55855,50004,44607,61478
10,2,Central New York,43-4141,New Accounts Clerks,300,46659,45301,39498,50239
10,2,Central New York,43-4151,Order Clerks,120,45581,44067,35022,50860
10,2,Central New York,43-4161,"Human Resources Assistants, Except Payroll and Timekeeping",280,51996,50614,40693,57648
10,2,Central New York,43-4171,Receptionists and Information Clerks,2870,40012,37910,33594,43221
10,2,Central New York,43-4199,"Information and Record Clerks, All Other",230,53560,56965,45398,57642
10,2,Central New York,43-5011,Cargo and Freight Agents,110,62435,59472,43728,71788
10,2,Central New York,43-5021,Couriers and Messengers,260,39360,37263,33180,42450
10,2,Central New York,43-5031,"Police, Fire, and Ambulance Dispatchers",310,63169,64034,49822,69842
10,2,Central New York,43-5032,"Dispatchers, Except Police, Fire, and Ambulance",530,54189,50101,42047,60261
10,2,Central New York,43-5041,"Meter Readers, Utilities",,58532,57213,42437,66580
10,2,Central New York,43-5051,Postal Service Clerks,280,60409,61322,47706,66760
10,2,Central New York,43-5052,Postal Service Mail Carriers,910,61091,58070,44978,69147
10,2,Central New York,43-5053,"Postal Service Mail Sorters, Processors, and Processing Machine Operators",,57874,56604,45668,63977
10,2,Central New York,43-5061,"Production, Planning, and Expediting Clerks",1600,59866,55969,43887,67856
10,2,Central New York,43-5071,"Shipping, Receiving, and Traffic Clerks",1610,46728,44543,35757,52214
10,2,Central New York,43-5111,"Weighers, Measurers, Checkers, and Samplers, Recordkeeping",120,49678,50761,39765,54635
10,2,Central New York,43-6011,Executive Secretaries and Executive Administrative Assistants,2180,79208,78292,58455,89584
10,2,Central New York,43-6012,Legal Secretaries,310,51496,48881,38569,57959
10,2,Central New York,43-6013,Medical Secretaries,1580,44880,42737,38038,48301
10,2,Central New York,43-6014,"Secretaries and Administrative Assistants, Except Legal, Medical, and Executive",5550,49578,48657,38799,54968
10,2,Central New York,43-9021,Data Entry Keyers,270,44046,40979,34249,48943
10,2,Central New York,43-9022,Word Processors and Typists,760,44743,43836,36629,48801
10,2,Central New York,43-9041,Insurance Claims and Policy Processing Clerks,340,58251,53417,44924,64915
10,2,Central New York,43-9051,"Mail Clerks and Mail Machine Operators, Except Postal Service",150,43640,41834,36752,47085
10,2,Central New York,43-9061,"Office Clerks, General",5400,44340,40371,32444,50288
10,2,Central New York,43-9071,"Office Machine Operators, Except Computer",80,39584,36876,32287,43231
10,2,Central New York,43-9081,Proofreaders and Copy Markers,,49467,45833,38388,55007
10,2,Central New York,43-9199,"Office and Administrative Support Workers, All Other",260,54673,52651,41893,61061
10,2,Central New York,45-0000,"Farming, Fishing, and Forestry Occupations",260,46910,43837,33776,53478
10,2,Central New York,45-1011,"First-Line Supervisors of Farming, Fishing, and Forestry Workers",,61736,61399,51040,67084
10,2,Central New York,45-2011,Agricultural Inspectors,,77496,82596,56524,87981
10,2,Central New York,45-2092,"Farmworkers and Laborers, Crop, Nursery, and Greenhouse",120,40931,38487,32810,44992
10,2,Central New York,45-2093,"Farmworkers, Farm, Ranch, and Aquacultural Animals",,38889,35611,32240,42276
10,2,Central New York,45-4022,Logging Equipment Operators,,48828,48828,40458,53014
10,2,Central New York,47-0000,Construction and Extraction Occupations,12940,67235,60762,44498,78603
10,2,Central New York,47-1011,Supervisors of Construction and Extraction Workers,1350,86175,80733,58371,100078
10,2,Central New York,47-2021,Brickmasons and Blockmasons,100,69033,67128,53369,76865
10,2,Central New York,47-2022,Stonemasons,,59075,56668,46394,65416
10,2,Central New York,47-2031,Carpenters,1500,63434,61053,45362,72469
10,2,Central New York,47-2051,Cement Masons and Concrete Finishers,450,64591,64338,47985,72895
10,2,Central New York,47-2061,Construction Laborers,2110,58807,49690,40167,68126
10,2,Central New York,47-2071,"Paving, Surfacing, and Tamping Equipment Operators",120,74025,67758,47259,87408
10,2,Central New York,47-2073,Operating Engineers and Other Construction Equipment Operators,850,80253,64187,49645,95556
10,2,Central New York,47-2081,Drywall and Ceiling Tile Installers,170,57604,50050,47833,62490
10,2,Central New York,47-2082,Tapers,,61786,57633,51552,66904
10,2,Central New York,47-2111,Electricians,1160,76415,73986,48592,90326
10,2,Central New York,47-2131,"Insulation Workers, Floor, Ceiling, and Wall",80,65989,57218,45667,76150
10,2,Central New York,47-2132,"Insulation Workers, Mechanical",120,73719,76778,53359,83900
10,2,Central New York,47-2141,"Painters, Construction and Maintenance",430,54064,48753,40276,60958
10,2,Central New York,47-2151,Pipelayers,50,76235,76894,64762,81971
10,2,Central New York,47-2152,"Plumbers, Pipefitters, and Steamfitters",970,71657,66972,47577,83698
10,2,Central New York,47-2181,Roofers,260,65554,61534,45202,75730
10,2,Central New York,47-2211,Sheet Metal Workers,270,66816,64008,44395,78027
10,2,Central New York,47-2221,Structural Iron and Steel Workers,50,81967,78308,50112,97894
10,2,Central New York,47-3011,"Helpers--Brickmasons, Blockmasons, Stonemasons, and Tile and Marble Setters",,50951,50647,38181,57336
10,2,Central New York,47-3012,Helpers--Carpenters,50,41728,40933,36105,44539
10,2,Central New York,47-3015,"Helpers--Pipelayers, Plumbers, Pipefitters, and Steamfitters",80,47091,43029,37597,51837
10,2,Central New York,47-3019,"Helpers, Construction Trades, All Other",,67150,49988,37190,82130
10,2,Central New York,47-4011,Construction and Building Inspectors,390,74454,66255,48604,87380
10,2,Central New York,47-4021,Elevator Installers and Repairers,120,116469,123516,87956,130725
10,2,Central New York,47-4031,Fence Erectors,80,46989,41365,38033,51467
10,2,Central New York,47-4041,Hazardous Materials Removal Workers,150,67356,62169,45087,78491
10,2,Central New York,47-4051,Highway Maintenance Workers,1100,52719,51619,44005,57077
10,2,Central New York,47-4071,Septic Tank Servicers and Sewer Pipe Cleaners,120,55053,48168,43527,60817
10,2,Central New York,47-4090,Miscellaneous Construction and Related Workers,,51227,48616,37686,57996
10,2,Central New York,47-5022,"Excavating and Loading Machine and Dragline Operators, Surface Mining",90,55504,50641,45528,60491
10,2,Central New York,47-5023,"Earth Drillers, Except Oil and Gas",,73074,64763,52685,83269
10,2,Central New York,47-5081,Helpers--Extraction Workers,,48734,48401,42095,52053
10,2,Central New York,49-0000,"Installation, Maintenance, and Repair Occupations",14580,64556,60321,41721,75974
10,2,Central New York,49-1011,"First-Line Supervisors of Mechanics, Installers, and Repairers",1320,87018,78660,55687,102682
10,2,Central New York,49-2011,"Computer, Automated Teller, and Office Machine Repairers",210,52940,49377,39242,59788
10,2,Central New York,49-2021,"Radio, Cellular, and Tower Equipment Installers and Repairers",,65524,58031,47263,74655
10,2,Central New York,49-2022,"Telecommunications Equipment Installers and Repairers, Except Line Installers",340,82535,87996,48321,99642
10,2,Central New York,49-2092,"Electric Motor, Power Tool, and Related Repairers",,61792,66252,51327,67026
10,2,Central New York,49-2094,"Electrical and Electronics Repairers, Commercial and Industrial Equipment",210,82375,86831,64240,91443
10,2,Central New York,49-2096,"Electronic Equipment Installers and Repairers, Motor Vehicles",,47730,47421,41679,50756
10,2,Central New York,49-2098,Security and Fire Alarm Systems Installers,230,61887,61415,45957,69853
10,2,Central New York,49-3011,Aircraft Mechanics and Service Technicians,60,86977,80637,60122,100404
10,2,Central New York,49-3021,Automotive Body and Related Repairers,380,54104,50171,39572,61370
10,2,Central New York,49-3023,Automotive Service Technicians and Mechanics,1940,54042,49745,36785,62670
10,2,Central New York,49-3031,Bus and Truck Mechanics and Diesel Engine Specialists,870,63530,63621,47794,71398
10,2,Central New York,49-3041,Farm Equipment Mechanics and Service Technicians,60,54176,56500,42062,60232
10,2,Central New York,49-3042,"Mobile Heavy Equipment Mechanics, Except Engines",280,67223,64168,51735,74967
10,2,Central New York,49-3051,Motorboat Mechanics and Service Technicians,70,57912,58760,46005,63867
10,2,Central New York,49-3053,Outdoor Power Equipment and Other Small Engine Mechanics,160,50236,49101,37648,56529
10,2,Central New York,49-3091,Bicycle Repairers,,42213,41580,38206,44217
10,2,Central New York,49-3093,Tire Repairers and Changers,130,42289,41551,35512,45677
10,2,Central New York,49-9011,Mechanical Door Repairers,50,64550,61441,45364,74142
10,2,Central New York,49-9012,"Control and Valve Installers and Repairers, Except Mechanical Door",180,80743,84662,49470,96379
10,2,Central New York,49-9021,"Heating, Air Conditioning, and Refrigeration Mechanics and Installers",800,65822,62779,47676,74894
10,2,Central New York,49-9031,Home Appliance Repairers,60,45304,39476,32651,51632
10,2,Central New York,49-9041,Industrial Machinery Mechanics,940,75849,71705,54145,86701
10,2,Central New York,49-9043,"Maintenance Workers, Machinery",200,66912,63681,45388,77674
10,2,Central New York,49-9044,Millwrights,,74047,80293,56640,82751
10,2,Central New York,49-9051,Electrical Power-Line Installers and Repairers,340,111881,120982,77459,129093
10,2,Central New York,49-9062,Medical Equipment Repairers,90,69680,70076,47090,80976
10,2,Central New York,49-9069,"Precision Instrument and Equipment Repairers, All Other",,80677,62345,51545,95243
10,2,Central New York,49-9071,"Maintenance and Repair Workers, General",4260,54391,50464,39143,62014
10,2,Central New York,49-9091,"Coin, Vending, and Amusement Machine Servicers and Repairers",50,51309,51298,39161,57384
10,2,Central New York,49-9094,Locksmiths and Safe Repairers,,60408,60656,42899,69162
10,2,Central New York,49-9098,"Helpers--Installation, Maintenance, and Repair Workers",180,45672,44234,35285,50865
10,2,Central New York,49-9099,"Installation, Maintenance, and Repair Workers, All Other",260,59456,53044,39679,69345
10,2,Central New York,51-0000,Production Occupations,18380,55340,48981,37044,64488
10,2,Central New York,51-1011,First-Line Supervisors of Production and Operating Workers,1580,85012,78120,54566,100235
10,2,Central New York,51-2028,"Electrical, electronic, and electromechanical assemblers, except coil winders, tapers, and finishers?(OES-specific code and title)",880,44887,40716,34704,49978
10,2,Central New York,51-2031,Engine and Other Machine Assemblers,90,53285,51210,44314,57771
10,2,Central New York,51-2041,Structural Metal Fabricators and Fitters,100,55980,55740,42859,62540
10,2,Central New York,51-2090,Miscellaneous Assemblers and Fabricators,2200,47892,44993,35770,53953
10,2,Central New York,51-3011,Bakers,500,41733,39027,33653,45773
10,2,Central New York,51-3021,Butchers and Meat Cutters,200,46584,46296,35705,52024
10,2,Central New York,51-3022,"Meat, Poultry, and Fish Cutters and Trimmers",130,37506,37054,32240,40185
10,2,Central New York,51-3091,"Food and Tobacco Roasting, Baking, and Drying Machine Operators and Tenders",80,39232,37369,35765,40965
10,2,Central New York,51-3092,Food Batchmakers,280,37415,33093,32240,40076
10,2,Central New York,51-3093,Food Cooking Machine Operators and Tenders,60,43323,41052,32599,48685
10,2,Central New York,51-3099,"Food Processing Workers, All Other",,42059,42097,38826,43675
10,2,Central New York,51-4021,"Extruding and Drawing Machine Setters, Operators, and Tenders, Metal and Plastic",240,51858,49850,45128,55223
10,2,Central New York,51-4031,"Cutting, Punching, and Press Machine Setters, Operators, and Tenders, Metal and Plastic",200,43833,42314,35687,47906
10,2,Central New York,51-4033,"Grinding, Lapping, Polishing, and Buffing Machine Tool Setters, Operators, and Tenders, Metal and Plastic",330,56569,45512,37732,65988
10,2,Central New York,51-4034,"Lathe and Turning Machine Tool Setters, Operators, and Tenders, Metal and Plastic",90,50076,47778,42344,53943
10,2,Central New York,51-4041,Machinists,490,58815,58049,42703,66871
10,2,Central New York,51-4071,Foundry Mold and Coremakers,,51117,49323,39910,56721
10,2,Central New York,51-4072,"Molding, Coremaking, and Casting Machine Setters, Operators, and Tenders, Metal and Plastic",,47660,45447,39534,51721
10,2,Central New York,51-4081,"Multiple Machine Tool Setters, Operators, and Tenders, Metal and Plastic",450,51813,49580,40783,57327
10,2,Central New York,51-4111,Tool and Die Makers,100,72237,71851,54671,81020
10,2,Central New York,51-4121,"Welders, Cutters, Solderers, and Brazers",530,55861,53005,43223,62179
10,2,Central New York,51-4122,"Welding, Soldering, and Brazing Machine Setters, Operators, and Tenders",80,45823,45621,38183,49644
10,2,Central New York,51-4191,"Heat Treating Equipment Setters, Operators, and Tenders, Metal and Plastic",,49756,48827,43797,52735
10,2,Central New York,51-4193,"Plating and Coating Machine Setters, Operators, and Tenders, Metal and Plastic",100,43477,38194,36890,46770
10,2,Central New York,51-5111,Prepress Technician and Workers,60,49838,49698,38076,55719
10,2,Central New York,51-5112,Printing Press Operators,360,47292,46048,36365,52756
10,2,Central New York,51-5113,Print Binding and Finishing Workers,50,42958,44911,33939,47468
10,2,Central New York,51-6011,Laundry and Dry-Cleaning Workers,390,35715,34126,32240,37568
10,2,Central New York,51-6021,"Pressers, Textile, Garment, and Related Materials",,34883,33639,32240,36319
10,2,Central New York,51-6031,Sewing Machine Operators,130,39111,36891,32531,42402
10,2,Central New York,51-6052,"Tailors, Dressmakers, and Custom Sewers",50,42398,40480,33166,47015
10,2,Central New York,51-6064,"Textile Winding, Twisting, and Drawing Out Machine Setters, Operators, and Tenders",,42487,37926,34209,46625
10,2,Central New York,51-7011,Cabinetmakers and Bench Carpenters,160,53712,49107,43465,58836
10,2,Central New York,51-7021,Furniture Finishers,,41833,39697,33211,46144
10,2,Central New York,51-7041,"Sawing Machine Setters, Operators, and Tenders, Wood",120,44518,41101,34593,49481
10,2,Central New York,51-7042,"Woodworking Machine Setters, Operators, and Tenders, Except Sawing",160,42346,41050,36069,45486
10,2,Central New York,51-8013,Power Plant Operators,,95251,105061,59005,113375
10,2,Central New York,51-8021,Stationary Engineers and Boiler Operators,170,68942,65456,54601,76113
10,2,Central New York,51-8031,Water and Wastewater Treatment Plant and System Operators,250,60888,60463,48398,67134
10,2,Central New York,51-8093,"Petroleum Pump System Operators, Refinery Operators, and Gaugers",,73967,74072,56429,82736
10,2,Central New York,51-8099,"Plant and System Operators, All Other",,71588,69142,61029,76868
10,2,Central New York,51-9011,Chemical Equipment Operators and Tenders,140,53223,48412,37577,61046
10,2,Central New York,51-9012,"Separating, Filtering, Clarifying, Precipitating, and Still Machine Setters, Operators, and Tenders",270,55967,58474,42591,62655
10,2,Central New York,51-9021,"Crushing, Grinding, and Polishing Machine Setters, Operators, and Tenders",60,51536,43429,38948,57829
10,2,Central New York,51-9022,"Grinding and Polishing Workers, Hand",,40717,37947,37009,42570
10,2,Central New York,51-9023,"Mixing and Blending Machine Setters, Operators, and Tenders",180,51261,48655,39296,57243
10,2,Central New York,51-9032,"Cutting and Slicing Machine Setters, Operators, and Tenders",90,48578,48789,38217,53758
10,2,Central New York,51-9041,"Extruding, Forming, Pressing, and Compacting Machine Setters, Operators, and Tenders",90,48827,44336,35711,55384
10,2,Central New York,51-9051,"Furnace, Kiln, Oven, Drier, and Kettle Operators and Tenders",50,51619,48445,42892,55981
10,2,Central New York,51-9061,"Inspectors, Testers, Sorters, Samplers, and Weighers",1630,52313,48458,39439,58750
10,2,Central New York,51-9071,Jewelers and Precious Stone and Metal Workers,,54243,51467,35794,63468
10,2,Central New York,51-9081,Dental Laboratory Technicians,250,52151,46560,37493,59481
10,2,Central New York,51-9083,Ophthalmic Laboratory Technicians,60,41571,38094,35310,44703
10,2,Central New York,51-9111,Packaging and Filling Machine Operators and Tenders,900,54497,50187,34713,64389
10,2,Central New York,51-9124,"Coating, Painting, and Spraying Machine Setters, Operators, and Tenders",220,49888,47338,38533,55565
10,2,Central New York,51-9161,Computer Numerically Controlled Tool Operators,380,52174,49396,39408,58557
10,2,Central New York,51-9162,Computer Numerically Controlled Tool Programmers,90,70376,65719,55997,77565
10,2,Central New York,51-9191,Adhesive Bonding Machine Operators and Tenders,,44300,46949,37566,47667
10,2,Central New York,51-9192,"Cleaning, Washing, and Metal Pickling Equipment Operators and Tenders",,47692,41255,36872,53103
10,2,Central New York,51-9195,"Molders, Shapers, and Casters, Except Metal and Plastic",100,55353,53642,43688,61186
10,2,Central New York,51-9196,"Paper Goods Machine Setters, Operators, and Tenders",500,55229,59950,44326,60680
10,2,Central New York,51-9198,Helpers--Production Workers,290,42396,42915,35091,46048
10,2,Central New York,51-9199,"Production Workers, All Other",190,46363,43927,33945,52572
10,2,Central New York,53-0000,Transportation and Material Moving Occupations,29210,49167,46066,35599,55951
10,2,Central New York,53-1047,"First-Line Supervisors of Transportation and Material Moving Workers, Except Aircraft Cargo Handling Supervisors",1370,66446,65184,47392,75973
10,2,Central New York,53-2012,Commercial Pilots,,156275,153449,96072,186376
10,2,Central New York,53-3031,Driver/Sales Workers,980,42224,39615,32385,47143
10,2,Central New York,53-3032,Heavy and Tractor-Trailer Truck Drivers,4620,62653,59656,46916,70522
10,2,Central New York,53-3033,Light Truck or Delivery Services Drivers,2690,48209,44258,36071,54278
10,2,Central New York,53-3051,"Bus Drivers, School",1500,61175,62002,46332,68596
10,2,Central New York,53-3053,Shuttle Drivers and Chauffeurs,650,39532,37749,32573,43013
10,2,Central New York,53-3054,Taxi Drivers,,36209,32240,32240,38335
10,2,Central New York,53-3099,"Motor Vehicle Operators, All Other",160,45665,39272,32699,52148
10,2,Central New York,53-5021,"Captains, Mates, and Pilots of Water Vessels",,70314,63917,45353,82794
10,2,Central New York,53-6021,Parking Lot Attendants,230,36736,36828,32240,39068
10,2,Central New York,53-6031,Automotive and Watercraft Service Attendants,160,39484,39331,33530,42462
10,2,Central New York,53-6032,Aircraft Service Attendants,60,38250,36850,34510,40120
10,2,Central New York,53-6041,Traffic Technicians,,65588,66355,51737,72512
10,2,Central New York,53-6051,Transportation Inspectors,,68053,66254,54357,74902
10,2,Central New York,53-7011,Conveyor Operators and Tenders,,42844,38393,38061,45235
10,2,Central New York,53-7021,Crane and Tower Operators,,116430,93818,51630,148830
10,2,Central New York,53-7051,Industrial Truck and Tractor Operators,1170,48722,46696,40030,53068
10,2,Central New York,53-7061,Cleaners of Vehicles and Equipment,850,37228,35587,32298,39693
10,2,Central New York,53-7062,"Laborers and Freight, Stock, and Material Movers, Hand",6100,46309,46776,36105,51411
10,2,Central New York,53-7063,Machine Feeders and Offbearers,120,45975,42615,35601,51162
10,2,Central New York,53-7064,"Packers and Packagers, Hand",680,38657,37710,32679,41647
10,2,Central New York,53-7065,Stockers and Order Fillers,7270,41761,39444,34479,45403
10,2,Central New York,53-7081,Refuse and Recyclable Material Collectors,170,44154,42249,34818,48822
10,2,Central New York,53-7121,"Tank Car, Truck, and Ship Loaders",,45183,45496,38988,48281
10,3,Finger Lakes,00-0000,"Total, All Occupations",541810,66112,50992,35506,81417
10,3,Finger Lakes,11-0000,Management Occupations,29130,140669,124032,70356,175826
10,3,Finger Lakes,11-1011,Chief Executives,330,287835,177349,120237,371633
10,3,Finger Lakes,11-1021,General and Operations Managers,10810,131335,103854,60244,166881
10,3,Finger Lakes,11-1031,Legislators,110,156909,80029,45022,212853
10,3,Finger Lakes,11-2011,Advertising and Promotions Managers,,194459,153261,101986,240695
10,3,Finger Lakes,11-2021,Marketing Managers,1290,168329,162712,99133,202927
10,3,Finger Lakes,11-2022,Sales Managers,1200,189333,167319,98088,234955
10,3,Finger Lakes,11-2032,Public Relations Managers,150,173314,147412,107376,206283
10,3,Finger Lakes,11-2033,Fundraising Managers,150,159822,138117,104434,187517
10,3,Finger Lakes,11-3012,Administrative Services Managers,620,127679,113578,76418,153310
10,3,Finger Lakes,11-3013,Facilities Managers,520,124734,115212,77783,148210
10,3,Finger Lakes,11-3021,Computer and Information Systems Managers,1630,169989,165860,115447,197260
10,3,Finger Lakes,11-3031,Financial Managers,2190,177700,157942,105041,214030
10,3,Finger Lakes,11-3051,Industrial Production Managers,830,125964,114964,79751,149071
10,3,Finger Lakes,11-3061,Purchasing Managers,250,155020,145718,101244,181907
10,3,Finger Lakes,11-3071,"Transportation, Storage, and Distribution Managers",420,113829,106183,75566,132961
10,3,Finger Lakes,11-3111,Compensation and Benefits Managers,70,150002,140816,101412,174297
10,3,Finger Lakes,11-3121,Human Resources Managers,670,155948,138922,98461,184691
10,3,Finger Lakes,11-3131,Training and Development Managers,130,145220,135737,91874,171893
10,3,Finger Lakes,11-9021,Construction Managers,420,138482,131487,87478,163983
10,3,Finger Lakes,11-9031,"Education Administrators, Preschool and Childcare Center/Program",190,71075,62118,49621,81801
10,3,Finger Lakes,11-9032,"Education Administrators, Elementary and Secondary School",1300,116779,110520,85470,132434
10,3,Finger Lakes,11-9033,"Education Administrators, Postsecondary",490,151113,134604,91300,181019
10,3,Finger Lakes,11-9039,"Education Administrators, All Other",100,92374,89091,59319,108900
10,3,Finger Lakes,11-9041,Architectural and Engineering Managers,600,168570,162660,123366,191171
10,3,Finger Lakes,11-9051,Food Service Managers,,71190,65385,47646,82961
10,3,Finger Lakes,11-9072,"Entertainment and Recreation Managers, Except Gambling",80,86938,78711,50355,105229
10,3,Finger Lakes,11-9081,Lodging Managers,130,80485,67756,48340,96558
10,3,Finger Lakes,11-9111,Medical and Health Services Managers,1420,148595,130865,88893,178445
10,3,Finger Lakes,11-9121,Natural Sciences Managers,180,147796,132057,76100,183645
10,3,Finger Lakes,11-9131,Postmasters and Mail Superintendents,70,98151,95716,90354,102050
10,3,Finger Lakes,11-9141,"Property, Real Estate, and Community Association Managers",460,89243,65787,50973,108377
10,3,Finger Lakes,11-9151,Social and Community Service Managers,980,85230,78614,60840,97424
10,3,Finger Lakes,11-9161,Emergency Management Directors,50,106360,83561,65966,126558
10,3,Finger Lakes,11-9171,Funeral Home Managers,50,95435,78111,58626,113839
10,3,Finger Lakes,11-9179,"Personal Service Managers, All Other",,60938,61788,43568,69623
10,3,Finger Lakes,11-9199,"Managers, All Other",560,141577,133014,86674,169030
10,3,Finger Lakes,13-0000,Business and Financial Operations Occupations,29970,89669,80213,54018,107495
10,3,Finger Lakes,13-1020,Buyers and Purchasing Agents,1880,76592,75062,52149,88814
10,3,Finger Lakes,13-1031,"Claims Adjusters, Examiners, and Investigators",610,79665,79256,55789,91604
10,3,Finger Lakes,13-1041,Compliance Officers,1450,83489,77782,46533,101966
10,3,Finger Lakes,13-1051,Cost Estimators,730,84011,78899,55077,98480
10,3,Finger Lakes,13-1071,Human Resources Specialists,2730,79848,74024,52840,93351
10,3,Finger Lakes,13-1075,Labor Relations Specialists,240,98081,97740,63576,115335
10,3,Finger Lakes,13-1081,Logisticians,470,84229,79545,58040,97324
10,3,Finger Lakes,13-1082,Project Management Specialists,3650,105854,102412,70128,123716
10,3,Finger Lakes,13-1111,Management Analysts,1920,105067,90508,61054,127073
10,3,Finger Lakes,13-1121,"Meeting, Convention, and Event Planners",470,60658,58854,40176,70899
10,3,Finger Lakes,13-1131,Fundraisers,630,71486,65706,43105,85677
10,3,Finger Lakes,13-1141,"Compensation, Benefits, and Job Analysis Specialists",380,82275,78484,58389,94218
10,3,Finger Lakes,13-1151,Training and Development Specialists,1470,72985,67673,46370,86292
10,3,Finger Lakes,13-1161,Market Research Analysts and Marketing Specialists,2730,80354,74424,48522,96269
10,3,Finger Lakes,13-1199,"Business Operations Specialists, All Other",1320,78897,75654,48126,94283
10,3,Finger Lakes,13-2011,Accountants and Auditors,5050,92729,81862,59417,109385
10,3,Finger Lakes,13-2020,Appraisers and Assessors of Real Estate,230,76299,70339,49225,89835
10,3,Finger Lakes,13-2031,Budget Analysts,90,89806,85182,58709,105354
10,3,Finger Lakes,13-2041,Credit Analysts,200,99544,86057,57777,120427
10,3,Finger Lakes,13-2051,Financial Analysts,1190,95379,87084,65216,110461
10,3,Finger Lakes,13-2052,Personal Financial Advisors,830,154559,108707,68186,197746
10,3,Finger Lakes,13-2053,Insurance Underwriters,130,94940,86665,59645,112589
10,3,Finger Lakes,13-2054,Financial Risk Specialists,150,115168,104745,66703,139400
10,3,Finger Lakes,13-2061,Financial Examiners,170,89410,79645,60440,103894
10,3,Finger Lakes,13-2071,Credit Counselors,140,62421,56492,45515,70874
10,3,Finger Lakes,13-2072,Loan Officers,590,103609,77974,48367,131230
10,3,Finger Lakes,13-2081,"Tax Examiners and Collectors, and Revenue Agents",60,81058,75888,54385,94393
10,3,Finger Lakes,13-2082,Tax Preparers,270,60484,57689,37286,72082
10,3,Finger Lakes,13-2099,"Financial Specialists, All Other",130,81762,69930,55720,94782
10,3,Finger Lakes,15-0000,Computer and Mathematical Occupations,14240,98492,89823,57703,118887
10,3,Finger Lakes,15-1211,Computer Systems Analysts,860,97416,93875,66838,112706
10,3,Finger Lakes,15-1212,Information Security Analysts,410,111340,104027,73735,130141
10,3,Finger Lakes,15-1221,Computer and Information Research Scientists,,174992,161324,97906,213535
10,3,Finger Lakes,15-1231,Computer Network Support Specialists,520,75456,70926,53056,86657
10,3,Finger Lakes,15-1232,Computer User Support Specialists,2590,63965,60423,44765,73565
10,3,Finger Lakes,15-1241,Computer Network Architects,520,120561,114300,85128,138277
10,3,Finger Lakes,15-1242,Database Administrators,160,97019,88674,58956,116050
10,3,Finger Lakes,15-1243,Database Architects,150,122214,111306,70574,148034
10,3,Finger Lakes,15-1244,Network and Computer Systems Administrators,1330,96644,90856,67179,111377
10,3,Finger Lakes,15-1251,Computer Programmers,,101328,97567,71905,116039
10,3,Finger Lakes,15-1252,Software Developers,4360,120208,111283,77691,141468
10,3,Finger Lakes,15-1253,Software Quality Assurance Analysts and Testers,560,97961,97603,67052,113415
10,3,Finger Lakes,15-1254,Web Developers,220,80513,80360,54842,93350
10,3,Finger Lakes,15-1255,Web and Digital Interface Designers,470,85924,73883,40584,108594
10,3,Finger Lakes,15-1299,"Computer Occupations, All Other",380,94739,89483,53620,115299
10,3,Finger Lakes,15-2011,Actuaries,70,134981,117596,77520,163713
10,3,Finger Lakes,15-2031,Operations Research Analysts,160,91314,83769,59165,107387
10,3,Finger Lakes,15-2041,Statisticians,,108311,113129,64737,130098
10,3,Finger Lakes,15-2051,Data Scientists,1050,95921,84449,55091,116336
10,3,Finger Lakes,17-0000,Architecture and Engineering Occupations,9800,95179,88784,60047,112745
10,3,Finger Lakes,17-1011,"Architects, Except Landscape and Naval",250,119801,100220,71917,143742
10,3,Finger Lakes,17-1012,Landscape Architects,80,83639,80174,60020,95448
10,3,Finger Lakes,17-1022,Surveyors,160,75332,68061,51273,87362
10,3,Finger Lakes,17-2011,Aerospace Engineers,,101695,90824,76130,114477
10,3,Finger Lakes,17-2031,Biomedical Engineers,120,112482,107666,76666,130390
10,3,Finger Lakes,17-2041,Chemical Engineers,,130917,136080,110087,141332
10,3,Finger Lakes,17-2051,Civil Engineers,880,107598,99666,74410,124192
10,3,Finger Lakes,17-2061,Computer Hardware Engineers,120,118688,110905,75422,140322
10,3,Finger Lakes,17-2071,Electrical Engineers,730,111221,108118,77155,128254
10,3,Finger Lakes,17-2072,"Electronics Engineers, Except Computer",270,110694,105593,75308,128386
10,3,Finger Lakes,17-2081,Environmental Engineers,190,104743,100836,68067,123082
10,3,Finger Lakes,17-2111,"Health and Safety Engineers, Except Mining Safety Engineers and Inspectors",100,115629,111620,82080,132404
10,3,Finger Lakes,17-2112,Industrial Engineers,2150,103945,102065,75134,118350
10,3,Finger Lakes,17-2131,Materials Engineers,,119417,105925,75668,141291
10,3,Finger Lakes,17-2141,Mechanical Engineers,1240,104057,102201,75155,118508
10,3,Finger Lakes,17-2151,"Mining and Geological Engineers, Including Mining Safety Engineers",,91731,82167,67499,103848
10,3,Finger Lakes,17-2199,"Engineers, All Other",510,109996,102889,72860,128566
10,3,Finger Lakes,17-3011,Architectural and Civil Drafters,320,68080,64637,51455,76393
10,3,Finger Lakes,17-3012,Electrical and Electronics Drafters,60,77790,74208,58353,87509
10,3,Finger Lakes,17-3013,Mechanical Drafters,270,71003,68818,52666,80171
10,3,Finger Lakes,17-3019,"Drafters, All Other",60,62531,60880,47883,69856
10,3,Finger Lakes,17-3022,Civil Engineering Technicians,130,62506,64329,41182,73168
10,3,Finger Lakes,17-3023,Electrical and Electronic Engineering Technicians,460,74531,75859,52571,85510
10,3,Finger Lakes,17-3024,Electro-Mechanical Technicians,90,71196,66695,54774,79406
10,3,Finger Lakes,17-3025,Environmental Engineering Technicians,70,54157,53960,42278,60097
10,3,Finger Lakes,17-3026,Industrial Engineering Technicians,770,60224,60101,45890,67391
10,3,Finger Lakes,17-3027,Mechanical Engineering Technicians,130,71003,68890,53501,79753
10,3,Finger Lakes,17-3028,Calibration Technologists and Technicians,50,65356,63737,51497,72286
10,3,Finger Lakes,17-3029,"Engineering Technicians, Except Drafters, All Other",190,61660,61632,37594,73694
10,3,Finger Lakes,17-3031,Surveying and Mapping Technicians,170,57269,56119,42742,64533
10,3,Finger Lakes,19-0000,"Life, Physical, and Social Science Occupations",4640,81492,75022,49767,97354
10,3,Finger Lakes,19-1012,Food Scientists and Technologists,50,88172,83072,59526,102496
10,3,Finger Lakes,19-1022,Microbiologists,70,74209,64096,51397,85615
10,3,Finger Lakes,19-1023,Zoologists and Wildlife Biologists,,88993,82419,71488,97745
10,3,Finger Lakes,19-1029,"Biological Scientists, All Other",170,104452,88004,63497,124929
10,3,Finger Lakes,19-1031,Conservation Scientists,70,65183,65180,40134,77707
10,3,Finger Lakes,19-1032,Foresters,,74490,68717,46965,88252
10,3,Finger Lakes,19-1041,Epidemiologists,,81305,74349,63904,90006
10,3,Finger Lakes,19-1042,"Medical Scientists, Except Epidemiologists",550,73296,62593,49993,84949
10,3,Finger Lakes,19-1099,"Life Scientists, All Other",,106990,90781,72406,124282
10,3,Finger Lakes,19-2031,Chemists,190,92094,81640,65561,105360
10,3,Finger Lakes,19-2032,Materials Scientists,,124577,97743,90989,141371
10,3,Finger Lakes,19-2041,"Environmental Scientists and Specialists, Including Health",220,74293,67304,53565,84657
10,3,Finger Lakes,19-2042,"Geoscientists, Except Hydrologists and Geographers",,86520,74845,58007,100777
10,3,Finger Lakes,19-2099,"Physical Scientists, All Other",80,114896,112840,73401,135644
10,3,Finger Lakes,19-3011,Economists,,119242,106147,85945,135890
10,3,Finger Lakes,19-3033,Clinical and Counseling Psychologists,200,98516,97517,58996,118276
10,3,Finger Lakes,19-3034,School Psychologists,600,78350,75018,54469,90291
10,3,Finger Lakes,19-3039,"Psychologists, All Other",,105916,120928,58600,129574
10,3,Finger Lakes,19-3051,Urban and Regional Planners,190,106286,110031,73654,122603
10,3,Finger Lakes,19-3093,Historians,60,60511,48188,33566,73983
10,3,Finger Lakes,19-3099,"Social Scientists and Related Workers, All Other",210,86828,87320,76730,91878
10,3,Finger Lakes,19-4013,Food Science Technicians,120,63006,52658,43581,72718
10,3,Finger Lakes,19-4021,Biological Technicians,150,47182,45508,37121,52212
10,3,Finger Lakes,19-4031,Chemical Technicians,210,61335,52269,39781,72112
10,3,Finger Lakes,19-4042,"Environmental Science and Protection Technicians, Including Health",200,55469,52269,37836,64286
10,3,Finger Lakes,19-4061,Social Science Research Assistants,,68601,62259,49287,78258
10,3,Finger Lakes,19-4092,Forensic Science Technicians,,70639,66357,56027,77944
10,3,Finger Lakes,19-4099,"Life, Physical, and Social Science Technicians, All Other",230,58155,55017,38929,67767
10,3,Finger Lakes,19-5011,Occupational Health and Safety Specialists,490,86089,80820,60558,98855
10,3,Finger Lakes,19-5012,Occupational Health and Safety Technicians,70,66318,56667,47711,75622
10,3,Finger Lakes,21-0000,Community and Social Service Occupations,12940,60596,58920,40901,70445
10,3,Finger Lakes,21-1012,"Educational, Guidance, School, and Vocational Counselors",1730,65035,61536,46813,74146
10,3,Finger Lakes,21-1013,Marriage and Family Therapists,60,59247,55866,46298,65721
10,3,Finger Lakes,21-1015,Rehabilitation Counselors,230,54698,45745,40282,61907
10,3,Finger Lakes,21-1018,"Substance abuse, behavioral disorder, and mental health counselors?(OES-specific code and title)",1190,60850,60015,44765,68892
10,3,Finger Lakes,21-1021,"Child, Family, and School Social Workers",1590,69143,64566,49238,79097
10,3,Finger Lakes,21-1022,Healthcare Social Workers,1800,57169,53740,37935,66785
10,3,Finger Lakes,21-1023,Mental Health and Substance Abuse Social Workers,850,70222,70170,44600,83034
10,3,Finger Lakes,21-1029,"Social Workers, All Other",260,77316,82342,56090,87928
10,3,Finger Lakes,21-1091,Health Educators,300,57307,54624,39202,66360
10,3,Finger Lakes,21-1092,Probation Officers and Correctional Treatment Specialists,400,81009,79694,64710,89159
10,3,Finger Lakes,21-1093,Social and Human Service Assistants,2800,47844,46145,36488,53521
10,3,Finger Lakes,21-1094,Community Health Workers,360,53846,52067,41636,59950
10,3,Finger Lakes,21-1099,"Community and Social Service Specialists, All Other",480,69148,67488,53832,76805
10,3,Finger Lakes,21-2011,Clergy,620,65433,61533,43032,76634
10,3,Finger Lakes,21-2021,"Directors, Religious Activities and Education",220,51530,43890,34648,59972
10,3,Finger Lakes,21-2099,"Religious Workers, All Other",,48868,49668,37787,54409
10,3,Finger Lakes,23-0000,Legal Occupations,3800,133553,100286,54599,173030
10,3,Finger Lakes,23-1011,Lawyers,2120,177473,140037,84822,223797
10,3,Finger Lakes,23-1012,Judicial Law Clerks,,108561,125923,42273,141706
10,3,Finger Lakes,23-1021,"Administrative Law Judges, Adjudicators, and Hearing Officers",,128714,110140,95539,145301
10,3,Finger Lakes,23-1022,"Arbitrators, Mediators, and Conciliators",,107438,111580,70472,125921
10,3,Finger Lakes,23-1023,"Judges, Magistrate Judges, and Magistrates",180,173852,175159,122310,199623
10,3,Finger Lakes,23-2011,Paralegals and Legal Assistants,1240,62875,60314,44791,71916
10,3,Finger Lakes,23-2093,"Title Examiners, Abstractors, and Searchers",130,61877,60384,43365,71132
10,3,Finger Lakes,25-0000,"Education, Training, and Library Occupations",48740,73210,60776,36203,91714
10,3,Finger Lakes,25-1011,"Business Teachers, Postsecondary",480,119719,101797,56953,151102
10,3,Finger Lakes,25-1022,"Mathematical Science Teachers, Postsecondary",290,85153,80092,52864,101297
10,3,Finger Lakes,25-1032,"Engineering Teachers, Postsecondary",360,107058,102002,57890,131642
10,3,Finger Lakes,25-1042,"Biological Science Teachers, Postsecondary",300,110701,97697,60878,135613
10,3,Finger Lakes,25-1052,"Chemistry Teachers, Postsecondary",180,91783,83399,59686,107832
10,3,Finger Lakes,25-1053,"Environmental Science Teachers, Postsecondary",,82041,69124,55468,95327
10,3,Finger Lakes,25-1054,"Physics Teachers, Postsecondary",130,105173,100108,60181,127668
10,3,Finger Lakes,25-1061,"Anthropology and Archeology Teachers, Postsecondary",,103350,101297,63075,123488
10,3,Finger Lakes,25-1062,"Area, Ethnic, and Cultural Studies Teachers, Postsecondary",140,75961,66306,47504,90188
10,3,Finger Lakes,25-1063,"Economics Teachers, Postsecondary",80,138406,102565,68551,173334
10,3,Finger Lakes,25-1065,"Political Science Teachers, Postsecondary",90,123303,81115,62331,153790
10,3,Finger Lakes,25-1066,"Psychology Teachers, Postsecondary",220,88601,80551,55913,104946
10,3,Finger Lakes,25-1067,"Sociology Teachers, Postsecondary",50,80982,79441,53028,94958
10,3,Finger Lakes,25-1069,"Social Sciences Teachers, Postsecondary, All Other",60,87778,62570,56110,103612
10,3,Finger Lakes,25-1072,"Nursing Instructors and Teachers, Postsecondary",640,82436,76662,55755,95776
10,3,Finger Lakes,25-1081,"Education Teachers, Postsecondary",320,86621,74995,50706,104578
10,3,Finger Lakes,25-1111,"Criminal Justice and Law Enforcement Teachers, Postsecondary",60,77406,75124,53037,89590
10,3,Finger Lakes,25-1113,"Social Work Teachers, Postsecondary",,63060,54362,40512,74335
10,3,Finger Lakes,25-1121,"Art, Drama, and Music Teachers, Postsecondary",1020,94698,80426,53338,115377
10,3,Finger Lakes,25-1122,"Communications Teachers, Postsecondary",130,79285,78442,51159,93348
10,3,Finger Lakes,25-1123,"English Language and Literature Teachers, Postsecondary",310,82713,81354,54815,96663
10,3,Finger Lakes,25-1124,"Foreign Language and Literature Teachers, Postsecondary",90,86500,76891,56397,101551
10,3,Finger Lakes,25-1125,"History Teachers, Postsecondary",130,97924,86120,66544,113614
10,3,Finger Lakes,25-1126,"Philosophy and Religion Teachers, Postsecondary",120,90036,79934,58283,105912
10,3,Finger Lakes,25-1193,"Recreation and Fitness Studies Teachers, Postsecondary",90,74369,65946,46878,88113
10,3,Finger Lakes,25-1194,"Vocational Education Teachers, Postsecondary",280,73026,67478,50093,84493
10,3,Finger Lakes,25-1199,"Postsecondary Teachers, All Other",170,88964,79571,56171,105360
10,3,Finger Lakes,25-2011,"Preschool Teachers, Except Special Education",1510,46324,38610,33333,52818
10,3,Finger Lakes,25-2012,"Kindergarten Teachers, Except Special Education",630,65819,60616,48310,74574
10,3,Finger Lakes,25-2021,"Elementary School Teachers, Except Special Education",6720,67400,64063,49420,76390
10,3,Finger Lakes,25-2022,"Middle School Teachers, Except Special and Career/Technical Education",2140,71418,68397,52359,80947
10,3,Finger Lakes,25-2023,"Career/Technical  Education Teachers, Middle School",100,75083,78577,51630,86809
10,3,Finger Lakes,25-2031,"Secondary School Teachers, Except Special and Career/Technical Education",4900,71728,67002,52337,81424
10,3,Finger Lakes,25-2032,"Career/Technical Education Teachers, Secondary School",690,72127,66668,55000,80691
10,3,Finger Lakes,25-2051,"Special Education Teachers, Preschool",220,75776,65134,48458,89434
10,3,Finger Lakes,25-2052,"Special Education Teachers, Kindergarten and Elementary School",1480,66356,64106,50697,74186
10,3,Finger Lakes,25-2057,"Special Education Teachers, Middle School",480,71577,65272,54572,80079
10,3,Finger Lakes,25-2058,"Special Education Teachers, Secondary School",1500,69003,65075,53971,76520
10,3,Finger Lakes,25-2059,"Special Education Teachers, All Other",100,69278,65730,52126,77853
10,3,Finger Lakes,25-3011,Adult Basic and Secondary Education and Literacy Teachers and Instructors,190,62942,63735,50693,69067
10,3,Finger Lakes,25-3021,Self-Enrichment Education Teachers,1340,57254,49642,35864,67949
10,3,Finger Lakes,25-3031,"Substitute Teachers, Short-Term",2960,46057,38253,33781,52195
10,3,Finger Lakes,25-3041,Tutors,610,54388,46175,33614,64775
10,3,Finger Lakes,25-3099,"Teachers and Instructors, All Other",160,71536,68151,52459,81074
10,3,Finger Lakes,25-4011,Archivists,50,74954,74842,51971,86446
10,3,Finger Lakes,25-4012,Curators,60,60712,58278,38542,71798
10,3,Finger Lakes,25-4013,Museum Technicians and Conservators,50,52439,50343,38752,59283
10,3,Finger Lakes,25-4022,Librarians and Media Collections Specialists,740,66508,62578,48678,75422
10,3,Finger Lakes,25-4031,Library Technicians,220,41353,36193,32462,45799
10,3,Finger Lakes,25-9031,Instructional Coordinators,1250,72756,64939,48503,84883
10,3,Finger Lakes,25-9045,"Teaching Assistants, Except Postsecondary",8820,36490,34429,32240,38712
10,3,Finger Lakes,25-9099,"Education, Training, and Library Workers, All Other",,45943,34145,32624,52602
10,3,Finger Lakes,27-0000,"Arts, Design, Entertainment, Sports, and Media Occupations",6730,72474,61667,39695,88862
10,3,Finger Lakes,27-1011,Art Directors,170,106971,93861,60398,130258
10,3,Finger Lakes,27-1012,Craft Artists,,51443,52495,39548,57390
10,3,Finger Lakes,27-1014,Multimedia Artists and Animators,,106554,95927,61381,129142
10,3,Finger Lakes,27-1019,"Artists and Related Workers, All Other",,59250,47686,44412,66668
10,3,Finger Lakes,27-1021,Commercial and Industrial Designers,100,83619,78948,52447,99205
10,3,Finger Lakes,27-1022,Fashion Designers,90,80727,76286,50867,95657
10,3,Finger Lakes,27-1023,Floral Designers,150,41543,38295,35592,44520
10,3,Finger Lakes,27-1024,Graphic Designers,670,67299,61778,43658,79119
10,3,Finger Lakes,27-1025,Interior Designers,170,57288,52918,40083,65890
10,3,Finger Lakes,27-1026,Merchandise Displayers and Window Trimmers,510,41785,39228,34588,45383
10,3,Finger Lakes,27-1029,"Designers, All Other",,66345,63856,51165,73935
10,3,Finger Lakes,27-2012,Producers and Directors,420,106119,82500,51159,133599
10,3,Finger Lakes,27-2022,Coaches and Scouts,900,57298,49772,34528,68683
10,3,Finger Lakes,27-2023,"Umpires, Referees, and Other Sports Officials",,55136,40760,32868,66270
10,3,Finger Lakes,27-2041,Music Directors and Composers,230,83436,71494,53709,98298
10,3,Finger Lakes,27-3011,Radio and Television Announcers,100,61456,41820,34695,74836
10,3,Finger Lakes,27-3023,"News Analysts, Reporters, and Journalist",90,78450,52654,38372,98488
10,3,Finger Lakes,27-3031,Public Relations Specialists,860,75974,66725,48372,89775
10,3,Finger Lakes,27-3041,Editors,200,81197,64766,41454,101069
10,3,Finger Lakes,27-3042,Technical Writers,90,81084,78365,58790,92231
10,3,Finger Lakes,27-3043,Writers and Authors,100,73967,63338,39463,91220
10,3,Finger Lakes,27-3091,Interpreters and Translators,520,79403,78693,53318,92446
10,3,Finger Lakes,27-4011,Audio and Video Equipment Technicians,300,63363,54800,41482,74304
10,3,Finger Lakes,27-4012,Broadcast Technicians,50,59182,46906,33139,72202
10,3,Finger Lakes,27-4014,Sound Engineering Technicians,,80821,77894,52709,94878
10,3,Finger Lakes,27-4015,Lighting Technicians,,66719,67184,45523,77317
10,3,Finger Lakes,27-4021,Photographers,90,50355,45069,33514,58776
10,3,Finger Lakes,27-4031,"Camera Operators, Television, Video, and Motion Picture",60,102977,100680,47065,130932
10,3,Finger Lakes,27-4032,Film and Video Editors,60,87543,70779,48745,106944
10,3,Finger Lakes,29-0000,Healthcare Practitioners and Technical Occupations,38230,94475,81970,54481,114472
10,3,Finger Lakes,29-1011,Chiropractors,160,76914,76270,45213,92764
10,3,Finger Lakes,29-1021,"Dentists, General",480,156366,164020,63317,202890
10,3,Finger Lakes,29-1022,Oral and Maxillofacial Surgeons,,228260,184601,104219,290281
10,3,Finger Lakes,29-1029,"Dentists, All Other Specialists",,251518,211453,125372,314590
10,3,Finger Lakes,29-1031,Dietitians and Nutritionists,330,74912,73403,59831,82453
10,3,Finger Lakes,29-1041,Optometrists,100,146054,142622,103209,167477
10,3,Finger Lakes,29-1051,Pharmacists,1130,136531,136813,111691,148951
10,3,Finger Lakes,29-1071,Physician Assistants,1000,133502,132173,109362,145573
10,3,Finger Lakes,29-1081,Podiatrists,,130924,122458,64751,164010
10,3,Finger Lakes,29-1122,Occupational Therapists,740,84065,81034,60616,95790
10,3,Finger Lakes,29-1123,Physical Therapists,1100,87822,82141,68152,97657
10,3,Finger Lakes,29-1124,Radiation Therapists,90,98557,97958,82092,106788
10,3,Finger Lakes,29-1125,Recreational Therapists,90,62747,59930,46818,70711
10,3,Finger Lakes,29-1126,Respiratory Therapists,440,90815,85636,74238,99104
10,3,Finger Lakes,29-1127,Speech-Language Pathologists,950,82579,78698,57991,94872
10,3,Finger Lakes,29-1129,"Therapists, All Other",90,65729,63502,47412,74887
10,3,Finger Lakes,29-1131,Veterinarians,250,130184,131431,86998,151778
10,3,Finger Lakes,29-1141,Registered Nurses,13140,95293,94317,75273,105303
10,3,Finger Lakes,29-1151,Nurse Anesthetists,90,268237,,233805,
10,3,Finger Lakes,29-1161,Nurse Midwives,50,132482,125735,114559,141444
10,3,Finger Lakes,29-1171,Nurse Practitioners,1980,127381,129019,100880,140632
10,3,Finger Lakes,29-1181,Audiologists,60,88660,84361,76275,94852
10,3,Finger Lakes,29-1213,Dermatologists,60,263724,,73900,358636
10,3,Finger Lakes,29-1214,Emergency Medicine Physicians,140,232917,131764,68455,315147
10,3,Finger Lakes,29-1215,Family Medicine Physicians,110,222673,221040,151580,258219
10,3,Finger Lakes,29-1218,Obstetricians and Gynecologists,190,208254,207737,85704,269530
10,3,Finger Lakes,29-1223,Psychiatrists,130,195494,187221,71779,257352
10,3,Finger Lakes,29-1224,Radiologists,130,157973,75631,65100,204409
10,3,Finger Lakes,29-1229,"Physicians, All Other",470,240295,236045,106945,306970
10,3,Finger Lakes,29-1241,"Ophthalmologists, Except Pediatric",,237504,75571,69035,321740
10,3,Finger Lakes,29-1292,Dental Hygienists,1060,86449,84866,78068,90640
10,3,Finger Lakes,29-1299,"Healthcare Diagnosing or Treating Practitioners, All Other",,101356,98686,64844,119612
10,3,Finger Lakes,29-2010,Clinical Laboratory Technologists and Technicians,1230,76280,80494,47708,90566
10,3,Finger Lakes,29-2031,Cardiovascular Technologists and Technicians,140,86847,77583,49003,105768
10,3,Finger Lakes,29-2032,Diagnostic Medical Sonographers,440,87757,84156,75697,93787
10,3,Finger Lakes,29-2033,Nuclear Medicine Technologists,70,98925,103043,81874,107452
10,3,Finger Lakes,29-2034,Radiologic Technologists,770,78537,78061,60931,87340
10,3,Finger Lakes,29-2035,Magnetic Resonance Imaging Technologists,260,85939,80384,73164,92326
10,3,Finger Lakes,29-2042,Emergency Medical Technicians,930,43186,40564,37669,45945
10,3,Finger Lakes,29-2043,Paramedics,490,63753,62792,54324,68466
10,3,Finger Lakes,29-2051,Dietetic Technicians,90,43839,43627,34151,48683
10,3,Finger Lakes,29-2052,Pharmacy Technicians,1980,42715,39035,37122,45511
10,3,Finger Lakes,29-2055,Surgical Technologists,320,64362,60181,45544,73772
10,3,Finger Lakes,29-2056,Veterinary Technologists and Technicians,390,53138,50156,46272,56571
10,3,Finger Lakes,29-2057,Ophthalmic Medical Technicians,200,44828,43604,36659,48913
10,3,Finger Lakes,29-2061,Licensed Practical and Licensed Vocational Nurses,3380,63235,62532,53189,68259
10,3,Finger Lakes,29-2072,Medical Records Specialists,610,59947,55421,45251,67296
10,3,Finger Lakes,29-2081,"Opticians, Dispensing",280,61359,61353,47224,68426
10,3,Finger Lakes,29-2091,Orthotists and Prosthetists,,79749,76703,53687,92780
10,3,Finger Lakes,29-2099,"Health Technologists and Technicians, All Other",390,61392,53287,40661,71758
10,3,Finger Lakes,29-9021,Health Information Technologists and Medical Registrars,90,70153,61927,47081,81688
10,3,Finger Lakes,29-9091,Athletic Trainers,130,62598,59852,50057,68868
10,3,Finger Lakes,29-9099,"Healthcare Practitioners and Technical Workers, All Other",,77079,62344,48229,91505
10,3,Finger Lakes,31-0000,Healthcare Support Occupations,28580,41422,38712,34337,44965
10,3,Finger Lakes,31-1120,Home Health & Personal Care Aides,16860,38627,37116,33309,41286
10,3,Finger Lakes,31-1131,Nursing Assistants,5680,43499,41597,38082,46207
10,3,Finger Lakes,31-1132,Orderlies,350,41868,44210,36459,44573
10,3,Finger Lakes,31-2011,Occupational Therapy Assistants,160,61195,61924,42531,70526
10,3,Finger Lakes,31-2021,Physical Therapist Assistants,220,62882,59636,51796,68425
10,3,Finger Lakes,31-2022,Physical Therapist Aides,60,37557,33269,32240,40292
10,3,Finger Lakes,31-9011,Massage Therapists,220,64289,64356,41231,75818
10,3,Finger Lakes,31-9091,Dental Assistants,1140,48008,47840,39969,52027
10,3,Finger Lakes,31-9092,Medical Assistants,1930,44361,44004,38935,47074
10,3,Finger Lakes,31-9093,Medical Equipment Preparers,310,47769,50235,38557,52374
10,3,Finger Lakes,31-9094,Medical Transcriptionists,90,42862,39841,36273,46157
10,3,Finger Lakes,31-9095,Pharmacy Aides,,41041,37817,34698,44212
10,3,Finger Lakes,31-9096,Veterinary Assistants and Laboratory Animal Caretakers,410,39593,38055,35607,41586
10,3,Finger Lakes,31-9097,Phlebotomists,470,46752,46625,39778,50240
10,3,Finger Lakes,31-9099,"Healthcare Support Workers, All Other",380,47319,42783,40232,50862
10,3,Finger Lakes,33-0000,Protective Service Occupations,14670,65972,64906,37546,80184
10,3,Finger Lakes,33-1011,First-Line Supervisors of Correctional Officers,330,94308,90729,81378,100774
10,3,Finger Lakes,33-1012,First-Line Supervisors of Police and Detectives,510,117583,113791,91948,130400
10,3,Finger Lakes,33-1021,First-Line Supervisors of Fire Fighting and Prevention Workers,280,110517,110552,100739,115405
10,3,Finger Lakes,33-1091,First-Line Supervisors of Security Workers,220,67187,66795,45370,78097
10,3,Finger Lakes,33-1099,"First-Line Supervisors of Protective Service Workers, All Other",80,63135,60163,42216,73595
10,3,Finger Lakes,33-2011,Firefighters,840,81053,90891,61034,91061
10,3,Finger Lakes,33-2021,Fire Inspectors and Investigators,60,72263,71578,46726,85031
10,3,Finger Lakes,33-3011,Bailiffs,140,72947,79000,47219,85810
10,3,Finger Lakes,33-3012,Correctional Officers and Jailers,3110,73625,74466,64834,78021
10,3,Finger Lakes,33-3021,Detectives and Criminal Investigators,550,102104,110786,71235,117538
10,3,Finger Lakes,33-3031,Fish and Game Wardens,,82801,83871,71759,88323
10,3,Finger Lakes,33-3041,Parking Enforcement Workers,,47698,43727,38505,52294
10,3,Finger Lakes,33-3051,Police and Sheriff's Patrol Officers,2150,84359,86860,60511,96284
10,3,Finger Lakes,33-9011,Animal Control Workers,120,56800,48344,37039,66681
10,3,Finger Lakes,33-9021,Private Detectives and Investigators,110,63513,57083,42214,74162
10,3,Finger Lakes,33-9032,Security Guards,3340,45753,43409,35856,50702
10,3,Finger Lakes,33-9091,Crossing Guards,420,44197,37552,34106,49241
10,3,Finger Lakes,33-9092,"Lifeguards, Ski Patrol, and Other Recreational Protective Service",730,35491,35947,32678,36898
10,3,Finger Lakes,33-9094,School Bus Monitors,1450,36690,35634,33200,38436
10,3,Finger Lakes,33-9099,"Protective Service Workers, All Other",50,62450,51857,41363,72995
10,3,Finger Lakes,35-0000,Food Preparation and Serving Related Occupations,46050,41624,36260,32340,46266
10,3,Finger Lakes,35-1011,Chefs and Head Cooks,720,67027,62557,45328,77877
10,3,Finger Lakes,35-1012,First-Line Supervisors of Food Preparation and Serving Workers,4380,46923,43744,36566,52101
10,3,Finger Lakes,35-2011,"Cooks, Fast Food",1990,34506,34822,32240,35663
10,3,Finger Lakes,35-2012,"Cooks, Institution and Cafeteria",1370,42291,40385,35505,45685
10,3,Finger Lakes,35-2014,"Cooks, Restaurant",3620,39710,38015,33480,42826
10,3,Finger Lakes,35-2015,"Cooks, Short Order",1240,40016,40049,33696,43177
10,3,Finger Lakes,35-2021,Food Preparation Workers,2940,36329,35235,32240,38450
10,3,Finger Lakes,35-3011,Bartenders,2720,53135,47339,33626,62889
10,3,Finger Lakes,35-3023,Fast Food and Counter Workers,12570,34996,34195,32240,36430
10,3,Finger Lakes,35-3031,Waiters and Waitresses,7490,52404,46255,32842,62185
10,3,Finger Lakes,35-3041,"Food Servers, Nonrestaurant",1370,36936,34883,32240,39349
10,3,Finger Lakes,35-9011,Dining Room and Cafeteria Attendants and Bartender Helpers,2680,37470,34438,32240,40151
10,3,Finger Lakes,35-9021,Dishwashers,1830,34340,32669,32240,35466
10,3,Finger Lakes,35-9031,"Hosts and Hostesses, Restaurant, Lounge, and Coffee Shop",1060,40147,37234,32240,44112
10,3,Finger Lakes,35-9099,"Food Preparation and Serving Related Workers, All Other",,40214,38310,35696,42472
10,3,Finger Lakes,37-0000,Building and Grounds Cleaning and Maintenance Occupations,17520,41719,37910,33337,45911
10,3,Finger Lakes,37-1011,First-Line Supervisors of Housekeeping and Janitorial Workers,550,55034,52785,39782,62661
10,3,Finger Lakes,37-1012,"First-Line Supervisors of Landscaping, Lawn Service, and Groundskeeping Workers",400,62698,61087,47053,70521
10,3,Finger Lakes,37-2011,"Janitors and Cleaners, Except Maids and Housekeeping Cleaners",10180,39156,37094,32973,42249
10,3,Finger Lakes,37-2012,Maids and Housekeeping Cleaners,2020,39626,35784,32240,43357
10,3,Finger Lakes,37-2021,Pest Control Workers,280,52561,50967,40169,58756
10,3,Finger Lakes,37-3011,Landscaping and Groundskeeping Workers,3580,41423,38701,34724,44773
10,3,Finger Lakes,37-3012,"Pesticide Handlers, Sprayers, and Applicators, Vegetation",,50936,48532,36681,58063
10,3,Finger Lakes,37-3013,Tree Trimmers and Pruners,470,67909,65037,51150,76289
10,3,Finger Lakes,37-3019,"Grounds Maintenance Workers, All Other",,50367,41229,35007,58048
10,3,Finger Lakes,39-0000,Personal Care and Service Occupations,10880,40720,35149,32240,45034
10,3,Finger Lakes,39-1014,"First-Line Supervisors of Entertainment and Recreation Workers, Except Gambling Services",180,48930,42983,37303,54743
10,3,Finger Lakes,39-1022,First-Line Supervisors of Personal Service Workers,430,56602,57866,38053,65876
10,3,Finger Lakes,39-2011,Animal Trainers,70,54884,47905,34718,64968
10,3,Finger Lakes,39-2021,Nonfarm Animal Caretakers,780,36764,35210,32240,39100
10,3,Finger Lakes,39-3031,"Ushers, Lobby Attendants, and Ticket Takers",270,33400,32240,32240,34058
10,3,Finger Lakes,39-3091,Amusement and Recreation Attendants,1110,35519,32240,32240,37235
10,3,Finger Lakes,39-3092,Costume Attendants,,66874,80428,43205,78708
10,3,Finger Lakes,39-3093,"Locker Room, Coatroom, and Dressing Room Attendants",60,36208,32240,32240,38268
10,3,Finger Lakes,39-4021,Funeral Attendants,110,38536,37265,33014,41298
10,3,Finger Lakes,39-4031,"Morticians, Undertakers, and Funeral Directors",120,64569,64010,42646,75530
10,3,Finger Lakes,39-5012,"Hairdressers, Hairstylists, and Cosmetologists",870,46362,35378,32240,53497
10,3,Finger Lakes,39-5092,Manicurists and Pedicurists,630,33031,32240,32240,33503
10,3,Finger Lakes,39-5094,Skincare Specialists,200,47750,38976,32931,55160
10,3,Finger Lakes,39-6011,Baggage Porters and Bellhops,60,39220,34552,32240,42786
10,3,Finger Lakes,39-6012,Concierges,140,39832,38990,33220,43138
10,3,Finger Lakes,39-7010,Tour and Travel Guides,120,34255,32240,32240,35338
10,3,Finger Lakes,39-9011,Childcare Workers,2410,35223,34503,32240,36785
10,3,Finger Lakes,39-9031,Fitness Trainers and Aerobics Instructors,1250,50144,39073,32243,59095
10,3,Finger Lakes,39-9032,Recreation Workers,1410,38605,36326,32240,41810
10,3,Finger Lakes,39-9041,Residential Advisors,330,45470,41198,35547,50432
10,3,Finger Lakes,41-0000,Sales and Related Occupations,43870,55497,37101,32550,66970
10,3,Finger Lakes,41-1011,First-Line Supervisors of Retail Sales Workers,3430,57822,51041,37917,67775
10,3,Finger Lakes,41-1012,First-Line Supervisors of Non-Retail Sales Workers,830,112239,102764,69262,133728
10,3,Finger Lakes,41-2011,Cashiers,11010,34140,33572,32240,35255
10,3,Finger Lakes,41-2021,Counter and Rental Clerks,1550,50017,43744,34957,57547
10,3,Finger Lakes,41-2022,Parts Salespersons,740,47021,46433,35051,53007
10,3,Finger Lakes,41-2031,Retail Salespersons,14090,40622,35085,32240,44948
10,3,Finger Lakes,41-3011,Advertising Sales Agents,280,82704,62905,38694,104708
10,3,Finger Lakes,41-3021,Insurance Sales Agents,1420,83328,65751,43203,103389
10,3,Finger Lakes,41-3031,"Securities, Commodities, and Financial Services Sales Agents",1000,100264,82018,52553,124121
10,3,Finger Lakes,41-3041,Travel Agents,100,47492,44149,35246,53614
10,3,Finger Lakes,41-3091,"Sales Representatives of Services, Except Advertising, Insurance, Financial Services, and Travel",3190,81426,71870,44856,99710
10,3,Finger Lakes,41-4011,"Sales Representatives, Wholesale and Manufacturing, Technical and Scientific Products",820,143131,139384,80346,174523
10,3,Finger Lakes,41-4012,"Sales Representatives, Wholesale and Manufacturing, Except Technical and Scientific Products",4440,88310,73037,48416,108257
10,3,Finger Lakes,41-9011,Demonstrators and Product Promoters,150,43044,38420,34846,47143
10,3,Finger Lakes,41-9022,Real Estate Sales Agents,190,99691,87489,51056,124008
10,3,Finger Lakes,41-9031,Sales Engineers,230,111509,104489,71746,131390
10,3,Finger Lakes,41-9041,Telemarketers,250,36850,36998,32240,39254
10,3,Finger Lakes,41-9099,"Sales and Related Workers, All Other",60,47875,42536,33389,55117
10,3,Finger Lakes,43-0000,Office and Administrative Support Occupations,65740,51180,47195,36852,58344
10,3,Finger Lakes,43-1011,First-Line Supervisors of Office and Administrative Support Workers,4390,74338,71510,52899,85057
10,3,Finger Lakes,43-2011,"Switchboard Operators, Including Answering Service",130,40340,39043,35784,42619
10,3,Finger Lakes,43-2021,Telephone Operators,,53265,47674,41064,59366
10,3,Finger Lakes,43-3011,Bill and Account Collectors,620,48860,48298,36953,54815
10,3,Finger Lakes,43-3021,Billing and Posting Clerks,1630,50152,47458,40382,55036
10,3,Finger Lakes,43-3031,"Bookkeeping, Accounting, and Auditing Clerks",5510,51942,49887,38895,58466
10,3,Finger Lakes,43-3051,Payroll and Timekeeping Clerks,710,58185,57095,45845,64355
10,3,Finger Lakes,43-3061,Procurement Clerks,220,46422,45936,36469,51398
10,3,Finger Lakes,43-3071,Tellers,1070,42177,40457,37556,44488
10,3,Finger Lakes,43-4011,Brokerage Clerks,170,74394,62017,56353,83416
10,3,Finger Lakes,43-4021,Correspondence Clerks,,50027,50958,36153,56964
10,3,Finger Lakes,43-4031,"Court, Municipal, and License Clerks",730,56198,50565,40638,63978
10,3,Finger Lakes,43-4041,"Credit Authorizers, Checkers, and Clerks",50,52498,45825,41478,58007
10,3,Finger Lakes,43-4051,Customer Service Representatives,9810,47097,44742,35894,52699
10,3,Finger Lakes,43-4061,"Eligibility Interviewers, Government Programs",480,54504,50175,46245,58633
10,3,Finger Lakes,43-4071,File Clerks,200,39795,38350,32240,43664
10,3,Finger Lakes,43-4081,"Hotel, Motel, and Resort Desk Clerks",490,38434,35568,33272,41016
10,3,Finger Lakes,43-4111,"Interviewers, Except Eligibility and Loan",600,46598,44819,39587,50104
10,3,Finger Lakes,43-4121,"Library Assistants, Clerical",560,36824,34280,32240,39200
10,3,Finger Lakes,43-4131,Loan Interviewers and Clerks,330,52646,51047,42610,57665
10,3,Finger Lakes,43-4141,New Accounts Clerks,280,49808,47536,43877,52775
10,3,Finger Lakes,43-4151,Order Clerks,260,48894,46818,37907,54387
10,3,Finger Lakes,43-4161,"Human Resources Assistants, Except Payroll and Timekeeping",550,50829,48790,40362,56063
10,3,Finger Lakes,43-4171,Receptionists and Information Clerks,3540,40041,38335,33216,43454
10,3,Finger Lakes,43-4181,Reservation and Transportation Ticket Agents and Travel Clerks,80,47195,47151,35765,52910
10,3,Finger Lakes,43-4199,"Information and Record Clerks, All Other",220,41774,38596,32240,46725
10,3,Finger Lakes,43-5011,Cargo and Freight Agents,140,54630,49305,40119,61885
10,3,Finger Lakes,43-5021,Couriers and Messengers,370,39093,37017,33275,42003
10,3,Finger Lakes,43-5031,"Police, Fire, and Ambulance Dispatchers",530,60656,60909,48860,66553
10,3,Finger Lakes,43-5032,"Dispatchers, Except Police, Fire, and Ambulance",810,52932,52122,39530,59633
10,3,Finger Lakes,43-5041,"Meter Readers, Utilities",,64396,60621,45184,74001
10,3,Finger Lakes,43-5051,Postal Service Clerks,350,61566,64020,48271,68213
10,3,Finger Lakes,43-5052,Postal Service Mail Carriers,1370,61218,59643,44620,69518
10,3,Finger Lakes,43-5053,"Postal Service Mail Sorters, Processors, and Processing Machine Operators",,59135,57752,45595,65904
10,3,Finger Lakes,43-5061,"Production, Planning, and Expediting Clerks",2860,57725,52506,41301,65937
10,3,Finger Lakes,43-5071,"Shipping, Receiving, and Traffic Clerks",2890,46655,45680,36351,51806
10,3,Finger Lakes,43-5111,"Weighers, Measurers, Checkers, and Samplers, Recordkeeping",120,48230,48549,36887,53901
10,3,Finger Lakes,43-6011,Executive Secretaries and Executive Administrative Assistants,2860,74595,72942,57080,83352
10,3,Finger Lakes,43-6012,Legal Secretaries,370,57069,51194,43874,63667
10,3,Finger Lakes,43-6013,Medical Secretaries,3240,44923,46144,38577,48095
10,3,Finger Lakes,43-6014,"Secretaries and Administrative Assistants, Except Legal, Medical, and Executive",7480,47971,47104,37434,53240
10,3,Finger Lakes,43-9021,Data Entry Keyers,360,44910,40945,34695,50016
10,3,Finger Lakes,43-9022,Word Processors and Typists,800,45448,42392,36286,50029
10,3,Finger Lakes,43-9031,Desktop Publishers,,51031,45376,42304,55394
10,3,Finger Lakes,43-9041,Insurance Claims and Policy Processing Clerks,470,51783,48420,42496,56427
10,3,Finger Lakes,43-9051,"Mail Clerks and Mail Machine Operators, Except Postal Service",220,41745,40786,34582,45327
10,3,Finger Lakes,43-9061,"Office Clerks, General",6500,44216,42020,33636,49507
10,3,Finger Lakes,43-9071,"Office Machine Operators, Except Computer",140,40927,36933,35165,43808
10,3,Finger Lakes,43-9081,Proofreaders and Copy Markers,,53057,45380,39904,59632
10,3,Finger Lakes,43-9111,Statistical Assistants,,59255,55076,44769,66498
10,3,Finger Lakes,43-9199,"Office and Administrative Support Workers, All Other",100,53758,49285,40715,60280
10,3,Finger Lakes,45-0000,"Farming, Fishing, and Forestry Occupations",470,45946,41508,34582,51628
10,3,Finger Lakes,45-1011,"First-Line Supervisors of Farming, Fishing, and Forestry Workers",,66395,63046,51841,73671
10,3,Finger Lakes,45-2011,Agricultural Inspectors,,73081,71645,55568,81838
10,3,Finger Lakes,45-2091,Agricultural Equipment Operators,,55080,52458,44893,60172
10,3,Finger Lakes,45-2092,"Farmworkers and Laborers, Crop, Nursery, and Greenhouse",280,39522,37771,33487,42540
10,3,Finger Lakes,45-2093,"Farmworkers, Farm, Ranch, and Aquacultural Animals",,43844,39181,35166,48184
10,3,Finger Lakes,45-4011,Forest and Conservation Workers,,48966,56382,36187,55356
10,3,Finger Lakes,47-0000,Construction and Extraction Occupations,20720,66752,61711,44180,78038
10,3,Finger Lakes,47-1011,Supervisors of Construction and Extraction Workers,2040,85271,81747,59057,98378
10,3,Finger Lakes,47-2021,Brickmasons and Blockmasons,100,72451,68075,53574,81889
10,3,Finger Lakes,47-2031,Carpenters,2660,63377,59807,46027,72051
10,3,Finger Lakes,47-2044,Tile and Marble Setters,150,62103,61418,41597,72356
10,3,Finger Lakes,47-2051,Cement Masons and Concrete Finishers,500,63409,62918,45641,72292
10,3,Finger Lakes,47-2061,Construction Laborers,3190,58798,51003,39266,68564
10,3,Finger Lakes,47-2071,"Paving, Surfacing, and Tamping Equipment Operators",220,73488,65742,46789,86838
10,3,Finger Lakes,47-2073,Operating Engineers and Other Construction Equipment Operators,1140,79780,65459,50718,94311
10,3,Finger Lakes,47-2081,Drywall and Ceiling Tile Installers,250,61063,60513,47518,67835
10,3,Finger Lakes,47-2111,Electricians,2660,75528,76219,49764,88409
10,3,Finger Lakes,47-2121,Glaziers,140,63573,61711,45298,72710
10,3,Finger Lakes,47-2131,"Insulation Workers, Floor, Ceiling, and Wall",120,64537,55661,39304,77153
10,3,Finger Lakes,47-2132,"Insulation Workers, Mechanical",110,57165,52779,45333,63080
10,3,Finger Lakes,47-2141,"Painters, Construction and Maintenance",890,52159,48004,40419,58030
10,3,Finger Lakes,47-2151,Pipelayers,,70939,65571,53079,79870
10,3,Finger Lakes,47-2152,"Plumbers, Pipefitters, and Steamfitters",1480,73745,67795,47507,86864
10,3,Finger Lakes,47-2171,Reinforcing Iron and Rebar Workers,60,68994,70396,51248,77867
10,3,Finger Lakes,47-2181,Roofers,490,60501,63736,38494,71503
10,3,Finger Lakes,47-2211,Sheet Metal Workers,590,61640,61321,41010,71956
10,3,Finger Lakes,47-2221,Structural Iron and Steel Workers,100,80227,77111,53846,93416
10,3,Finger Lakes,47-2231,Solar Photovoltaic Installers,90,50511,49359,44361,53586
10,3,Finger Lakes,47-3012,Helpers--Carpenters,80,41961,41143,36475,44705
10,3,Finger Lakes,47-3013,Helpers--Electricians,170,44272,42131,36576,48120
10,3,Finger Lakes,47-3015,"Helpers--Pipelayers, Plumbers, Pipefitters, and Steamfitters",150,43763,41918,33948,48671
10,3,Finger Lakes,47-3019,"Helpers, Construction Trades, All Other",80,48643,49227,40924,52502
10,3,Finger Lakes,47-4011,Construction and Building Inspectors,660,77118,70770,50691,90330
10,3,Finger Lakes,47-4041,Hazardous Materials Removal Workers,240,57883,49663,46484,63582
10,3,Finger Lakes,47-4051,Highway Maintenance Workers,1470,55282,52696,45922,59961
10,3,Finger Lakes,47-4090,Miscellaneous Construction and Related Workers,,43658,38540,35869,47552
10,3,Finger Lakes,47-5022,"Excavating and Loading Machine and Dragline Operators, Surface Mining",110,54593,50650,43840,59969
10,3,Finger Lakes,47-5023,"Earth Drillers, Except Oil and Gas",70,69983,64891,56781,76584
10,3,Finger Lakes,49-0000,"Installation, Maintenance, and Repair Occupations",22060,61494,58422,41387,71548
10,3,Finger Lakes,49-1011,"First-Line Supervisors of Mechanics, Installers, and Repairers",2000,83168,78897,55968,96768
10,3,Finger Lakes,49-2011,"Computer, Automated Teller, and Office Machine Repairers",310,55406,52660,38078,64069
10,3,Finger Lakes,49-2022,"Telecommunications Equipment Installers and Repairers, Except Line Installers",350,69078,64315,43334,81949
10,3,Finger Lakes,49-2094,"Electrical and Electronics Repairers, Commercial and Industrial Equipment",150,72947,69634,53657,82592
10,3,Finger Lakes,49-2097,Electronic Home Entertainment Equipment Installers and Repairers,,55599,49305,43950,61423
10,3,Finger Lakes,49-2098,Security and Fire Alarm Systems Installers,420,62110,62302,46704,69813
10,3,Finger Lakes,49-3011,Aircraft Mechanics and Service Technicians,90,96065,79462,58833,114681
10,3,Finger Lakes,49-3021,Automotive Body and Related Repairers,530,55325,50171,40319,62828
10,3,Finger Lakes,49-3022,Automotive Glass Installers and Repairers,80,52512,46952,42271,57633
10,3,Finger Lakes,49-3023,Automotive Service Technicians and Mechanics,2850,53688,49959,36571,62245
10,3,Finger Lakes,49-3031,Bus and Truck Mechanics and Diesel Engine Specialists,1190,62902,62303,47605,70550
10,3,Finger Lakes,49-3041,Farm Equipment Mechanics and Service Technicians,120,54319,54482,42675,60142
10,3,Finger Lakes,49-3042,"Mobile Heavy Equipment Mechanics, Except Engines",500,65553,63278,53598,71530
10,3,Finger Lakes,49-3051,Motorboat Mechanics and Service Technicians,130,57751,56537,46732,63261
10,3,Finger Lakes,49-3053,Outdoor Power Equipment and Other Small Engine Mechanics,220,49243,46918,37348,55190
10,3,Finger Lakes,49-9011,Mechanical Door Repairers,80,56186,51928,42482,63039
10,3,Finger Lakes,49-9012,"Control and Valve Installers and Repairers, Except Mechanical Door",180,86018,92064,54117,101969
10,3,Finger Lakes,49-9021,"Heating, Air Conditioning, and Refrigeration Mechanics and Installers",1830,64067,62056,45845,73178
10,3,Finger Lakes,49-9031,Home Appliance Repairers,110,53101,53273,38454,60425
10,3,Finger Lakes,49-9041,Industrial Machinery Mechanics,1470,66562,65649,51434,74124
10,3,Finger Lakes,49-9043,"Maintenance Workers, Machinery",300,62538,63506,44874,71371
10,3,Finger Lakes,49-9044,Millwrights,,69451,70569,47863,80246
10,3,Finger Lakes,49-9051,Electrical Power-Line Installers and Repairers,250,105334,114488,68214,123895
10,3,Finger Lakes,49-9052,Telecommunications Line Installers and Repairers,420,79561,96266,49408,94638
10,3,Finger Lakes,49-9062,Medical Equipment Repairers,270,66816,61305,49356,75545
10,3,Finger Lakes,49-9069,"Precision Instrument and Equipment Repairers, All Other",,56308,53473,46194,61365
10,3,Finger Lakes,49-9071,"Maintenance and Repair Workers, General",6880,53793,49908,38848,61265
10,3,Finger Lakes,49-9091,"Coin, Vending, and Amusement Machine Servicers and Repairers",70,55227,50740,41313,62185
10,3,Finger Lakes,49-9094,Locksmiths and Safe Repairers,,57688,57443,44632,64216
10,3,Finger Lakes,49-9096,Riggers,,95570,93942,59458,113626
10,3,Finger Lakes,49-9098,"Helpers--Installation, Maintenance, and Repair Workers",330,44895,42220,34903,49891
10,3,Finger Lakes,49-9099,"Installation, Maintenance, and Repair Workers, All Other",240,52934,50456,39985,59408
10,3,Finger Lakes,51-0000,Production Occupations,34790,51581,48199,36705,59019
10,3,Finger Lakes,51-1011,First-Line Supervisors of Production and Operating Workers,2580,78562,77135,54193,90746
10,3,Finger Lakes,51-2028,"Electrical, electronic, and electromechanical assemblers, except coil winders, tapers, and finishers?(OES-specific code and title)",2140,43348,40169,35906,47071
10,3,Finger Lakes,51-2031,Engine and Other Machine Assemblers,60,55504,52753,44907,60802
10,3,Finger Lakes,51-2041,Structural Metal Fabricators and Fitters,100,50977,47473,37591,57670
10,3,Finger Lakes,51-2090,Miscellaneous Assemblers and Fabricators,4250,45609,42698,35511,50657
10,3,Finger Lakes,51-3011,Bakers,1110,43650,36993,32594,49177
10,3,Finger Lakes,51-3021,Butchers and Meat Cutters,280,46281,45232,36061,51391
10,3,Finger Lakes,51-3022,"Meat, Poultry, and Fish Cutters and Trimmers",180,40637,38092,34561,43675
10,3,Finger Lakes,51-3023,Slaughterers and Meat Packers,,39580,39540,35182,41779
10,3,Finger Lakes,51-3091,"Food and Tobacco Roasting, Baking, and Drying Machine Operators and Tenders",,39143,38127,32766,42332
10,3,Finger Lakes,51-3092,Food Batchmakers,920,48555,49251,35810,54928
10,3,Finger Lakes,51-3093,Food Cooking Machine Operators and Tenders,120,51996,48579,43876,56057
10,3,Finger Lakes,51-3099,"Food Processing Workers, All Other",140,40772,39503,38202,42058
10,3,Finger Lakes,51-4021,"Extruding and Drawing Machine Setters, Operators, and Tenders, Metal and Plastic",350,47807,48572,39313,52054
10,3,Finger Lakes,51-4022,"Forging Machine Setters, Operators, and Tenders, Metal and Plastic",,43150,42491,32337,48557
10,3,Finger Lakes,51-4023,"Rolling Machine Setters, Operators, and Tenders, Metal and Plastic",50,46099,41116,39886,49207
10,3,Finger Lakes,51-4031,"Cutting, Punching, and Press Machine Setters, Operators, and Tenders, Metal and Plastic",490,45834,45807,35911,50795
10,3,Finger Lakes,51-4033,"Grinding, Lapping, Polishing, and Buffing Machine Tool Setters, Operators, and Tenders, Metal and Plastic",330,44108,42053,37104,47609
10,3,Finger Lakes,51-4034,"Lathe and Turning Machine Tool Setters, Operators, and Tenders, Metal and Plastic",210,54853,51343,41781,61389
10,3,Finger Lakes,51-4035,"Milling and Planing Machine Setters, Operators, and Tenders, Metal and Plastic",90,49166,46720,39903,53797
10,3,Finger Lakes,51-4041,Machinists,2050,57162,56296,42704,64391
10,3,Finger Lakes,51-4061,"Model Makers, Metal and Plastic",,65562,72824,49051,73817
10,3,Finger Lakes,51-4071,Foundry Mold and Coremakers,,54330,49855,38752,62120
10,3,Finger Lakes,51-4072,"Molding, Coremaking, and Casting Machine Setters, Operators, and Tenders, Metal and Plastic",850,43633,39413,33642,48628
10,3,Finger Lakes,51-4081,"Multiple Machine Tool Setters, Operators, and Tenders, Metal and Plastic",690,50169,55326,38594,55957
10,3,Finger Lakes,51-4111,Tool and Die Makers,330,66296,63889,50182,74353
10,3,Finger Lakes,51-4121,"Welders, Cutters, Solderers, and Brazers",910,56170,55965,42682,62915
10,3,Finger Lakes,51-4122,"Welding, Soldering, and Brazing Machine Setters, Operators, and Tenders",50,48731,48108,38163,54014
10,3,Finger Lakes,51-4191,"Heat Treating Equipment Setters, Operators, and Tenders, Metal and Plastic",60,54543,53833,41950,60839
10,3,Finger Lakes,51-4193,"Plating and Coating Machine Setters, Operators, and Tenders, Metal and Plastic",70,42886,38913,36662,45997
10,3,Finger Lakes,51-5111,Prepress Technician and Workers,200,50017,48321,38323,55864
10,3,Finger Lakes,51-5112,Printing Press Operators,860,50162,47212,36338,57075
10,3,Finger Lakes,51-5113,Print Binding and Finishing Workers,250,43253,42826,37473,46143
10,3,Finger Lakes,51-6011,Laundry and Dry-Cleaning Workers,680,35630,33823,32240,37440
10,3,Finger Lakes,51-6021,"Pressers, Textile, Garment, and Related Materials",110,36754,35621,32240,39126
10,3,Finger Lakes,51-6031,Sewing Machine Operators,380,37499,35711,33374,39562
10,3,Finger Lakes,51-6052,"Tailors, Dressmakers, and Custom Sewers",60,41643,40370,32922,46004
10,3,Finger Lakes,51-6062,"Textile Cutting Machine Setters, Operators, and Tenders",,46912,47870,39017,50859
10,3,Finger Lakes,51-6091,"Extruding and Forming Machine Setters, Operators, and Tenders, Synthetic and Glass Fibers",,41786,41901,38972,43192
10,3,Finger Lakes,51-6092,Fabric and Apparel Patternmakers,,80164,83547,55495,92499
10,3,Finger Lakes,51-7011,Cabinetmakers and Bench Carpenters,210,50897,48213,39662,56514
10,3,Finger Lakes,51-7021,Furniture Finishers,,46700,46226,35364,52368
10,3,Finger Lakes,51-7041,"Sawing Machine Setters, Operators, and Tenders, Wood",90,45344,41667,35559,50237
10,3,Finger Lakes,51-7042,"Woodworking Machine Setters, Operators, and Tenders, Except Sawing",90,42405,38000,35489,45862
10,3,Finger Lakes,51-8013,Power Plant Operators,90,97172,92684,62149,114682
10,3,Finger Lakes,51-8021,Stationary Engineers and Boiler Operators,210,70753,67718,55598,78331
10,3,Finger Lakes,51-8031,Water and Wastewater Treatment Plant and System Operators,440,62698,60662,47140,70477
10,3,Finger Lakes,51-8092,Gas Plant Operators,,80929,79065,62141,90322
10,3,Finger Lakes,51-8099,"Plant and System Operators, All Other",50,56239,55270,45918,61398
10,3,Finger Lakes,51-9011,Chemical Equipment Operators and Tenders,710,56729,54600,45227,62480
10,3,Finger Lakes,51-9012,"Separating, Filtering, Clarifying, Precipitating, and Still Machine Setters, Operators, and Tenders",460,55195,55677,42338,61624
10,3,Finger Lakes,51-9021,"Crushing, Grinding, and Polishing Machine Setters, Operators, and Tenders",130,60292,50256,41065,69906
10,3,Finger Lakes,51-9023,"Mixing and Blending Machine Setters, Operators, and Tenders",490,51822,53220,40376,57545
10,3,Finger Lakes,51-9031,"Cutters and Trimmers, Hand",,40886,37191,35713,43474
10,3,Finger Lakes,51-9032,"Cutting and Slicing Machine Setters, Operators, and Tenders",340,50488,50498,39820,55822
10,3,Finger Lakes,51-9041,"Extruding, Forming, Pressing, and Compacting Machine Setters, Operators, and Tenders",460,45751,42089,36073,50591
10,3,Finger Lakes,51-9051,"Furnace, Kiln, Oven, Drier, and Kettle Operators and Tenders",120,48830,47350,40113,53189
10,3,Finger Lakes,51-9061,"Inspectors, Testers, Sorters, Samplers, and Weighers",2720,52250,49232,38431,59159
10,3,Finger Lakes,51-9071,Jewelers and Precious Stone and Metal Workers,90,47829,38666,32531,55479
10,3,Finger Lakes,51-9081,Dental Laboratory Technicians,400,58159,57091,42966,65757
10,3,Finger Lakes,51-9082,Medical Appliance Technicians,50,45469,39323,36707,49849
10,3,Finger Lakes,51-9083,Ophthalmic Laboratory Technicians,440,41219,40788,35765,43945
10,3,Finger Lakes,51-9111,Packaging and Filling Machine Operators and Tenders,2010,47495,46712,36831,52827
10,3,Finger Lakes,51-9123,"Painting, Coating, and Decorating Workers",,41875,38127,34696,45465
10,3,Finger Lakes,51-9124,"Coating, Painting, and Spraying Machine Setters, Operators, and Tenders",400,47584,45337,38245,52253
10,3,Finger Lakes,51-9151,Photographic Process Workers and Processing Machine Operators,,68953,56116,38608,84125
10,3,Finger Lakes,51-9161,Computer Numerically Controlled Tool Operators,1200,51998,50553,40421,57787
10,3,Finger Lakes,51-9162,Computer Numerically Controlled Tool Programmers,270,69768,66285,54110,77597
10,3,Finger Lakes,51-9191,Adhesive Bonding Machine Operators and Tenders,60,44173,42185,37622,47448
10,3,Finger Lakes,51-9192,"Cleaning, Washing, and Metal Pickling Equipment Operators and Tenders",60,50819,53616,39329,56564
10,3,Finger Lakes,51-9194,Etchers and Engravers,,48811,47086,44602,50914
10,3,Finger Lakes,51-9195,"Molders, Shapers, and Casters, Except Metal and Plastic",120,49855,46481,38553,55507
10,3,Finger Lakes,51-9196,"Paper Goods Machine Setters, Operators, and Tenders",320,49710,49536,39812,54660
10,3,Finger Lakes,51-9198,Helpers--Production Workers,580,43747,42977,35495,47872
10,3,Finger Lakes,51-9199,"Production Workers, All Other",410,44265,37901,33238,49777
10,3,Finger Lakes,53-0000,Transportation and Material Moving Occupations,38240,46991,42195,34728,53123
10,3,Finger Lakes,53-1047,"First-Line Supervisors of Transportation and Material Moving Workers, Except Aircraft Cargo Handling Supervisors",1740,64752,63103,46154,74050
10,3,Finger Lakes,53-2012,Commercial Pilots,60,135725,111713,69017,169080
10,3,Finger Lakes,53-3031,Driver/Sales Workers,1380,42753,40106,32512,47874
10,3,Finger Lakes,53-3032,Heavy and Tractor-Trailer Truck Drivers,4610,60643,58711,46012,67958
10,3,Finger Lakes,53-3033,Light Truck or Delivery Services Drivers,3460,45804,42863,34481,51465
10,3,Finger Lakes,53-3051,"Bus Drivers, School",3370,52435,51610,43362,56972
10,3,Finger Lakes,53-3052,"Bus Drivers, Transit and Intercity",540,63873,66249,45020,73300
10,3,Finger Lakes,53-3053,Shuttle Drivers and Chauffeurs,1130,38010,36328,32310,40860
10,3,Finger Lakes,53-3054,Taxi Drivers,,34496,33891,32240,35765
10,3,Finger Lakes,53-3099,"Motor Vehicle Operators, All Other",180,38902,33206,32240,42375
10,3,Finger Lakes,53-5021,"Captains, Mates, and Pilots of Water Vessels",,72649,63284,42476,87735
10,3,Finger Lakes,53-6011,Bridge and Lock Tenders,,37978,33083,32240,40897
10,3,Finger Lakes,53-6021,Parking Lot Attendants,230,36824,36504,32240,39132
10,3,Finger Lakes,53-6031,Automotive and Watercraft Service Attendants,310,38031,37630,32332,40880
10,3,Finger Lakes,53-6032,Aircraft Service Attendants,90,37542,35167,35086,38771
10,3,Finger Lakes,53-6061,"Transportation Attendants, Except Flight Attendants",50,34813,35167,33599,35421
10,3,Finger Lakes,53-7011,Conveyor Operators and Tenders,,41502,38914,38750,42879
10,3,Finger Lakes,53-7051,Industrial Truck and Tractor Operators,1340,50107,50656,40382,54970
10,3,Finger Lakes,53-7061,Cleaners of Vehicles and Equipment,1390,36690,35338,32240,38967
10,3,Finger Lakes,53-7062,"Laborers and Freight, Stock, and Material Movers, Hand",5810,42904,39396,34749,46982
10,3,Finger Lakes,53-7063,Machine Feeders and Offbearers,90,42844,37452,35690,46421
10,3,Finger Lakes,53-7064,"Packers and Packagers, Hand",1500,38073,36061,32470,40874
10,3,Finger Lakes,53-7065,Stockers and Order Fillers,10330,41134,38107,34251,44575
10,3,Finger Lakes,53-7081,Refuse and Recyclable Material Collectors,170,53908,52050,38023,61851
10,4,Hudson Valley,00-0000,"Total, All Occupations",939000,75349,56625,37538,94254
10,4,Hudson Valley,11-0000,Management Occupations,54570,164777,138024,77449,208439
10,4,Hudson Valley,11-1011,Chief Executives,710,343914,223383,133956,448893
10,4,Hudson Valley,11-1021,General and Operations Managers,20900,153207,120464,66356,196633
10,4,Hudson Valley,11-1031,Legislators,210,85139,77280,38400,108508
10,4,Hudson Valley,11-2011,Advertising and Promotions Managers,130,214238,194029,120364,261174
10,4,Hudson Valley,11-2021,Marketing Managers,3270,184836,169883,97570,228468
10,4,Hudson Valley,11-2022,Sales Managers,2140,219499,198891,114546,271976
10,4,Hudson Valley,11-2032,Public Relations Managers,330,217411,169930,119251,266490
10,4,Hudson Valley,11-2033,Fundraising Managers,330,172164,164656,108386,204053
10,4,Hudson Valley,11-3012,Administrative Services Managers,1190,140115,129928,82419,168962
10,4,Hudson Valley,11-3013,Facilities Managers,960,139905,129631,86113,166801
10,4,Hudson Valley,11-3021,Computer and Information Systems Managers,2190,212730,198539,138000,250095
10,4,Hudson Valley,11-3031,Financial Managers,4090,218441,193694,122373,266476
10,4,Hudson Valley,11-3051,Industrial Production Managers,540,144133,132458,88950,171724
10,4,Hudson Valley,11-3061,Purchasing Managers,410,176462,166709,113704,207840
10,4,Hudson Valley,11-3071,"Transportation, Storage, and Distribution Managers",690,142069,129428,85544,170333
10,4,Hudson Valley,11-3111,Compensation and Benefits Managers,140,194792,172559,128317,228030
10,4,Hudson Valley,11-3121,Human Resources Managers,1060,189119,172674,116141,225607
10,4,Hudson Valley,11-3131,Training and Development Managers,310,136076,102778,97802,155212
10,4,Hudson Valley,11-9013,"Farmers, Ranchers, and Other Agricultural Managers",,72316,75624,54579,81186
10,4,Hudson Valley,11-9021,Construction Managers,930,154384,142568,88826,187164
10,4,Hudson Valley,11-9031,"Education Administrators, Preschool and Childcare Center/Program",480,90937,79774,55952,108431
10,4,Hudson Valley,11-9032,"Education Administrators, Elementary and Secondary School",2550,151867,155529,102888,176355
10,4,Hudson Valley,11-9033,"Education Administrators, Postsecondary",620,158089,133825,93319,190473
10,4,Hudson Valley,11-9039,"Education Administrators, All Other",310,110742,106435,71181,130522
10,4,Hudson Valley,11-9041,Architectural and Engineering Managers,500,188087,178895,137225,213518
10,4,Hudson Valley,11-9051,Food Service Managers,1220,91893,82199,62210,106734
10,4,Hudson Valley,11-9072,"Entertainment and Recreation Managers, Except Gambling",140,112393,102001,67770,134705
10,4,Hudson Valley,11-9081,Lodging Managers,330,86345,76650,50999,104016
10,4,Hudson Valley,11-9111,Medical and Health Services Managers,2880,187729,151747,99792,231699
10,4,Hudson Valley,11-9121,Natural Sciences Managers,450,179733,164125,102472,218363
10,4,Hudson Valley,11-9131,Postmasters and Mail Superintendents,190,97042,95738,87548,101788
10,4,Hudson Valley,11-9141,"Property, Real Estate, and Community Association Managers",1060,103456,76712,61405,124483
10,4,Hudson Valley,11-9151,Social and Community Service Managers,1980,101266,94973,66735,118533
10,4,Hudson Valley,11-9161,Emergency Management Directors,,116799,105255,75469,137465
10,4,Hudson Valley,11-9171,Funeral Home Managers,,96489,77906,61162,114154
10,4,Hudson Valley,11-9179,"Personal Service Managers, All Other",,75384,72680,37348,94402
10,4,Hudson Valley,11-9199,"Managers, All Other",1110,172938,160847,95756,211529
10,4,Hudson Valley,13-0000,Business and Financial Operations Occupations,48000,108335,92952,59453,132776
10,4,Hudson Valley,13-1011,"Agents and Business Managers of Artists, Performers, and Athletes",130,77120,59470,46548,92405
10,4,Hudson Valley,13-1020,Buyers and Purchasing Agents,2750,85455,78698,52530,101917
10,4,Hudson Valley,13-1031,"Claims Adjusters, Examiners, and Investigators",880,92307,85977,61818,107552
10,4,Hudson Valley,13-1041,Compliance Officers,1600,95530,86687,58978,113806
10,4,Hudson Valley,13-1051,Cost Estimators,1360,96586,82411,57852,115954
10,4,Hudson Valley,13-1071,Human Resources Specialists,3820,90551,81543,55441,108107
10,4,Hudson Valley,13-1075,Labor Relations Specialists,400,112933,107580,67305,135747
10,4,Hudson Valley,13-1081,Logisticians,530,95748,85502,64689,111278
10,4,Hudson Valley,13-1082,Project Management Specialists,5510,122564,111273,74413,146640
10,4,Hudson Valley,13-1111,Management Analysts,3950,130827,111016,64816,163832
10,4,Hudson Valley,13-1121,"Meeting, Convention, and Event Planners",920,87787,73774,47610,107877
10,4,Hudson Valley,13-1131,Fundraisers,1090,82143,78475,54340,96044
10,4,Hudson Valley,13-1141,"Compensation, Benefits, and Job Analysis Specialists",590,99270,93750,67646,115082
10,4,Hudson Valley,13-1151,Training and Development Specialists,1970,77882,70608,45247,94199
10,4,Hudson Valley,13-1161,Market Research Analysts and Marketing Specialists,4530,95374,83802,55501,115310
10,4,Hudson Valley,13-1199,"Business Operations Specialists, All Other",2360,93908,86798,53409,114159
10,4,Hudson Valley,13-2011,Accountants and Auditors,8550,113200,100985,66930,136334
10,4,Hudson Valley,13-2020,Appraisers and Assessors of Real Estate,340,91907,81726,54432,110645
10,4,Hudson Valley,13-2031,Budget Analysts,250,101021,95383,72121,115472
10,4,Hudson Valley,13-2041,Credit Analysts,250,123259,104976,73426,148175
10,4,Hudson Valley,13-2051,Financial Analysts,1470,127664,110605,78487,152254
10,4,Hudson Valley,13-2052,Personal Financial Advisors,1440,234482,159156,78234,312607
10,4,Hudson Valley,13-2053,Insurance Underwriters,560,85240,76472,48090,103815
10,4,Hudson Valley,13-2054,Financial Risk Specialists,330,143156,136110,89814,169828
10,4,Hudson Valley,13-2061,Financial Examiners,320,118776,104317,69074,143627
10,4,Hudson Valley,13-2071,Credit Counselors,150,69658,64367,55941,76516
10,4,Hudson Valley,13-2072,Loan Officers,980,124447,96555,56235,158553
10,4,Hudson Valley,13-2081,"Tax Examiners and Collectors, and Revenue Agents",150,90390,83234,53114,109028
10,4,Hudson Valley,13-2082,Tax Preparers,600,67531,62328,41134,80730
10,4,Hudson Valley,13-2099,"Financial Specialists, All Other",200,88802,79960,55844,105280
10,4,Hudson Valley,15-0000,Computer and Mathematical Occupations,17910,121567,110696,64024,150339
10,4,Hudson Valley,15-1211,Computer Systems Analysts,1180,114242,108032,68806,136959
10,4,Hudson Valley,15-1212,Information Security Analysts,480,131472,120685,84490,154963
10,4,Hudson Valley,15-1221,Computer and Information Research Scientists,120,233770,211375,138448,281431
10,4,Hudson Valley,15-1231,Computer Network Support Specialists,610,95825,85053,59347,114064
10,4,Hudson Valley,15-1232,Computer User Support Specialists,2990,70918,64278,46640,83058
10,4,Hudson Valley,15-1241,Computer Network Architects,460,146738,136686,95463,172376
10,4,Hudson Valley,15-1242,Database Administrators,280,110597,105209,72360,129715
10,4,Hudson Valley,15-1243,Database Architects,280,146039,131071,95861,171128
10,4,Hudson Valley,15-1244,Network and Computer Systems Administrators,1540,109845,105547,73689,127924
10,4,Hudson Valley,15-1251,Computer Programmers,410,115768,107662,70496,138404
10,4,Hudson Valley,15-1252,Software Developers,4530,150944,142547,94976,178928
10,4,Hudson Valley,15-1253,Software Quality Assurance Analysts and Testers,730,127346,113080,74965,153537
10,4,Hudson Valley,15-1254,Web Developers,500,79131,67961,38995,99199
10,4,Hudson Valley,15-1255,Web and Digital Interface Designers,1170,136557,137820,75741,166966
10,4,Hudson Valley,15-1299,"Computer Occupations, All Other",630,123463,113813,68025,151181
10,4,Hudson Valley,15-2011,Actuaries,180,174368,159513,98290,212408
10,4,Hudson Valley,15-2031,Operations Research Analysts,380,118326,131936,61193,146893
10,4,Hudson Valley,15-2041,Statisticians,180,171426,173534,95176,209549
10,4,Hudson Valley,15-2051,Data Scientists,1250,130292,120834,69644,160617
10,4,Hudson Valley,17-0000,Architecture and Engineering Occupations,9210,112842,101219,66214,136155
10,4,Hudson Valley,17-1011,"Architects, Except Landscape and Naval",650,125089,98349,63336,155965
10,4,Hudson Valley,17-1012,Landscape Architects,200,97490,92385,72611,109931
10,4,Hudson Valley,17-1021,Cartographers and Photogrammetrists,,103888,102203,76568,117548
10,4,Hudson Valley,17-1022,Surveyors,180,93931,81536,59124,111335
10,4,Hudson Valley,17-2011,Aerospace Engineers,,151431,143391,108005,173144
10,4,Hudson Valley,17-2031,Biomedical Engineers,,134805,131109,93034,155690
10,4,Hudson Valley,17-2041,Chemical Engineers,,135585,124663,84557,161099
10,4,Hudson Valley,17-2051,Civil Engineers,1460,124535,107596,79688,146958
10,4,Hudson Valley,17-2071,Electrical Engineers,660,131759,130664,89501,152888
10,4,Hudson Valley,17-2072,"Electronics Engineers, Except Computer",140,127755,123833,83502,149882
10,4,Hudson Valley,17-2081,Environmental Engineers,220,111540,104774,72905,130857
10,4,Hudson Valley,17-2111,"Health and Safety Engineers, Except Mining Safety Engineers and Inspectors",190,126188,127528,90961,143801
10,4,Hudson Valley,17-2112,Industrial Engineers,990,117396,109116,81256,135466
10,4,Hudson Valley,17-2141,Mechanical Engineers,580,123017,112980,82087,143481
10,4,Hudson Valley,17-2199,"Engineers, All Other",400,125180,125096,79695,147924
10,4,Hudson Valley,17-3011,Architectural and Civil Drafters,670,78926,76386,55082,90849
10,4,Hudson Valley,17-3012,Electrical and Electronics Drafters,,79557,79014,55768,91452
10,4,Hudson Valley,17-3013,Mechanical Drafters,220,80070,71946,55470,92370
10,4,Hudson Valley,17-3019,"Drafters, All Other",120,67078,62406,54050,73591
10,4,Hudson Valley,17-3022,Civil Engineering Technicians,180,66461,64074,48124,75629
10,4,Hudson Valley,17-3023,Electrical and Electronic Engineering Technicians,350,84522,83686,57683,97942
10,4,Hudson Valley,17-3024,Electro-Mechanical Technicians,,84411,82478,60157,96539
10,4,Hudson Valley,17-3025,Environmental Engineering Technicians,110,65906,60464,53024,72346
10,4,Hudson Valley,17-3026,Industrial Engineering Technicians,300,75812,73419,53603,86917
10,4,Hudson Valley,17-3027,Mechanical Engineering Technicians,,83336,83504,51962,99023
10,4,Hudson Valley,17-3028,Calibration Technologists and Technicians,,76255,74483,50456,89154
10,4,Hudson Valley,17-3029,"Engineering Technicians, Except Drafters, All Other",130,80233,73924,56949,91876
10,4,Hudson Valley,17-3031,Surveying and Mapping Technicians,230,62826,52498,46087,71196
10,4,Hudson Valley,19-0000,"Life, Physical, and Social Science Occupations",8840,100304,86114,58579,121166
10,4,Hudson Valley,19-1012,Food Scientists and Technologists,250,108706,102515,79218,123450
10,4,Hudson Valley,19-1013,Soil and Plant Scientists,,78600,72030,62213,86792
10,4,Hudson Valley,19-1021,Biochemists and Biophysicists,150,108451,98007,77744,123805
10,4,Hudson Valley,19-1022,Microbiologists,140,87605,76659,55922,103446
10,4,Hudson Valley,19-1023,Zoologists and Wildlife Biologists,,79888,82419,60259,89701
10,4,Hudson Valley,19-1029,"Biological Scientists, All Other",320,132255,96688,83427,156669
10,4,Hudson Valley,19-1031,Conservation Scientists,120,85280,69427,46984,104429
10,4,Hudson Valley,19-1032,Foresters,,94164,100962,63312,109591
10,4,Hudson Valley,19-1041,Epidemiologists,,105962,97243,71853,123015
10,4,Hudson Valley,19-1042,"Medical Scientists, Except Epidemiologists",450,142353,134829,80056,173502
10,4,Hudson Valley,19-1099,"Life Scientists, All Other",,66223,61619,41092,78789
10,4,Hudson Valley,19-2012,Physicists,110,199721,182311,147816,225674
10,4,Hudson Valley,19-2031,Chemists,550,94740,82590,61831,111194
10,4,Hudson Valley,19-2032,Materials Scientists,,140559,132323,93057,164309
10,4,Hudson Valley,19-2041,"Environmental Scientists and Specialists, Including Health",430,102392,92643,68965,119106
10,4,Hudson Valley,19-2043,Hydrologists,,81487,87510,66546,88957
10,4,Hudson Valley,19-2099,"Physical Scientists, All Other",,139323,135049,99856,159057
10,4,Hudson Valley,19-3011,Economists,,141606,125220,94007,165405
10,4,Hudson Valley,19-3022,Survey Researchers,,87395,106147,45926,108131
10,4,Hudson Valley,19-3033,Clinical and Counseling Psychologists,1110,121131,106723,73836,144780
10,4,Hudson Valley,19-3034,School Psychologists,1040,112219,105269,76232,130213
10,4,Hudson Valley,19-3039,"Psychologists, All Other",110,112053,121787,59318,138419
10,4,Hudson Valley,19-3051,Urban and Regional Planners,260,125611,103776,70889,152972
10,4,Hudson Valley,19-3099,"Social Scientists and Related Workers, All Other",170,111469,104678,66014,134197
10,4,Hudson Valley,19-4013,Food Science Technicians,,58132,56024,45508,64445
10,4,Hudson Valley,19-4021,Biological Technicians,760,66749,73150,49149,75549
10,4,Hudson Valley,19-4031,Chemical Technicians,230,62880,61215,45435,71602
10,4,Hudson Valley,19-4042,"Environmental Science and Protection Technicians, Including Health",340,65942,58206,42196,77815
10,4,Hudson Valley,19-4043,"Geological Technicians, Except Hydrologic Technicians",,62340,58531,47869,69577
10,4,Hudson Valley,19-4061,Social Science Research Assistants,130,62729,64226,44909,71639
10,4,Hudson Valley,19-4071,Forest and Conservation Technicians,,63321,68453,47061,71453
10,4,Hudson Valley,19-4092,Forensic Science Technicians,,87964,80517,64764,99565
10,4,Hudson Valley,19-4099,"Life, Physical, and Social Science Technicians, All Other",800,71131,63631,49644,81874
10,4,Hudson Valley,19-5011,Occupational Health and Safety Specialists,490,95612,89243,60711,113062
10,4,Hudson Valley,19-5012,Occupational Health and Safety Technicians,110,69955,67443,52543,78660
10,4,Hudson Valley,21-0000,Community and Social Service Occupations,21990,74934,64993,45545,89627
10,4,Hudson Valley,21-1012,"Educational, Guidance, School, and Vocational Counselors",2370,88539,79537,53226,106195
10,4,Hudson Valley,21-1013,Marriage and Family Therapists,120,76052,79045,55674,86241
10,4,Hudson Valley,21-1015,Rehabilitation Counselors,470,54223,48050,39312,61678
10,4,Hudson Valley,21-1018,"Substance abuse, behavioral disorder, and mental health counselors?(OES-specific code and title)",2790,72098,63166,47127,84583
10,4,Hudson Valley,21-1021,"Child, Family, and School Social Workers",3150,83036,80481,54041,97533
10,4,Hudson Valley,21-1022,Healthcare Social Workers,2220,73138,67587,51394,84010
10,4,Hudson Valley,21-1023,Mental Health and Substance Abuse Social Workers,1510,106611,84372,60484,129674
10,4,Hudson Valley,21-1029,"Social Workers, All Other",310,82738,74757,58920,94647
10,4,Hudson Valley,21-1091,Health Educators,350,69148,66440,43642,81900
10,4,Hudson Valley,21-1092,Probation Officers and Correctional Treatment Specialists,660,91288,89721,73536,100165
10,4,Hudson Valley,21-1093,Social and Human Service Assistants,4290,52928,49495,39171,59807
10,4,Hudson Valley,21-1094,Community Health Workers,590,62118,55279,44635,70860
10,4,Hudson Valley,21-1099,"Community and Social Service Specialists, All Other",740,73642,72251,57967,81480
10,4,Hudson Valley,21-2011,Clergy,1350,80646,60868,41489,100225
10,4,Hudson Valley,21-2021,"Directors, Religious Activities and Education",800,78705,57006,40364,97877
10,4,Hudson Valley,21-2099,"Religious Workers, All Other",180,52921,52687,37184,60790
10,4,Hudson Valley,23-0000,Legal Occupations,8180,149329,117543,65692,191146
10,4,Hudson Valley,23-1011,Lawyers,5470,181985,160486,89915,228020
10,4,Hudson Valley,23-1012,Judicial Law Clerks,,100856,89619,53201,124684
10,4,Hudson Valley,23-1021,"Administrative Law Judges, Adjudicators, and Hearing Officers",,129992,117543,97752,146112
10,4,Hudson Valley,23-1022,"Arbitrators, Mediators, and Conciliators",,105461,108939,74431,120977
10,4,Hudson Valley,23-1023,"Judges, Magistrate Judges, and Magistrates",260,159568,175162,82525,198089
10,4,Hudson Valley,23-2011,Paralegals and Legal Assistants,2050,72795,65628,52607,82890
10,4,Hudson Valley,23-2093,"Title Examiners, Abstractors, and Searchers",210,74713,72888,48757,87691
10,4,Hudson Valley,23-2099,"Legal Support Workers, All Other",,88998,74928,61794,102600
10,4,Hudson Valley,25-0000,"Education, Training, and Library Occupations",82690,79795,70563,38706,100340
10,4,Hudson Valley,25-1011,"Business Teachers, Postsecondary",660,100252,100200,51088,124836
10,4,Hudson Valley,25-1021,"Computer Science Teachers, Postsecondary",260,90873,85100,53902,109358
10,4,Hudson Valley,25-1022,"Mathematical Science Teachers, Postsecondary",260,90540,82432,47033,112292
10,4,Hudson Valley,25-1032,"Engineering Teachers, Postsecondary",,79782,80613,39862,99743
10,4,Hudson Valley,25-1042,"Biological Science Teachers, Postsecondary",270,115851,102452,63389,142081
10,4,Hudson Valley,25-1051,"Atmospheric, Earth, Marine, and Space Sciences Teachers, Postsecondary",340,99984,85200,52344,123804
10,4,Hudson Valley,25-1052,"Chemistry Teachers, Postsecondary",140,111898,102683,66893,134399
10,4,Hudson Valley,25-1053,"Environmental Science Teachers, Postsecondary",,118124,108778,70071,142151
10,4,Hudson Valley,25-1054,"Physics Teachers, Postsecondary",,92554,89653,57239,110211
10,4,Hudson Valley,25-1061,"Anthropology and Archeology Teachers, Postsecondary",,99353,100959,64115,116972
10,4,Hudson Valley,25-1062,"Area, Ethnic, and Cultural Studies Teachers, Postsecondary",100,97212,87576,63454,114092
10,4,Hudson Valley,25-1063,"Economics Teachers, Postsecondary",,97596,91156,55674,118558
10,4,Hudson Valley,25-1065,"Political Science Teachers, Postsecondary",,98002,96541,60879,116564
10,4,Hudson Valley,25-1066,"Psychology Teachers, Postsecondary",310,87305,79739,56477,102719
10,4,Hudson Valley,25-1067,"Sociology Teachers, Postsecondary",,96318,98090,63034,112962
10,4,Hudson Valley,25-1069,"Social Sciences Teachers, Postsecondary, All Other",290,75500,64207,47816,89341
10,4,Hudson Valley,25-1071,"Health Specialties Teachers, Postsecondary",780,115457,102295,58304,144033
10,4,Hudson Valley,25-1072,"Nursing Instructors and Teachers, Postsecondary",500,89929,78999,49732,110028
10,4,Hudson Valley,25-1081,"Education Teachers, Postsecondary",400,70678,64646,39561,86236
10,4,Hudson Valley,25-1111,"Criminal Justice and Law Enforcement Teachers, Postsecondary",,87732,83130,58657,102270
10,4,Hudson Valley,25-1112,"Law Teachers, Postsecondary",170,115534,90967,74620,135991
10,4,Hudson Valley,25-1113,"Social Work Teachers, Postsecondary",,101145,106732,73190,115122
10,4,Hudson Valley,25-1121,"Art, Drama, and Music Teachers, Postsecondary",1160,89326,76966,43309,112335
10,4,Hudson Valley,25-1122,"Communications Teachers, Postsecondary",440,72140,66543,45914,85254
10,4,Hudson Valley,25-1123,"English Language and Literature Teachers, Postsecondary",470,94523,84985,51206,116181
10,4,Hudson Valley,25-1124,"Foreign Language and Literature Teachers, Postsecondary",140,92597,85814,56194,110799
10,4,Hudson Valley,25-1125,"History Teachers, Postsecondary",130,104378,98487,65395,123869
10,4,Hudson Valley,25-1126,"Philosophy and Religion Teachers, Postsecondary",140,92339,83190,52769,112124
10,4,Hudson Valley,25-1193,"Recreation and Fitness Studies Teachers, Postsecondary",,91833,69908,48294,113602
10,4,Hudson Valley,25-1194,"Vocational Education Teachers, Postsecondary",520,95756,81549,58178,114545
10,4,Hudson Valley,25-1199,"Postsecondary Teachers, All Other",480,100931,81853,47591,127602
10,4,Hudson Valley,25-2011,"Preschool Teachers, Except Special Education",3440,53206,46617,36455,61581
10,4,Hudson Valley,25-2012,"Kindergarten Teachers, Except Special Education",1030,98676,96215,57053,119487
10,4,Hudson Valley,25-2021,"Elementary School Teachers, Except Special Education",13750,101067,101935,62066,120568
10,4,Hudson Valley,25-2022,"Middle School Teachers, Except Special and Career/Technical Education",4670,102563,102616,67035,120328
10,4,Hudson Valley,25-2023,"Career/Technical  Education Teachers, Middle School",200,97161,88829,65177,113152
10,4,Hudson Valley,25-2031,"Secondary School Teachers, Except Special and Career/Technical Education",10410,107904,110217,69364,127174
10,4,Hudson Valley,25-2032,"Career/Technical Education Teachers, Secondary School",850,100458,96319,71115,115130
10,4,Hudson Valley,25-2051,"Special Education Teachers, Preschool",580,113873,131084,55775,142921
10,4,Hudson Valley,25-2052,"Special Education Teachers, Kindergarten and Elementary School",2850,100916,100963,69000,116875
10,4,Hudson Valley,25-2057,"Special Education Teachers, Middle School",920,102087,101793,69308,118477
10,4,Hudson Valley,25-2058,"Special Education Teachers, Secondary School",2480,104430,103419,70896,121198
10,4,Hudson Valley,25-2059,"Special Education Teachers, All Other",440,85985,80403,51765,103095
10,4,Hudson Valley,25-3011,Adult Basic and Secondary Education and Literacy Teachers and Instructors,310,84721,75550,57064,98548
10,4,Hudson Valley,25-3021,Self-Enrichment Education Teachers,3390,69218,61219,40903,83376
10,4,Hudson Valley,25-3031,"Substitute Teachers, Short-Term",3590,46363,39708,35530,51779
10,4,Hudson Valley,25-3041,Tutors,1190,60686,46623,34138,73959
10,4,Hudson Valley,25-4011,Archivists,,71061,65100,46735,83224
10,4,Hudson Valley,25-4012,Curators,,75832,69670,45635,90931
10,4,Hudson Valley,25-4013,Museum Technicians and Conservators,,66840,63048,46536,76992
10,4,Hudson Valley,25-4022,Librarians and Media Collections Specialists,1440,84618,78297,57513,98170
10,4,Hudson Valley,25-4031,Library Technicians,600,45841,38847,33739,51891
10,4,Hudson Valley,25-9031,Instructional Coordinators,1650,79010,75569,51486,92774
10,4,Hudson Valley,25-9044,"Teaching Assistants, Postsecondary",930,44810,36122,32240,51190
10,4,Hudson Valley,25-9045,"Teaching Assistants, Except Postsecondary",18440,40796,38171,32992,44698
10,4,Hudson Valley,25-9099,"Education, Training, and Library Workers, All Other",100,60072,54137,32536,73841
10,4,Hudson Valley,27-0000,"Arts, Design, Entertainment, Sports, and Media Occupations",11940,87795,67069,42170,110606
10,4,Hudson Valley,27-1011,Art Directors,320,144621,133388,83194,175335
10,4,Hudson Valley,27-1013,"Fine Artists, Including Painters, Sculptors, and Illustrators",,76247,68829,53204,87770
10,4,Hudson Valley,27-1019,"Artists and Related Workers, All Other",,73452,63091,48863,85747
10,4,Hudson Valley,27-1021,Commercial and Industrial Designers,180,106893,97237,63100,128790
10,4,Hudson Valley,27-1022,Fashion Designers,220,104189,93966,60982,125791
10,4,Hudson Valley,27-1023,Floral Designers,280,46998,45709,38067,51465
10,4,Hudson Valley,27-1024,Graphic Designers,1100,79074,72714,50522,93350
10,4,Hudson Valley,27-1025,Interior Designers,530,73850,73980,47813,86867
10,4,Hudson Valley,27-1026,Merchandise Displayers and Window Trimmers,1070,45725,40093,36436,50370
10,4,Hudson Valley,27-1027,Set and Exhibit Designers,,113920,87534,55790,142985
10,4,Hudson Valley,27-1029,"Designers, All Other",,87951,76686,61226,101313
10,4,Hudson Valley,27-2012,Producers and Directors,850,122848,101934,54187,157180
10,4,Hudson Valley,27-2022,Coaches and Scouts,1700,65557,51576,36747,79961
10,4,Hudson Valley,27-2023,"Umpires, Referees, and Other Sports Officials",,95110,66642,36105,124614
10,4,Hudson Valley,27-2041,Music Directors and Composers,210,93110,72755,39899,119715
10,4,Hudson Valley,27-3011,Radio and Television Announcers,140,62216,45471,35469,75589
10,4,Hudson Valley,27-3031,Public Relations Specialists,1550,91206,78038,52952,110333
10,4,Hudson Valley,27-3041,Editors,520,93383,80253,47788,116180
10,4,Hudson Valley,27-3042,Technical Writers,130,83564,82019,44279,103207
10,4,Hudson Valley,27-3043,Writers and Authors,320,116431,80113,48380,150456
10,4,Hudson Valley,27-3091,Interpreters and Translators,220,98133,101180,56371,119014
10,4,Hudson Valley,27-3092,Court Reporters and Simultaneous Captioners,,102365,101382,75202,115947
10,4,Hudson Valley,27-4011,Audio and Video Equipment Technicians,520,70505,62286,41752,84882
10,4,Hudson Valley,27-4014,Sound Engineering Technicians,,86885,74017,43226,108714
10,4,Hudson Valley,27-4015,Lighting Technicians,,89389,88856,52293,107937
10,4,Hudson Valley,27-4021,Photographers,220,65091,49657,36198,79537
10,4,Hudson Valley,27-4032,Film and Video Editors,120,102336,89487,41842,132583
10,4,Hudson Valley,29-0000,Healthcare Practitioners and Technical Occupations,63040,122857,103702,61451,153560
10,4,Hudson Valley,29-1011,Chiropractors,170,117834,99523,66259,143622
10,4,Hudson Valley,29-1021,"Dentists, General",890,204869,177811,83069,265770
10,4,Hudson Valley,29-1023,Orthodontists,,168208,107965,85791,209418
10,4,Hudson Valley,29-1029,"Dentists, All Other Specialists",,377719,,257372,
10,4,Hudson Valley,29-1031,Dietitians and Nutritionists,570,85822,82116,64764,96350
10,4,Hudson Valley,29-1041,Optometrists,280,159162,165310,114674,181406
10,4,Hudson Valley,29-1051,Pharmacists,2060,143354,143026,108585,160739
10,4,Hudson Valley,29-1071,Physician Assistants,1710,155596,157748,110726,178030
10,4,Hudson Valley,29-1081,Podiatrists,180,152758,133844,76585,190843
10,4,Hudson Valley,29-1122,Occupational Therapists,1450,104319,100556,74983,118988
10,4,Hudson Valley,29-1123,Physical Therapists,2040,106969,105296,75705,122602
10,4,Hudson Valley,29-1124,Radiation Therapists,100,132068,134244,102813,146696
10,4,Hudson Valley,29-1125,Recreational Therapists,190,69917,65626,52360,78695
10,4,Hudson Valley,29-1126,Respiratory Therapists,740,111731,107906,90251,122471
10,4,Hudson Valley,29-1127,Speech-Language Pathologists,2130,118607,121920,79450,138185
10,4,Hudson Valley,29-1128,Exercise Physiologists,,77724,79161,61240,85967
10,4,Hudson Valley,29-1129,"Therapists, All Other",170,73485,69712,49538,85459
10,4,Hudson Valley,29-1131,Veterinarians,480,160904,138597,99688,191512
10,4,Hudson Valley,29-1141,Registered Nurses,20600,113766,110328,84012,128644
10,4,Hudson Valley,29-1151,Nurse Anesthetists,130,302360,,219938,
10,4,Hudson Valley,29-1161,Nurse Midwives,,146781,142448,114861,162740
10,4,Hudson Valley,29-1171,Nurse Practitioners,1880,155384,155747,118650,173752
10,4,Hudson Valley,29-1181,Audiologists,,112272,101837,82869,126973
10,4,Hudson Valley,29-1211,Anesthesiologists,220,344772,,99379,
10,4,Hudson Valley,29-1212,Cardiologists,250,459835,,272238,
10,4,Hudson Valley,29-1213,Dermatologists,130,353221,,197142,
10,4,Hudson Valley,29-1214,Emergency Medicine Physicians,220,330303,,180544,
10,4,Hudson Valley,29-1215,Family Medicine Physicians,460,206595,215807,87312,266237
10,4,Hudson Valley,29-1216,General Internal Medicine Physicians,1060,252845,221081,107569,325483
10,4,Hudson Valley,29-1217,Neurologists,140,338474,,183651,
10,4,Hudson Valley,29-1218,Obstetricians and Gynecologists,340,345340,,207883,
10,4,Hudson Valley,29-1221,"Pediatricians, General",500,188167,159794,103988,230255
10,4,Hudson Valley,29-1222,"Physicians, Pathologists",,243769,234099,89476,320916
10,4,Hudson Valley,29-1223,Psychiatrists,440,257838,,120153,326681
10,4,Hudson Valley,29-1224,Radiologists,230,428718,,86607,
10,4,Hudson Valley,29-1229,"Physicians, All Other",1320,271490,,108078,353197
10,4,Hudson Valley,29-1241,"Ophthalmologists, Except Pediatric",120,402107,,156982,
10,4,Hudson Valley,29-1242,"Orthopedic Surgeons, Except Pediatric",130,438165,,153919,
10,4,Hudson Valley,29-1243,Pediatric Surgeons,,372605,,277775,
10,4,Hudson Valley,29-1249,"Surgeons, All Other",340,374844,,88507,518012
10,4,Hudson Valley,29-1291,Acupuncturists,150,103508,100007,65585,122469
10,4,Hudson Valley,29-1292,Dental Hygienists,1330,98846,101137,72913,111813
10,4,Hudson Valley,29-1299,"Healthcare Diagnosing or Treating Practitioners, All Other",,168101,124773,94591,204856
10,4,Hudson Valley,29-2010,Clinical Laboratory Technologists and Technicians,1540,91263,97091,51586,111101
10,4,Hudson Valley,29-2031,Cardiovascular Technologists and Technicians,310,88702,91347,52782,106662
10,4,Hudson Valley,29-2032,Diagnostic Medical Sonographers,740,103634,103531,85148,112878
10,4,Hudson Valley,29-2033,Nuclear Medicine Technologists,100,116393,111954,95434,126872
10,4,Hudson Valley,29-2034,Radiologic Technologists,1580,93855,96344,68695,106436
10,4,Hudson Valley,29-2035,Magnetic Resonance Imaging Technologists,340,104934,105111,78185,118309
10,4,Hudson Valley,29-2036,Medical Dosimetrists,,170492,172467,135133,188171
10,4,Hudson Valley,29-2042,Emergency Medical Technicians,1580,46079,46113,39411,49412
10,4,Hudson Valley,29-2043,Paramedics,770,71451,68487,60319,77019
10,4,Hudson Valley,29-2051,Dietetic Technicians,130,52014,47627,41299,57372
10,4,Hudson Valley,29-2052,Pharmacy Technicians,2600,45884,40311,36549,50552
10,4,Hudson Valley,29-2053,Psychiatric Technicians,260,62803,51493,47157,70626
10,4,Hudson Valley,29-2055,Surgical Technologists,530,79399,80287,59891,89153
10,4,Hudson Valley,29-2056,Veterinary Technologists and Technicians,780,61788,60581,50541,67411
10,4,Hudson Valley,29-2057,Ophthalmic Medical Technicians,710,49096,48660,39316,53985
10,4,Hudson Valley,29-2061,Licensed Practical and Licensed Vocational Nurses,4520,69940,68298,58414,75704
10,4,Hudson Valley,29-2072,Medical Records Specialists,890,64992,61649,44850,75062
10,4,Hudson Valley,29-2081,"Opticians, Dispensing",590,66657,64101,52920,73525
10,4,Hudson Valley,29-2091,Orthotists and Prosthetists,,99991,94050,66740,116615
10,4,Hudson Valley,29-2092,Hearing Aid Specialists,,84399,98121,52806,100196
10,4,Hudson Valley,29-2099,"Health Technologists and Technicians, All Other",840,69690,56688,44062,82505
10,4,Hudson Valley,29-9021,Health Information Technologists and Medical Registrars,140,85931,77021,50948,103421
10,4,Hudson Valley,29-9091,Athletic Trainers,170,71944,65581,53706,81063
10,4,Hudson Valley,29-9092,Genetic Counselors,,107922,104498,92948,115410
10,4,Hudson Valley,29-9093,Surgical Assistants,,72976,66581,53146,82891
10,4,Hudson Valley,29-9099,"Healthcare Practitioners and Technical Workers, All Other",,111803,77066,54656,140376
10,4,Hudson Valley,31-0000,Healthcare Support Occupations,67760,44442,40409,36245,48540
10,4,Hudson Valley,31-1120,Home Health & Personal Care Aides,44440,41257,38444,35808,43981
10,4,Hudson Valley,31-1131,Nursing Assistants,8810,48874,48386,42434,52094
10,4,Hudson Valley,31-1132,Orderlies,330,46313,44696,39617,49662
10,4,Hudson Valley,31-1133,Psychiatric Aides,910,55434,54429,43847,61229
10,4,Hudson Valley,31-2011,Occupational Therapy Assistants,450,69328,66993,52190,77896
10,4,Hudson Valley,31-2012,Occupational Therapy Aides,,47104,47380,33437,53937
10,4,Hudson Valley,31-2021,Physical Therapist Assistants,500,67900,67055,48233,77734
10,4,Hudson Valley,31-2022,Physical Therapist Aides,650,39674,35651,32280,43370
10,4,Hudson Valley,31-9011,Massage Therapists,610,72974,64222,40675,89125
10,4,Hudson Valley,31-9091,Dental Assistants,2590,51521,48736,41216,56674
10,4,Hudson Valley,31-9092,Medical Assistants,4290,50458,47509,40732,55321
10,4,Hudson Valley,31-9093,Medical Equipment Preparers,560,53917,52533,44076,58837
10,4,Hudson Valley,31-9094,Medical Transcriptionists,1150,38501,35475,35371,40067
10,4,Hudson Valley,31-9095,Pharmacy Aides,330,44449,38248,35249,49049
10,4,Hudson Valley,31-9096,Veterinary Assistants and Laboratory Animal Caretakers,950,44719,44500,38424,47867
10,4,Hudson Valley,31-9097,Phlebotomists,600,52281,51457,45221,55812
10,4,Hudson Valley,31-9099,"Healthcare Support Workers, All Other",580,56692,55729,42433,63821
10,4,Hudson Valley,33-0000,Protective Service Occupations,31460,71224,61543,38923,87375
10,4,Hudson Valley,33-1011,First-Line Supervisors of Correctional Officers,710,105558,99923,84283,116195
10,4,Hudson Valley,33-1012,First-Line Supervisors of Police and Detectives,1220,153216,153672,114015,172816
10,4,Hudson Valley,33-1021,First-Line Supervisors of Fire Fighting and Prevention Workers,330,147312,153133,115026,163457
10,4,Hudson Valley,33-1091,First-Line Supervisors of Security Workers,670,67965,60912,45711,79092
10,4,Hudson Valley,33-1099,"First-Line Supervisors of Protective Service Workers, All Other",130,86125,99414,55989,101192
10,4,Hudson Valley,33-2011,Firefighters,1010,100370,111220,67688,116710
10,4,Hudson Valley,33-2021,Fire Inspectors and Investigators,,107639,74859,56296,133310
10,4,Hudson Valley,33-3011,Bailiffs,400,77385,80674,49695,91230
10,4,Hudson Valley,33-3012,Correctional Officers and Jailers,5710,76511,74466,63926,82803
10,4,Hudson Valley,33-3021,Detectives and Criminal Investigators,900,118628,116147,84385,135750
10,4,Hudson Valley,33-3031,Fish and Game Wardens,,76567,75373,67046,81327
10,4,Hudson Valley,33-3041,Parking Enforcement Workers,130,62119,62685,42203,72079
10,4,Hudson Valley,33-3051,Police and Sheriff's Patrol Officers,4560,100962,102969,66666,118109
10,4,Hudson Valley,33-9011,Animal Control Workers,100,69355,57684,40133,83966
10,4,Hudson Valley,33-9021,Private Detectives and Investigators,130,77176,61545,45532,92998
10,4,Hudson Valley,33-9032,Security Guards,10600,46995,45080,36252,52368
10,4,Hudson Valley,33-9091,Crossing Guards,680,50731,46813,38338,56928
10,4,Hudson Valley,33-9092,"Lifeguards, Ski Patrol, and Other Recreational Protective Service",1160,38872,38142,34648,40984
10,4,Hudson Valley,33-9093,Transportation Security Screeners,130,65596,72431,47743,74523
10,4,Hudson Valley,33-9094,School Bus Monitors,2620,39976,38707,34847,42540
10,4,Hudson Valley,33-9099,"Protective Service Workers, All Other",110,52643,48365,39691,59118
10,4,Hudson Valley,35-0000,Food Preparation and Serving Related Occupations,75270,45792,38528,34134,51620
10,4,Hudson Valley,35-1011,Chefs and Head Cooks,1820,73317,65280,47164,86393
10,4,Hudson Valley,35-1012,First-Line Supervisors of Food Preparation and Serving Workers,6000,53148,48179,38956,60245
10,4,Hudson Valley,35-2011,"Cooks, Fast Food",2220,35884,35152,32521,37565
10,4,Hudson Valley,35-2012,"Cooks, Institution and Cafeteria",2140,47990,47187,38776,52596
10,4,Hudson Valley,35-2014,"Cooks, Restaurant",6560,44425,40836,35212,49032
10,4,Hudson Valley,35-2015,"Cooks, Short Order",2520,39279,36942,33636,42100
10,4,Hudson Valley,35-2019,"Cooks, All Other",,39719,38148,34839,42159
10,4,Hudson Valley,35-2021,Food Preparation Workers,5710,39580,36917,33832,42455
10,4,Hudson Valley,35-3011,Bartenders,3890,62842,62545,37604,75461
10,4,Hudson Valley,35-3023,Fast Food and Counter Workers,18360,37613,36456,33791,39524
10,4,Hudson Valley,35-3031,Waiters and Waitresses,14630,54030,47599,33827,64130
10,4,Hudson Valley,35-3041,"Food Servers, Nonrestaurant",1800,42092,40324,34876,45699
10,4,Hudson Valley,35-9011,Dining Room and Cafeteria Attendants and Bartender Helpers,4690,43180,38737,33774,47883
10,4,Hudson Valley,35-9021,Dishwashers,3220,37132,36592,33617,38889
10,4,Hudson Valley,35-9031,"Hosts and Hostesses, Restaurant, Lounge, and Coffee Shop",1560,42387,38542,33868,46647
10,4,Hudson Valley,35-9099,"Food Preparation and Serving Related Workers, All Other",,40569,36727,36616,42544
10,4,Hudson Valley,37-0000,Building and Grounds Cleaning and Maintenance Occupations,34970,46977,44108,35436,52747
10,4,Hudson Valley,37-1011,First-Line Supervisors of Housekeeping and Janitorial Workers,1110,61324,55433,44892,69540
10,4,Hudson Valley,37-1012,"First-Line Supervisors of Landscaping, Lawn Service, and Groundskeeping Workers",1140,70647,72347,52475,79733
10,4,Hudson Valley,37-2011,"Janitors and Cleaners, Except Maids and Housekeeping Cleaners",18090,44124,39509,34718,48827
10,4,Hudson Valley,37-2012,Maids and Housekeeping Cleaners,3980,47126,41714,35304,53036
10,4,Hudson Valley,37-2021,Pest Control Workers,590,55211,49245,44854,60390
10,4,Hudson Valley,37-3011,Landscaping and Groundskeeping Workers,9670,46555,46347,36529,51568
10,4,Hudson Valley,37-3013,Tree Trimmers and Pruners,350,65993,62512,48002,74989
10,4,Hudson Valley,39-0000,Personal Care and Service Occupations,26210,46003,38094,33597,52205
10,4,Hudson Valley,39-1014,"First-Line Supervisors of Entertainment and Recreation Workers, Except Gambling Services",370,58713,51929,40037,68052
10,4,Hudson Valley,39-1022,First-Line Supervisors of Personal Service Workers,1170,62333,57923,41746,72626
10,4,Hudson Valley,39-2011,Animal Trainers,230,55459,46760,35924,65226
10,4,Hudson Valley,39-2021,Nonfarm Animal Caretakers,1780,41227,37861,34750,44465
10,4,Hudson Valley,39-3031,"Ushers, Lobby Attendants, and Ticket Takers",450,36845,36622,32760,38887
10,4,Hudson Valley,39-3091,Amusement and Recreation Attendants,2500,38780,36687,33005,41668
10,4,Hudson Valley,39-3093,"Locker Room, Coatroom, and Dressing Room Attendants",180,43140,39027,33564,47927
10,4,Hudson Valley,39-4021,Funeral Attendants,180,43388,40404,36455,46856
10,4,Hudson Valley,39-4031,"Morticians, Undertakers, and Funeral Directors",190,69005,64373,49028,78993
10,4,Hudson Valley,39-5011,Barbers,150,49533,32961,32726,57937
10,4,Hudson Valley,39-5012,"Hairdressers, Hairstylists, and Cosmetologists",2760,45866,34902,33002,52298
10,4,Hudson Valley,39-5092,Manicurists and Pedicurists,2370,35320,34343,32348,36807
10,4,Hudson Valley,39-5093,Shampooers,110,33879,33157,32555,34541
10,4,Hudson Valley,39-5094,Skincare Specialists,400,53895,45848,34185,63749
10,4,Hudson Valley,39-6011,Baggage Porters and Bellhops,260,47169,48932,37032,52238
10,4,Hudson Valley,39-6012,Concierges,300,50255,47951,37672,56547
10,4,Hudson Valley,39-7010,Tour and Travel Guides,220,56449,39765,33242,68052
10,4,Hudson Valley,39-9011,Childcare Workers,6030,39869,38070,34275,42667
10,4,Hudson Valley,39-9031,Fitness Trainers and Aerobics Instructors,2340,69524,62035,36808,85883
10,4,Hudson Valley,39-9032,Recreation Workers,2760,45074,38808,34145,50538
10,4,Hudson Valley,39-9041,Residential Advisors,710,46688,46044,36586,51737
10,4,Hudson Valley,39-9099,"Personal Care and Service Workers, All Other",,51846,43947,34712,60413
10,4,Hudson Valley,41-0000,Sales and Related Occupations,79530,61218,40075,34507,74574
10,4,Hudson Valley,41-1011,First-Line Supervisors of Retail Sales Workers,6350,65396,59282,42167,77009
10,4,Hudson Valley,41-1012,First-Line Supervisors of Non-Retail Sales Workers,1240,130958,116097,76708,158083
10,4,Hudson Valley,41-2011,Cashiers,20250,37097,35817,33009,39141
10,4,Hudson Valley,41-2021,Counter and Rental Clerks,2470,53545,45974,36584,62025
10,4,Hudson Valley,41-2022,Parts Salespersons,820,52263,48453,37249,59770
10,4,Hudson Valley,41-2031,Retail Salespersons,27500,44477,37836,34204,49614
10,4,Hudson Valley,41-3011,Advertising Sales Agents,730,103133,81036,47486,130955
10,4,Hudson Valley,41-3021,Insurance Sales Agents,2160,97318,66057,42003,124974
10,4,Hudson Valley,41-3031,"Securities, Commodities, and Financial Services Sales Agents",2130,153267,122933,62487,198658
10,4,Hudson Valley,41-3041,Travel Agents,210,57832,50469,40352,66572
10,4,Hudson Valley,41-3091,"Sales Representatives of Services, Except Advertising, Insurance, Financial Services, and Travel",6020,96659,79454,46430,121774
10,4,Hudson Valley,41-4011,"Sales Representatives, Wholesale and Manufacturing, Technical and Scientific Products",930,141813,134188,66862,179288
10,4,Hudson Valley,41-4012,"Sales Representatives, Wholesale and Manufacturing, Except Technical and Scientific Products",6520,92342,77970,49250,113887
10,4,Hudson Valley,41-9011,Demonstrators and Product Promoters,320,44618,40686,34041,49907
10,4,Hudson Valley,41-9012,Models,170,86396,92015,73546,92822
10,4,Hudson Valley,41-9021,Real Estate Brokers,,128936,110134,65310,160748
10,4,Hudson Valley,41-9022,Real Estate Sales Agents,1110,101473,94386,43062,130679
10,4,Hudson Valley,41-9031,Sales Engineers,220,167343,159558,100117,200956
10,4,Hudson Valley,41-9041,Telemarketers,110,40429,39859,33657,43816
10,4,Hudson Valley,41-9099,"Sales and Related Workers, All Other",150,54060,44946,35262,63460
10,4,Hudson Valley,43-0000,Office and Administrative Support Occupations,115040,57428,51521,39368,66458
10,4,Hudson Valley,43-1011,First-Line Supervisors of Office and Administrative Support Workers,7920,82262,76696,55886,95450
10,4,Hudson Valley,43-2011,"Switchboard Operators, Including Answering Service",230,51138,46790,38985,57214
10,4,Hudson Valley,43-2021,Telephone Operators,,56210,49798,41882,63373
10,4,Hudson Valley,43-3011,Bill and Account Collectors,500,58126,52330,42505,65937
10,4,Hudson Valley,43-3021,Billing and Posting Clerks,3370,56364,51910,43316,62889
10,4,Hudson Valley,43-3031,"Bookkeeping, Accounting, and Auditing Clerks",10420,59773,58094,42406,68456
10,4,Hudson Valley,43-3051,Payroll and Timekeeping Clerks,930,63838,62175,46083,72715
10,4,Hudson Valley,43-3061,Procurement Clerks,290,55434,54080,41959,62171
10,4,Hudson Valley,43-3071,Tellers,2050,45377,46218,38719,48706
10,4,Hudson Valley,43-3099,"Financial Clerks, All Other",130,62842,58116,45888,71319
10,4,Hudson Valley,43-4011,Brokerage Clerks,190,88221,78034,62804,100929
10,4,Hudson Valley,43-4021,Correspondence Clerks,,50970,46580,37102,57903
10,4,Hudson Valley,43-4031,"Court, Municipal, and License Clerks",1410,64458,61736,45241,74067
10,4,Hudson Valley,43-4041,"Credit Authorizers, Checkers, and Clerks",,54466,51238,40687,61356
10,4,Hudson Valley,43-4051,Customer Service Representatives,13120,53037,48195,37747,60683
10,4,Hudson Valley,43-4061,"Eligibility Interviewers, Government Programs",640,69504,66632,57980,75266
10,4,Hudson Valley,43-4071,File Clerks,420,45250,43403,35398,50176
10,4,Hudson Valley,43-4081,"Hotel, Motel, and Resort Desk Clerks",960,43236,38915,35530,47089
10,4,Hudson Valley,43-4111,"Interviewers, Except Eligibility and Loan",1080,54878,51864,43401,60617
10,4,Hudson Valley,43-4121,"Library Assistants, Clerical",980,41943,38173,33171,46329
10,4,Hudson Valley,43-4131,Loan Interviewers and Clerks,400,57422,55794,45925,63169
10,4,Hudson Valley,43-4141,New Accounts Clerks,580,55366,52224,48093,59003
10,4,Hudson Valley,43-4151,Order Clerks,370,47236,45564,36748,52479
10,4,Hudson Valley,43-4161,"Human Resources Assistants, Except Payroll and Timekeeping",710,55676,53126,40681,63174
10,4,Hudson Valley,43-4171,Receptionists and Information Clerks,8900,44074,42421,36054,48084
10,4,Hudson Valley,43-4181,Reservation and Transportation Ticket Agents and Travel Clerks,180,44735,39589,33767,50219
10,4,Hudson Valley,43-4199,"Information and Record Clerks, All Other",250,60688,60791,45564,68251
10,4,Hudson Valley,43-5011,Cargo and Freight Agents,230,62897,61238,42269,73211
10,4,Hudson Valley,43-5021,Couriers and Messengers,600,44361,42861,36403,48341
10,4,Hudson Valley,43-5031,"Police, Fire, and Ambulance Dispatchers",680,69876,65062,48274,80677
10,4,Hudson Valley,43-5032,"Dispatchers, Except Police, Fire, and Ambulance",1260,55242,50551,38942,63392
10,4,Hudson Valley,43-5041,"Meter Readers, Utilities",,56370,51611,41307,63902
10,4,Hudson Valley,43-5051,Postal Service Clerks,800,64520,64020,53138,70211
10,4,Hudson Valley,43-5052,Postal Service Mail Carriers,2550,62163,59643,45370,70559
10,4,Hudson Valley,43-5053,"Postal Service Mail Sorters, Processors, and Processing Machine Operators",860,61358,58729,47272,68400
10,4,Hudson Valley,43-5061,"Production, Planning, and Expediting Clerks",3420,64161,59862,45196,73643
10,4,Hudson Valley,43-5071,"Shipping, Receiving, and Traffic Clerks",3570,48608,45941,36661,54581
10,4,Hudson Valley,43-5111,"Weighers, Measurers, Checkers, and Samplers, Recordkeeping",240,49658,47795,38583,55196
10,4,Hudson Valley,43-6011,Executive Secretaries and Executive Administrative Assistants,7910,84988,81368,61902,96530
10,4,Hudson Valley,43-6012,Legal Secretaries,1410,67198,76003,46199,77697
10,4,Hudson Valley,43-6013,Medical Secretaries,3810,49939,48926,41002,54407
10,4,Hudson Valley,43-6014,"Secretaries and Administrative Assistants, Except Legal, Medical, and Executive",13530,51651,49990,40014,57470
10,4,Hudson Valley,43-9021,Data Entry Keyers,1030,49005,45458,35039,55988
10,4,Hudson Valley,43-9022,Word Processors and Typists,1730,53236,50458,39900,59905
10,4,Hudson Valley,43-9031,Desktop Publishers,,63581,68013,49080,70833
10,4,Hudson Valley,43-9041,Insurance Claims and Policy Processing Clerks,460,62100,59951,47334,69484
10,4,Hudson Valley,43-9051,"Mail Clerks and Mail Machine Operators, Except Postal Service",440,44742,43737,34846,49691
10,4,Hudson Valley,43-9061,"Office Clerks, General",13610,49170,46304,35010,56250
10,4,Hudson Valley,43-9071,"Office Machine Operators, Except Computer",210,44331,38709,34872,49059
10,4,Hudson Valley,43-9081,Proofreaders and Copy Markers,130,54070,53380,41058,60577
10,4,Hudson Valley,43-9111,Statistical Assistants,,66972,57858,49384,75765
10,4,Hudson Valley,43-9199,"Office and Administrative Support Workers, All Other",140,55483,49491,38734,63858
10,4,Hudson Valley,45-0000,"Farming, Fishing, and Forestry Occupations",690,48961,45044,36722,55082
10,4,Hudson Valley,45-1011,"First-Line Supervisors of Farming, Fishing, and Forestry Workers",,72250,64234,56723,80015
10,4,Hudson Valley,45-2011,Agricultural Inspectors,,72373,76583,55278,80920
10,4,Hudson Valley,45-2021,Animal Breeders,,54623,50545,48345,57761
10,4,Hudson Valley,45-2092,"Farmworkers and Laborers, Crop, Nursery, and Greenhouse",470,42985,40909,36065,46446
10,4,Hudson Valley,45-2093,"Farmworkers, Farm, Ranch, and Aquacultural Animals",,48942,43436,37491,54668
10,4,Hudson Valley,47-0000,Construction and Extraction Occupations,44260,77178,67624,47399,92067
10,4,Hudson Valley,47-1011,Supervisors of Construction and Extraction Workers,4240,102372,97519,65937,120589
10,4,Hudson Valley,47-2021,Brickmasons and Blockmasons,250,88675,80970,61242,102392
10,4,Hudson Valley,47-2022,Stonemasons,150,64968,53518,47680,73612
10,4,Hudson Valley,47-2031,Carpenters,6520,74444,65932,48001,87666
10,4,Hudson Valley,47-2042,"Floor Layers, Except Carpet, Wood, and Hard Tiles",130,61527,59258,50536,67023
10,4,Hudson Valley,47-2044,Tile and Marble Setters,560,77269,73217,46564,92622
10,4,Hudson Valley,47-2051,Cement Masons and Concrete Finishers,1570,74303,64998,49357,86775
10,4,Hudson Valley,47-2053,Terrazzo Workers and Finishers,,83901,75167,63241,94231
10,4,Hudson Valley,47-2061,Construction Laborers,7300,66138,58896,42742,77836
10,4,Hudson Valley,47-2071,"Paving, Surfacing, and Tamping Equipment Operators",430,79984,69465,51621,94166
10,4,Hudson Valley,47-2073,Operating Engineers and Other Construction Equipment Operators,2160,101021,85271,61471,120795
10,4,Hudson Valley,47-2081,Drywall and Ceiling Tile Installers,470,70381,61389,48005,81568
10,4,Hudson Valley,47-2082,Tapers,160,80380,69197,63183,88978
10,4,Hudson Valley,47-2111,Electricians,4650,80763,75160,52187,95050
10,4,Hudson Valley,47-2121,Glaziers,430,79574,63714,45619,96552
10,4,Hudson Valley,47-2141,"Painters, Construction and Maintenance",2540,64227,58985,42299,75191
10,4,Hudson Valley,47-2152,"Plumbers, Pipefitters, and Steamfitters",2950,86048,79344,53139,102503
10,4,Hudson Valley,47-2161,Plasterers and Stucco Masons,130,79530,68527,49237,94676
10,4,Hudson Valley,47-2171,Reinforcing Iron and Rebar Workers,150,85036,81963,64245,95431
10,4,Hudson Valley,47-2181,Roofers,560,71875,66576,44159,85734
10,4,Hudson Valley,47-2211,Sheet Metal Workers,610,79184,77231,52769,92392
10,4,Hudson Valley,47-2221,Structural Iron and Steel Workers,590,106263,104662,74640,122075
10,4,Hudson Valley,47-3012,Helpers--Carpenters,480,44181,44752,34904,48820
10,4,Hudson Valley,47-3013,Helpers--Electricians,540,49911,47336,40516,54609
10,4,Hudson Valley,47-3015,"Helpers--Pipelayers, Plumbers, Pipefitters, and Steamfitters",510,47991,45248,37284,53344
10,4,Hudson Valley,47-3019,"Helpers, Construction Trades, All Other",,59080,51007,41862,67689
10,4,Hudson Valley,47-4011,Construction and Building Inspectors,1240,84986,78776,53656,100651
10,4,Hudson Valley,47-4041,Hazardous Materials Removal Workers,360,75150,68647,54100,85674
10,4,Hudson Valley,47-4051,Highway Maintenance Workers,2480,67046,64640,48933,76103
10,4,Hudson Valley,47-4071,Septic Tank Servicers and Sewer Pipe Cleaners,310,61813,59787,45976,69732
10,4,Hudson Valley,47-4090,Miscellaneous Construction and Related Workers,,57053,50861,43531,63814
10,4,Hudson Valley,47-5022,"Excavating and Loading Machine and Dragline Operators, Surface Mining",230,68983,61666,49976,78487
10,4,Hudson Valley,47-5023,"Earth Drillers, Except Oil and Gas",,86093,82782,63243,97519
10,4,Hudson Valley,49-0000,"Installation, Maintenance, and Repair Occupations",39290,68288,62418,43590,80637
10,4,Hudson Valley,49-1011,"First-Line Supervisors of Mechanics, Installers, and Repairers",3270,96221,89716,60276,114194
10,4,Hudson Valley,49-2011,"Computer, Automated Teller, and Office Machine Repairers",560,61136,62662,42474,70467
10,4,Hudson Valley,49-2022,"Telecommunications Equipment Installers and Repairers, Except Line Installers",880,68524,53608,47362,79105
10,4,Hudson Valley,49-2091,Avionics Technicians,,90625,82678,76091,97892
10,4,Hudson Valley,49-2094,"Electrical and Electronics Repairers, Commercial and Industrial Equipment",190,81504,84002,57948,93282
10,4,Hudson Valley,49-2095,"Electrical and Electronics Repairers, Powerhouse, Substation, and Relay",260,108996,126863,76368,125310
10,4,Hudson Valley,49-2098,Security and Fire Alarm Systems Installers,790,70612,71752,51891,79973
10,4,Hudson Valley,49-3011,Aircraft Mechanics and Service Technicians,210,106233,90271,65703,126498
10,4,Hudson Valley,49-3021,Automotive Body and Related Repairers,1500,59345,55415,38783,69626
10,4,Hudson Valley,49-3023,Automotive Service Technicians and Mechanics,4900,61027,57565,39949,71566
10,4,Hudson Valley,49-3031,Bus and Truck Mechanics and Diesel Engine Specialists,1900,70391,68936,52820,79178
10,4,Hudson Valley,49-3041,Farm Equipment Mechanics and Service Technicians,,60509,63892,45129,68197
10,4,Hudson Valley,49-3042,"Mobile Heavy Equipment Mechanics, Except Engines",520,77171,72896,56079,87717
10,4,Hudson Valley,49-3051,Motorboat Mechanics and Service Technicians,110,60179,59918,46691,66923
10,4,Hudson Valley,49-3053,Outdoor Power Equipment and Other Small Engine Mechanics,230,56341,51763,41888,63568
10,4,Hudson Valley,49-3091,Bicycle Repairers,,45139,44919,36595,49411
10,4,Hudson Valley,49-3093,Tire Repairers and Changers,230,46597,45110,37095,51349
10,4,Hudson Valley,49-9012,"Control and Valve Installers and Repairers, Except Mechanical Door",410,97172,98264,58748,116385
10,4,Hudson Valley,49-9021,"Heating, Air Conditioning, and Refrigeration Mechanics and Installers",3180,69397,65604,48476,79859
10,4,Hudson Valley,49-9041,Industrial Machinery Mechanics,1200,73801,71776,51433,84985
10,4,Hudson Valley,49-9043,"Maintenance Workers, Machinery",240,67829,64134,48730,77378
10,4,Hudson Valley,49-9044,Millwrights,,92675,87042,62280,107872
10,4,Hudson Valley,49-9051,Electrical Power-Line Installers and Repairers,900,105328,112588,58917,128535
10,4,Hudson Valley,49-9052,Telecommunications Line Installers and Repairers,1110,87104,105711,47376,106967
10,4,Hudson Valley,49-9062,Medical Equipment Repairers,230,72266,67963,50897,82951
10,4,Hudson Valley,49-9063,Musical Instrument Repairers and Tuners,,54540,47939,38812,62404
10,4,Hudson Valley,49-9069,"Precision Instrument and Equipment Repairers, All Other",,68841,65046,55388,75567
10,4,Hudson Valley,49-9071,"Maintenance and Repair Workers, General",13730,59951,57536,41556,69148
10,4,Hudson Valley,49-9091,"Coin, Vending, and Amusement Machine Servicers and Repairers",190,59385,59204,42037,68059
10,4,Hudson Valley,49-9094,Locksmiths and Safe Repairers,130,61033,61164,40705,71197
10,4,Hudson Valley,49-9096,Riggers,,98993,100039,70970,113005
10,4,Hudson Valley,49-9098,"Helpers--Installation, Maintenance, and Repair Workers",720,48744,47474,37567,54332
10,4,Hudson Valley,49-9099,"Installation, Maintenance, and Repair Workers, All Other",540,59343,58665,44020,67005
10,4,Hudson Valley,51-0000,Production Occupations,29010,53089,47254,35830,61720
10,4,Hudson Valley,51-1011,First-Line Supervisors of Production and Operating Workers,2250,83354,80108,54913,97574
10,4,Hudson Valley,51-2028,"Electrical, electronic, and electromechanical assemblers, except coil winders, tapers, and finishers?(OES-specific code and title)",840,48500,46702,37658,53921
10,4,Hudson Valley,51-2041,Structural Metal Fabricators and Fitters,170,52567,49708,41390,58155
10,4,Hudson Valley,51-2090,Miscellaneous Assemblers and Fabricators,2560,45970,42725,35531,51189
10,4,Hudson Valley,51-3011,Bakers,2110,43210,39947,35699,46965
10,4,Hudson Valley,51-3021,Butchers and Meat Cutters,600,51075,48071,37690,57768
10,4,Hudson Valley,51-3022,"Meat, Poultry, and Fish Cutters and Trimmers",440,37186,34144,32240,39705
10,4,Hudson Valley,51-3023,Slaughterers and Meat Packers,120,35256,32240,32240,36879
10,4,Hudson Valley,51-3091,"Food and Tobacco Roasting, Baking, and Drying Machine Operators and Tenders",180,40612,36901,33593,44122
10,4,Hudson Valley,51-3092,Food Batchmakers,1100,39689,37042,33296,42886
10,4,Hudson Valley,51-3093,Food Cooking Machine Operators and Tenders,220,54300,57320,44012,59444
10,4,Hudson Valley,51-3099,"Food Processing Workers, All Other",,43844,44277,37133,47199
10,4,Hudson Valley,51-4021,"Extruding and Drawing Machine Setters, Operators, and Tenders, Metal and Plastic",200,50356,48886,37651,56709
10,4,Hudson Valley,51-4031,"Cutting, Punching, and Press Machine Setters, Operators, and Tenders, Metal and Plastic",230,49012,46303,37480,54778
10,4,Hudson Valley,51-4033,"Grinding, Lapping, Polishing, and Buffing Machine Tool Setters, Operators, and Tenders, Metal and Plastic",110,52614,50311,43235,57303
10,4,Hudson Valley,51-4041,Machinists,510,58807,58301,39593,68413
10,4,Hudson Valley,51-4072,"Molding, Coremaking, and Casting Machine Setters, Operators, and Tenders, Metal and Plastic",170,50611,46796,38863,56485
10,4,Hudson Valley,51-4081,"Multiple Machine Tool Setters, Operators, and Tenders, Metal and Plastic",270,50818,48793,35241,58605
10,4,Hudson Valley,51-4111,Tool and Die Makers,100,74661,67826,54138,84924
10,4,Hudson Valley,51-4121,"Welders, Cutters, Solderers, and Brazers",670,67977,61673,46231,78850
10,4,Hudson Valley,51-4122,"Welding, Soldering, and Brazing Machine Setters, Operators, and Tenders",,50753,50168,39453,56403
10,4,Hudson Valley,51-5111,Prepress Technician and Workers,,49926,49251,36999,56390
10,4,Hudson Valley,51-5112,Printing Press Operators,540,50099,47413,38055,56122
10,4,Hudson Valley,51-6011,Laundry and Dry-Cleaning Workers,1660,37400,35707,33132,39534
10,4,Hudson Valley,51-6021,"Pressers, Textile, Garment, and Related Materials",560,36718,35267,33657,38247
10,4,Hudson Valley,51-6031,Sewing Machine Operators,480,42786,39489,35191,46584
10,4,Hudson Valley,51-6052,"Tailors, Dressmakers, and Custom Sewers",140,55700,51448,40527,63286
10,4,Hudson Valley,51-6062,"Textile Cutting Machine Setters, Operators, and Tenders",,50413,46282,36974,57132
10,4,Hudson Valley,51-6093,Upholsterers,,59784,49540,38423,70464
10,4,Hudson Valley,51-6099,"Textile, Apparel, and Furnishings Workers, All Other",,69673,71853,44501,82258
10,4,Hudson Valley,51-7011,Cabinetmakers and Bench Carpenters,460,59664,59922,45529,66732
10,4,Hudson Valley,51-7021,Furniture Finishers,,48182,45120,36925,53810
10,4,Hudson Valley,51-7041,"Sawing Machine Setters, Operators, and Tenders, Wood",100,50496,45934,37887,56801
10,4,Hudson Valley,51-7042,"Woodworking Machine Setters, Operators, and Tenders, Except Sawing",150,49066,45531,37793,54702
10,4,Hudson Valley,51-8013,Power Plant Operators,250,118795,126239,84042,136173
10,4,Hudson Valley,51-8021,Stationary Engineers and Boiler Operators,350,88939,81908,61475,102670
10,4,Hudson Valley,51-8031,Water and Wastewater Treatment Plant and System Operators,970,67752,64409,50279,76489
10,4,Hudson Valley,51-8099,"Plant and System Operators, All Other",,81712,80666,65316,89910
10,4,Hudson Valley,51-9011,Chemical Equipment Operators and Tenders,410,53961,49952,40246,60819
10,4,Hudson Valley,51-9012,"Separating, Filtering, Clarifying, Precipitating, and Still Machine Setters, Operators, and Tenders",250,54567,49686,42196,60753
10,4,Hudson Valley,51-9021,"Crushing, Grinding, and Polishing Machine Setters, Operators, and Tenders",,57013,50014,43852,63594
10,4,Hudson Valley,51-9023,"Mixing and Blending Machine Setters, Operators, and Tenders",560,52197,49516,38917,58838
10,4,Hudson Valley,51-9032,"Cutting and Slicing Machine Setters, Operators, and Tenders",130,50922,50105,39158,56804
10,4,Hudson Valley,51-9041,"Extruding, Forming, Pressing, and Compacting Machine Setters, Operators, and Tenders",260,44929,42305,36265,49262
10,4,Hudson Valley,51-9051,"Furnace, Kiln, Oven, Drier, and Kettle Operators and Tenders",,52036,49210,44646,55731
10,4,Hudson Valley,51-9061,"Inspectors, Testers, Sorters, Samplers, and Weighers",1850,54706,49761,38228,62945
10,4,Hudson Valley,51-9071,Jewelers and Precious Stone and Metal Workers,350,63351,52212,36861,76595
10,4,Hudson Valley,51-9081,Dental Laboratory Technicians,160,60301,57455,43597,68652
10,4,Hudson Valley,51-9082,Medical Appliance Technicians,160,53715,59015,39435,60855
10,4,Hudson Valley,51-9111,Packaging and Filling Machine Operators and Tenders,2030,42781,38151,33243,47550
10,4,Hudson Valley,51-9123,"Painting, Coating, and Decorating Workers",,61053,59315,41858,70651
10,4,Hudson Valley,51-9124,"Coating, Painting, and Spraying Machine Setters, Operators, and Tenders",310,55493,47996,39771,63354
10,4,Hudson Valley,51-9161,Computer Numerically Controlled Tool Operators,470,56301,52942,44652,62127
10,4,Hudson Valley,51-9162,Computer Numerically Controlled Tool Programmers,,77335,73910,60064,85970
10,4,Hudson Valley,51-9192,"Cleaning, Washing, and Metal Pickling Equipment Operators and Tenders",,47483,40435,37816,52316
10,4,Hudson Valley,51-9194,Etchers and Engravers,110,42524,37489,37321,45124
10,4,Hudson Valley,51-9195,"Molders, Shapers, and Casters, Except Metal and Plastic",110,55934,53565,43308,62247
10,4,Hudson Valley,51-9196,"Paper Goods Machine Setters, Operators, and Tenders",400,48629,49873,38891,53497
10,4,Hudson Valley,51-9198,Helpers--Production Workers,480,42545,42670,34526,46554
10,4,Hudson Valley,51-9199,"Production Workers, All Other",270,45704,42609,35275,50919
10,4,Hudson Valley,53-0000,Transportation and Material Moving Occupations,69150,51543,46616,36384,59122
10,4,Hudson Valley,53-1047,"First-Line Supervisors of Transportation and Material Moving Workers, Except Aircraft Cargo Handling Supervisors",3120,72005,67478,50097,82959
10,4,Hudson Valley,53-2011,"Airline Pilots, Copilots, and Flight Engineers",,214283,228582,119092,261879
10,4,Hudson Valley,53-2012,Commercial Pilots,190,218691,220160,116716,269679
10,4,Hudson Valley,53-2021,Air Traffic Controllers,,104672,108722,67821,123097
10,4,Hudson Valley,53-2022,Airfield Operations Specialists,,62333,60384,40801,73100
10,4,Hudson Valley,53-2031,Flight Attendants,,131953,134173,85999,154930
10,4,Hudson Valley,53-3011,"Ambulance Drivers and Attendants, Except Emergency Medical Technicians",100,39133,36615,33222,42088
10,4,Hudson Valley,53-3031,Driver/Sales Workers,2870,44512,41963,33767,49885
10,4,Hudson Valley,53-3032,Heavy and Tractor-Trailer Truck Drivers,7590,67351,63503,49793,76131
10,4,Hudson Valley,53-3033,Light Truck or Delivery Services Drivers,5790,52419,47791,38285,59486
10,4,Hudson Valley,53-3051,"Bus Drivers, School",6420,59302,61064,48476,64715
10,4,Hudson Valley,53-3052,"Bus Drivers, Transit and Intercity",1210,60970,66326,47172,67870
10,4,Hudson Valley,53-3053,Shuttle Drivers and Chauffeurs,2700,48901,45662,36215,55242
10,4,Hudson Valley,53-3099,"Motor Vehicle Operators, All Other",270,45639,39416,35463,50728
10,4,Hudson Valley,53-5011,Sailors and Marine Oilers,,61573,62934,45540,69590
10,4,Hudson Valley,53-5021,"Captains, Mates, and Pilots of Water Vessels",,78694,67175,47716,94182
10,4,Hudson Valley,53-6021,Parking Lot Attendants,630,38426,36186,33562,40859
10,4,Hudson Valley,53-6031,Automotive and Watercraft Service Attendants,380,40146,38751,33640,43398
10,4,Hudson Valley,53-6041,Traffic Technicians,,78654,66254,41641,97161
10,4,Hudson Valley,53-6051,Transportation Inspectors,,73879,66254,53891,83874
10,4,Hudson Valley,53-6099,"Transportation Workers, All Other",,61109,43651,32433,75448
10,4,Hudson Valley,53-7011,Conveyor Operators and Tenders,,49222,45070,44038,51815
10,4,Hudson Valley,53-7021,Crane and Tower Operators,120,182503,145409,80652,233429
10,4,Hudson Valley,53-7051,Industrial Truck and Tractor Operators,2030,53513,49893,41178,59680
10,4,Hudson Valley,53-7061,Cleaners of Vehicles and Equipment,2000,40892,38980,34705,43986
10,4,Hudson Valley,53-7062,"Laborers and Freight, Stock, and Material Movers, Hand",11430,45563,42476,37029,49831
10,4,Hudson Valley,53-7064,"Packers and Packagers, Hand",2090,39345,36732,33236,42400
10,4,Hudson Valley,53-7065,Stockers and Order Fillers,18570,42590,39255,34759,46505
10,4,Hudson Valley,53-7072,"Pump Operators, Except Wellhead Pumpers",,62047,63144,45988,70076
10,4,Hudson Valley,53-7081,Refuse and Recyclable Material Collectors,630,59814,62374,41143,69148
10,5,Long Island,00-0000,"Total, All Occupations",1292900,79194,59418,38695,99443
10,5,Long Island,11-0000,Management Occupations,74050,175362,151575,83652,221217
10,5,Long Island,11-1011,Chief Executives,810,342871,223385,159759,434426
10,5,Long Island,11-1021,General and Operations Managers,29210,164694,129153,72154,210964
10,5,Long Island,11-1031,Legislators,150,115469,93870,48911,148748
10,5,Long Island,11-2011,Advertising and Promotions Managers,,312956,194029,120976,408945
10,5,Long Island,11-2021,Marketing Managers,4190,186021,167813,94345,231859
10,5,Long Island,11-2022,Sales Managers,3410,229011,200302,120440,283296
10,5,Long Island,11-2032,Public Relations Managers,410,229624,172185,126588,281142
10,5,Long Island,11-2033,Fundraising Managers,290,179153,169549,116483,210488
10,5,Long Island,11-3012,Administrative Services Managers,1680,154106,132859,89147,186587
10,5,Long Island,11-3013,Facilities Managers,1050,144586,134866,90515,171622
10,5,Long Island,11-3021,Computer and Information Systems Managers,3250,217635,204548,142573,255166
10,5,Long Island,11-3031,Financial Managers,5590,221489,199281,126348,269059
10,5,Long Island,11-3051,Industrial Production Managers,1090,149122,138574,96711,175327
10,5,Long Island,11-3061,Purchasing Managers,630,190803,174315,119641,226385
10,5,Long Island,11-3071,"Transportation, Storage, and Distribution Managers",910,139543,126671,89278,164676
10,5,Long Island,11-3111,Compensation and Benefits Managers,150,177653,162269,120301,206329
10,5,Long Island,11-3121,Human Resources Managers,1300,193346,175756,117427,231305
10,5,Long Island,11-3131,Training and Development Managers,310,176172,167588,107529,210493
10,5,Long Island,11-9013,"Farmers, Ranchers, and Other Agricultural Managers",,80804,86759,58602,91905
10,5,Long Island,11-9021,Construction Managers,1030,162696,159429,99362,194363
10,5,Long Island,11-9031,"Education Administrators, Preschool and Childcare Center/Program",620,102769,94809,60369,123969
10,5,Long Island,11-9032,"Education Administrators, Elementary and Secondary School",3110,166054,170899,123467,187347
10,5,Long Island,11-9033,"Education Administrators, Postsecondary",720,180524,160439,109238,216168
10,5,Long Island,11-9039,"Education Administrators, All Other",260,101428,84904,69035,117625
10,5,Long Island,11-9041,Architectural and Engineering Managers,880,198824,194886,142719,226878
10,5,Long Island,11-9051,Food Service Managers,1940,97864,84370,65531,114030
10,5,Long Island,11-9072,"Entertainment and Recreation Managers, Except Gambling",160,115694,100746,73701,136691
10,5,Long Island,11-9081,Lodging Managers,280,91298,79433,53461,110216
10,5,Long Island,11-9111,Medical and Health Services Managers,5110,202489,168441,113326,247071
10,5,Long Island,11-9121,Natural Sciences Managers,450,180369,162862,92661,224224
10,5,Long Island,11-9131,Postmasters and Mail Superintendents,150,100854,100399,89944,106309
10,5,Long Island,11-9141,"Property, Real Estate, and Community Association Managers",1350,105854,80413,64977,126293
10,5,Long Island,11-9151,Social and Community Service Managers,1780,104848,98221,72139,121201
10,5,Long Island,11-9161,Emergency Management Directors,130,149879,98440,79226,185205
10,5,Long Island,11-9171,Funeral Home Managers,120,120452,97657,72117,144620
10,5,Long Island,11-9179,"Personal Service Managers, All Other",,81592,80404,44093,100342
10,5,Long Island,11-9199,"Managers, All Other",1420,170077,160842,98078,206077
10,5,Long Island,13-0000,Business and Financial Operations Occupations,72730,110452,96750,62184,134586
10,5,Long Island,13-1020,Buyers and Purchasing Agents,4150,88362,81101,55571,104757
10,5,Long Island,13-1031,"Claims Adjusters, Examiners, and Investigators",2720,96479,96956,68512,110463
10,5,Long Island,13-1032,"Insurance Appraisers, Auto Damage",,103455,97693,81479,114443
10,5,Long Island,13-1041,Compliance Officers,2690,96624,92352,62054,113910
10,5,Long Island,13-1051,Cost Estimators,1960,105786,90387,63149,127105
10,5,Long Island,13-1071,Human Resources Specialists,5210,92786,83567,59188,109585
10,5,Long Island,13-1075,Labor Relations Specialists,990,112744,103569,64298,136967
10,5,Long Island,13-1081,Logisticians,810,100934,89700,64918,118942
10,5,Long Island,13-1082,Project Management Specialists,8290,122382,112699,77433,144857
10,5,Long Island,13-1111,Management Analysts,5460,118824,100608,63893,146289
10,5,Long Island,13-1121,"Meeting, Convention, and Event Planners",1220,100478,80338,52642,124396
10,5,Long Island,13-1131,Fundraisers,890,85771,80229,59138,99089
10,5,Long Island,13-1141,"Compensation, Benefits, and Job Analysis Specialists",820,99013,93867,68649,114196
10,5,Long Island,13-1151,Training and Development Specialists,2590,83271,79695,47963,100925
10,5,Long Island,13-1161,Market Research Analysts and Marketing Specialists,5930,94423,83678,57402,112933
10,5,Long Island,13-1199,"Business Operations Specialists, All Other",2790,95860,86798,54539,116520
10,5,Long Island,13-2011,Accountants and Auditors,13440,116473,101914,67161,141129
10,5,Long Island,13-2020,Appraisers and Assessors of Real Estate,430,97384,83428,61052,115548
10,5,Long Island,13-2031,Budget Analysts,210,114265,104938,77880,132457
10,5,Long Island,13-2041,Credit Analysts,410,128821,105755,74923,155770
10,5,Long Island,13-2051,Financial Analysts,2120,129363,108606,79101,154494
10,5,Long Island,13-2052,Personal Financial Advisors,2270,253203,169492,81635,338988
10,5,Long Island,13-2053,Insurance Underwriters,1730,95995,84519,52903,117542
10,5,Long Island,13-2054,Financial Risk Specialists,530,133066,129831,83584,157808
10,5,Long Island,13-2061,Financial Examiners,560,113432,100906,70858,134718
10,5,Long Island,13-2071,Credit Counselors,290,66413,59583,51355,73942
10,5,Long Island,13-2072,Loan Officers,1620,130864,101830,62841,164875
10,5,Long Island,13-2081,"Tax Examiners and Collectors, and Revenue Agents",1190,74008,69277,50824,85600
10,5,Long Island,13-2082,Tax Preparers,740,68123,62153,43677,80346
10,5,Long Island,13-2099,"Financial Specialists, All Other",470,113688,92253,65824,137619
10,5,Long Island,15-0000,Computer and Mathematical Occupations,25260,120941,107972,64276,149274
10,5,Long Island,15-1211,Computer Systems Analysts,1840,123053,113092,81005,144076
10,5,Long Island,15-1212,Information Security Analysts,630,132503,123309,91252,153127
10,5,Long Island,15-1221,Computer and Information Research Scientists,180,207243,177905,118640,251545
10,5,Long Island,15-1231,Computer Network Support Specialists,720,93581,83616,63287,108727
10,5,Long Island,15-1232,Computer User Support Specialists,4950,72457,65982,46834,85269
10,5,Long Island,15-1241,Computer Network Architects,1050,153691,150197,105024,178026
10,5,Long Island,15-1242,Database Administrators,260,116435,110178,70943,139180
10,5,Long Island,15-1243,Database Architects,400,133123,117348,93212,153079
10,5,Long Island,15-1244,Network and Computer Systems Administrators,2090,118514,110545,80384,137579
10,5,Long Island,15-1251,Computer Programmers,660,111596,107454,72102,131342
10,5,Long Island,15-1252,Software Developers,6760,153175,138904,90704,184410
10,5,Long Island,15-1253,Software Quality Assurance Analysts and Testers,850,119798,110190,76217,141589
10,5,Long Island,15-1254,Web Developers,760,67200,52761,35678,82961
10,5,Long Island,15-1255,Web and Digital Interface Designers,1020,122273,110567,68489,149165
10,5,Long Island,15-1299,"Computer Occupations, All Other",840,120076,115416,66195,147016
10,5,Long Island,15-2011,Actuaries,260,154846,130953,88852,187843
10,5,Long Island,15-2021,Mathematicians,,162978,139846,85960,201487
10,5,Long Island,15-2031,Operations Research Analysts,550,109657,101908,58881,135046
10,5,Long Island,15-2041,Statisticians,,114431,115416,79422,131935
10,5,Long Island,15-2051,Data Scientists,1350,140047,125430,76611,171767
10,5,Long Island,17-0000,Architecture and Engineering Occupations,13460,110400,100910,67471,131865
10,5,Long Island,17-1011,"Architects, Except Landscape and Naval",820,108374,85275,62006,131558
10,5,Long Island,17-1012,Landscape Architects,430,96237,92385,77048,105832
10,5,Long Island,17-1021,Cartographers and Photogrammetrists,,114149,108380,93094,124677
10,5,Long Island,17-1022,Surveyors,280,94737,85077,63798,110207
10,5,Long Island,17-2011,Aerospace Engineers,170,141194,130034,97675,162952
10,5,Long Island,17-2031,Biomedical Engineers,130,130624,125304,79477,156198
10,5,Long Island,17-2041,Chemical Engineers,,100429,81547,77148,112069
10,5,Long Island,17-2051,Civil Engineers,2080,124381,108020,78368,147388
10,5,Long Island,17-2061,Computer Hardware Engineers,280,146830,143423,96208,172140
10,5,Long Island,17-2071,Electrical Engineers,1000,132739,127198,89995,154110
10,5,Long Island,17-2072,"Electronics Engineers, Except Computer",250,124821,109990,86549,143957
10,5,Long Island,17-2081,Environmental Engineers,270,116400,111580,70007,139595
10,5,Long Island,17-2111,"Health and Safety Engineers, Except Mining Safety Engineers and Inspectors",200,130769,133252,91424,150442
10,5,Long Island,17-2112,Industrial Engineers,1620,117707,110531,81785,135669
10,5,Long Island,17-2131,Materials Engineers,,139384,147388,85032,166560
10,5,Long Island,17-2141,Mechanical Engineers,950,129889,123262,87431,151116
10,5,Long Island,17-2199,"Engineers, All Other",930,134162,132514,91094,155694
10,5,Long Island,17-3011,Architectural and Civil Drafters,940,81074,77285,56370,93426
10,5,Long Island,17-3012,Electrical and Electronics Drafters,,80596,79015,57040,92375
10,5,Long Island,17-3013,Mechanical Drafters,340,83262,78443,60594,94596
10,5,Long Island,17-3019,"Drafters, All Other",210,74394,64752,53755,84714
10,5,Long Island,17-3022,Civil Engineering Technicians,170,68087,66683,48512,77875
10,5,Long Island,17-3023,Electrical and Electronic Engineering Technicians,700,83213,81720,58629,95504
10,5,Long Island,17-3025,Environmental Engineering Technicians,150,69843,63789,55407,77061
10,5,Long Island,17-3026,Industrial Engineering Technicians,240,73743,70008,52056,84586
10,5,Long Island,17-3027,Mechanical Engineering Technicians,190,86054,82371,58858,99653
10,5,Long Island,17-3028,Calibration Technologists and Technicians,130,73419,61313,48373,85942
10,5,Long Island,17-3029,"Engineering Technicians, Except Drafters, All Other",170,85246,82548,63779,95980
10,5,Long Island,17-3031,Surveying and Mapping Technicians,500,70770,59429,50450,80931
10,5,Long Island,19-0000,"Life, Physical, and Social Science Occupations",10970,101025,85367,57563,122756
10,5,Long Island,19-1012,Food Scientists and Technologists,,106384,102515,77732,120710
10,5,Long Island,19-1013,Soil and Plant Scientists,,77139,72030,58450,86483
10,5,Long Island,19-1021,Biochemists and Biophysicists,360,111488,98007,81616,126424
10,5,Long Island,19-1022,Microbiologists,190,103592,94360,64724,123026
10,5,Long Island,19-1023,Zoologists and Wildlife Biologists,,88239,82419,64660,100028
10,5,Long Island,19-1029,"Biological Scientists, All Other",380,117320,95501,77520,137220
10,5,Long Island,19-1031,Conservation Scientists,,90792,78247,51236,110570
10,5,Long Island,19-1041,Epidemiologists,,110897,99949,76617,128038
10,5,Long Island,19-1042,"Medical Scientists, Except Epidemiologists",340,127393,112269,74339,153919
10,5,Long Island,19-1099,"Life Scientists, All Other",,94824,86786,65345,109564
10,5,Long Island,19-2021,Atmospheric and Space Scientists,110,125487,118482,65488,155486
10,5,Long Island,19-2031,Chemists,890,99276,85138,66488,115669
10,5,Long Island,19-2032,Materials Scientists,100,163444,139363,106771,191781
10,5,Long Island,19-2041,"Environmental Scientists and Specialists, Including Health",530,95467,87367,62067,112167
10,5,Long Island,19-2042,"Geoscientists, Except Hydrologists and Geographers",100,104022,88383,78640,116713
10,5,Long Island,19-2099,"Physical Scientists, All Other",,139327,135849,97603,160190
10,5,Long Island,19-3011,Economists,,133652,110710,96546,152205
10,5,Long Island,19-3022,Survey Researchers,,56906,47155,45416,62651
10,5,Long Island,19-3033,Clinical and Counseling Psychologists,1120,119101,102201,68977,144163
10,5,Long Island,19-3034,School Psychologists,1360,118800,109536,81488,137456
10,5,Long Island,19-3039,"Psychologists, All Other",170,104579,87541,54509,129613
10,5,Long Island,19-3051,Urban and Regional Planners,220,106718,100958,73099,123526
10,5,Long Island,19-3093,Historians,,79005,68624,43455,96780
10,5,Long Island,19-3094,Political Scientists,,80339,76087,57939,91539
10,5,Long Island,19-3099,"Social Scientists and Related Workers, All Other",,116864,102511,77787,136403
10,5,Long Island,19-4013,Food Science Technicians,,63432,59329,41940,74179
10,5,Long Island,19-4021,Biological Technicians,760,58886,56539,40060,68300
10,5,Long Island,19-4031,Chemical Technicians,510,64501,66688,46825,73338
10,5,Long Island,19-4042,"Environmental Science and Protection Technicians, Including Health",380,69684,64299,47845,80603
10,5,Long Island,19-4061,Social Science Research Assistants,220,64752,63862,44382,74938
10,5,Long Island,19-4092,Forensic Science Technicians,,95334,81686,64685,110658
10,5,Long Island,19-4099,"Life, Physical, and Social Science Technicians, All Other",1190,71723,65044,50329,82420
10,5,Long Island,19-5011,Occupational Health and Safety Specialists,680,106874,101653,68284,126169
10,5,Long Island,19-5012,Occupational Health and Safety Technicians,,68344,63563,53614,75710
10,5,Long Island,21-0000,Community and Social Service Occupations,21430,79303,66427,46582,95664
10,5,Long Island,21-1012,"Educational, Guidance, School, and Vocational Counselors",2560,98286,91904,58532,118163
10,5,Long Island,21-1013,Marriage and Family Therapists,100,67195,58568,52769,74408
10,5,Long Island,21-1015,Rehabilitation Counselors,270,58321,54494,41734,66614
10,5,Long Island,21-1018,"Substance abuse, behavioral disorder, and mental health counselors?(OES-specific code and title)",3300,72402,64077,46104,85551
10,5,Long Island,21-1021,"Child, Family, and School Social Workers",2950,86321,78690,55573,101695
10,5,Long Island,21-1022,Healthcare Social Workers,2380,78334,75069,53671,90665
10,5,Long Island,21-1023,Mental Health and Substance Abuse Social Workers,1900,121772,91479,63739,150789
10,5,Long Island,21-1029,"Social Workers, All Other",320,80626,64974,62707,89585
10,5,Long Island,21-1091,Health Educators,290,65279,57008,46217,74810
10,5,Long Island,21-1092,Probation Officers and Correctional Treatment Specialists,400,100459,100393,81248,110064
10,5,Long Island,21-1093,Social and Human Service Assistants,3390,51620,48033,38757,58051
10,5,Long Island,21-1094,Community Health Workers,640,60902,58097,46819,67945
10,5,Long Island,21-1099,"Community and Social Service Specialists, All Other",740,76276,73433,57195,85817
10,5,Long Island,21-2011,Clergy,1270,75738,60583,40844,93186
10,5,Long Island,21-2021,"Directors, Religious Activities and Education",680,69049,55661,39514,83817
10,5,Long Island,21-2099,"Religious Workers, All Other",140,49554,49127,34806,56928
10,5,Long Island,23-0000,Legal Occupations,15550,153008,118919,68743,195141
10,5,Long Island,23-1011,Lawyers,10460,187151,164102,91158,235148
10,5,Long Island,23-1012,Judicial Law Clerks,,111639,131249,59903,137506
10,5,Long Island,23-1021,"Administrative Law Judges, Adjudicators, and Hearing Officers",220,114936,111933,82891,130959
10,5,Long Island,23-1022,"Arbitrators, Mediators, and Conciliators",,109117,108939,84073,121638
10,5,Long Island,23-1023,"Judges, Magistrate Judges, and Magistrates",180,162606,201522,81783,203019
10,5,Long Island,23-2011,Paralegals and Legal Assistants,4110,77172,76484,55854,87831
10,5,Long Island,23-2093,"Title Examiners, Abstractors, and Searchers",380,76721,73358,50367,89898
10,5,Long Island,23-2099,"Legal Support Workers, All Other",100,94093,76893,53731,114272
10,5,Long Island,25-0000,"Education, Training, and Library Occupations",102590,87086,79596,40977,110141
10,5,Long Island,25-1011,"Business Teachers, Postsecondary",650,125036,107264,69713,152697
10,5,Long Island,25-1021,"Computer Science Teachers, Postsecondary",350,114647,101907,71120,136411
10,5,Long Island,25-1022,"Mathematical Science Teachers, Postsecondary",590,103486,101632,64879,122790
10,5,Long Island,25-1032,"Engineering Teachers, Postsecondary",260,127379,126211,77935,152101
10,5,Long Island,25-1042,"Biological Science Teachers, Postsecondary",490,114933,100111,61319,141740
10,5,Long Island,25-1051,"Atmospheric, Earth, Marine, and Space Sciences Teachers, Postsecondary",180,105149,84055,59729,127859
10,5,Long Island,25-1052,"Chemistry Teachers, Postsecondary",240,110999,102198,69668,131665
10,5,Long Island,25-1054,"Physics Teachers, Postsecondary",110,107733,98787,65011,129095
10,5,Long Island,25-1061,"Anthropology and Archeology Teachers, Postsecondary",,107583,105055,71361,125695
10,5,Long Island,25-1063,"Economics Teachers, Postsecondary",100,136338,138393,82335,163341
10,5,Long Island,25-1065,"Political Science Teachers, Postsecondary",120,115212,104248,72005,136817
10,5,Long Island,25-1066,"Psychology Teachers, Postsecondary",420,105532,102305,67062,124766
10,5,Long Island,25-1067,"Sociology Teachers, Postsecondary",140,99127,99816,67199,115091
10,5,Long Island,25-1071,"Health Specialties Teachers, Postsecondary",1630,119927,98971,61636,149073
10,5,Long Island,25-1072,"Nursing Instructors and Teachers, Postsecondary",550,107652,105238,62173,130392
10,5,Long Island,25-1081,"Education Teachers, Postsecondary",610,97389,83993,50642,120763
10,5,Long Island,25-1111,"Criminal Justice and Law Enforcement Teachers, Postsecondary",100,96521,84372,68656,110453
10,5,Long Island,25-1112,"Law Teachers, Postsecondary",300,131473,125772,73359,160529
10,5,Long Island,25-1121,"Art, Drama, and Music Teachers, Postsecondary",1430,95521,80063,56023,115270
10,5,Long Island,25-1122,"Communications Teachers, Postsecondary",330,97982,93379,61241,116354
10,5,Long Island,25-1123,"English Language and Literature Teachers, Postsecondary",800,96921,85885,61763,114502
10,5,Long Island,25-1124,"Foreign Language and Literature Teachers, Postsecondary",180,93458,82866,59167,110603
10,5,Long Island,25-1125,"History Teachers, Postsecondary",220,98656,87273,63548,116211
10,5,Long Island,25-1126,"Philosophy and Religion Teachers, Postsecondary",120,107033,103626,66700,127198
10,5,Long Island,25-1193,"Recreation and Fitness Studies Teachers, Postsecondary",110,94840,97483,60229,112147
10,5,Long Island,25-1194,"Vocational Education Teachers, Postsecondary",530,80379,71371,55268,92934
10,5,Long Island,25-1199,"Postsecondary Teachers, All Other",200,88256,80213,46324,109223
10,5,Long Island,25-2011,"Preschool Teachers, Except Special Education",3730,52491,46938,37664,59904
10,5,Long Island,25-2012,"Kindergarten Teachers, Except Special Education",1300,109968,116036,66922,131491
10,5,Long Island,25-2021,"Elementary School Teachers, Except Special Education",16490,111227,123961,71409,131136
10,5,Long Island,25-2022,"Middle School Teachers, Except Special and Career/Technical Education",5680,113025,125288,74397,132339
10,5,Long Island,25-2023,"Career/Technical  Education Teachers, Middle School",270,100814,96536,62364,120040
10,5,Long Island,25-2031,"Secondary School Teachers, Except Special and Career/Technical Education",15100,115217,131987,78370,133641
10,5,Long Island,25-2032,"Career/Technical Education Teachers, Secondary School",900,109996,109669,74904,127543
10,5,Long Island,25-2051,"Special Education Teachers, Preschool",610,105172,90069,63531,125992
10,5,Long Island,25-2052,"Special Education Teachers, Kindergarten and Elementary School",3330,106467,104261,73146,123128
10,5,Long Island,25-2057,"Special Education Teachers, Middle School",1370,113371,117505,79996,130058
10,5,Long Island,25-2058,"Special Education Teachers, Secondary School",3320,112391,128348,77847,129664
10,5,Long Island,25-2059,"Special Education Teachers, All Other",360,87197,80403,55153,103219
10,5,Long Island,25-3011,Adult Basic and Secondary Education and Literacy Teachers and Instructors,370,93593,85070,62906,108937
10,5,Long Island,25-3021,Self-Enrichment Education Teachers,4100,65140,56587,38728,78347
10,5,Long Island,25-3031,"Substitute Teachers, Short-Term",4770,60962,47585,37987,72450
10,5,Long Island,25-3041,Tutors,1080,66163,47535,36050,81220
10,5,Long Island,25-3099,"Teachers and Instructors, All Other",200,87842,76984,34230,115739
10,5,Long Island,25-4011,Archivists,,77155,76914,53437,89015
10,5,Long Island,25-4012,Curators,,119154,75605,51887,152786
10,5,Long Island,25-4013,Museum Technicians and Conservators,,65643,59995,47386,74771
10,5,Long Island,25-4022,Librarians and Media Collections Specialists,1730,92026,81805,62216,106930
10,5,Long Island,25-4031,Library Technicians,500,47878,44567,34243,54694
10,5,Long Island,25-9031,Instructional Coordinators,1650,87249,79411,55263,103242
10,5,Long Island,25-9044,"Teaching Assistants, Postsecondary",1400,66222,67857,43707,77480
10,5,Long Island,25-9045,"Teaching Assistants, Except Postsecondary",22790,41503,38542,34230,45278
10,5,Long Island,25-9099,"Education, Training, and Library Workers, All Other",,69522,58372,44547,82010
10,5,Long Island,27-0000,"Arts, Design, Entertainment, Sports, and Media Occupations",14330,88736,73307,44764,110721
10,5,Long Island,27-1011,Art Directors,410,150602,144313,91376,180214
10,5,Long Island,27-1013,"Fine Artists, Including Painters, Sculptors, and Illustrators",,70561,67069,47905,81890
10,5,Long Island,27-1014,Multimedia Artists and Animators,,116661,126144,69211,140385
10,5,Long Island,27-1021,Commercial and Industrial Designers,300,92983,85289,58702,110124
10,5,Long Island,27-1022,Fashion Designers,400,110554,99246,64706,133478
10,5,Long Island,27-1023,Floral Designers,420,48268,45861,38867,52968
10,5,Long Island,27-1024,Graphic Designers,1620,78796,73250,52563,91913
10,5,Long Island,27-1025,Interior Designers,670,73849,75581,47410,87068
10,5,Long Island,27-1026,Merchandise Displayers and Window Trimmers,1460,50274,44878,38994,55915
10,5,Long Island,27-1027,Set and Exhibit Designers,,103726,95108,61844,124669
10,5,Long Island,27-1029,"Designers, All Other",100,88342,76325,57756,103635
10,5,Long Island,27-2012,Producers and Directors,900,127209,101934,59418,161105
10,5,Long Island,27-2022,Coaches and Scouts,1680,68060,51582,41129,81525
10,5,Long Island,27-2023,"Umpires, Referees, and Other Sports Officials",,89877,66642,38338,115646
10,5,Long Island,27-2041,Music Directors and Composers,130,131314,83460,38359,177792
10,5,Long Island,27-3031,Public Relations Specialists,1610,91885,78490,53384,111135
10,5,Long Island,27-3041,Editors,750,100967,94612,54899,124002
10,5,Long Island,27-3042,Technical Writers,200,76737,76242,39986,95114
10,5,Long Island,27-3043,Writers and Authors,370,132994,96099,47754,175613
10,5,Long Island,27-3091,Interpreters and Translators,260,94273,105017,57741,112539
10,5,Long Island,27-3092,Court Reporters and Simultaneous Captioners,150,104555,107566,72911,120378
10,5,Long Island,27-4011,Audio and Video Equipment Technicians,490,77896,67498,48126,92782
10,5,Long Island,27-4012,Broadcast Technicians,,76856,64785,43588,93492
10,5,Long Island,27-4014,Sound Engineering Technicians,,85483,76249,51655,102396
10,5,Long Island,27-4015,Lighting Technicians,,99841,88856,65514,117003
10,5,Long Island,27-4021,Photographers,490,61666,55535,37681,73658
10,5,Long Island,27-4031,"Camera Operators, Television, Video, and Motion Picture",,101418,80230,48631,127813
10,5,Long Island,27-4032,Film and Video Editors,,113071,101307,56000,141607
10,5,Long Island,29-0000,Healthcare Practitioners and Technical Occupations,94980,130410,112641,65541,162845
10,5,Long Island,29-1011,Chiropractors,360,130777,107533,74534,158899
10,5,Long Island,29-1021,"Dentists, General",1300,209937,177994,79220,275295
10,5,Long Island,29-1022,Oral and Maxillofacial Surgeons,100,338129,,228755,
10,5,Long Island,29-1029,"Dentists, All Other Specialists",250,386178,,283981,
10,5,Long Island,29-1031,Dietitians and Nutritionists,860,88995,87523,66712,100135
10,5,Long Island,29-1041,Optometrists,450,166976,169424,135639,182643
10,5,Long Island,29-1051,Pharmacists,2970,144211,145310,111342,160645
10,5,Long Island,29-1071,Physician Assistants,3810,167157,174965,121123,190173
10,5,Long Island,29-1081,Podiatrists,210,142377,120408,67401,179866
10,5,Long Island,29-1122,Occupational Therapists,1840,110488,107274,80172,125645
10,5,Long Island,29-1123,Physical Therapists,3030,110882,108297,82839,124904
10,5,Long Island,29-1124,Radiation Therapists,200,145431,139028,114775,160758
10,5,Long Island,29-1125,Recreational Therapists,180,68700,65605,52349,76874
10,5,Long Island,29-1126,Respiratory Therapists,1080,120099,115760,100080,130108
10,5,Long Island,29-1127,Speech-Language Pathologists,3200,122738,133014,83430,142393
10,5,Long Island,29-1128,Exercise Physiologists,,82099,79446,67537,89380
10,5,Long Island,29-1129,"Therapists, All Other",120,76553,77145,60083,84789
10,5,Long Island,29-1131,Veterinarians,570,162034,155075,102787,191658
10,5,Long Island,29-1141,Registered Nurses,30130,124415,128391,91316,140965
10,5,Long Island,29-1151,Nurse Anesthetists,130,208658,202410,83072,271450
10,5,Long Island,29-1161,Nurse Midwives,,150295,147134,117667,166608
10,5,Long Island,29-1171,Nurse Practitioners,3200,167448,169135,128125,187111
10,5,Long Island,29-1181,Audiologists,,116360,102538,82231,133424
10,5,Long Island,29-1211,Anesthesiologists,130,364359,,135209,
10,5,Long Island,29-1212,Cardiologists,460,457538,,244932,
10,5,Long Island,29-1213,Dermatologists,310,331810,,180532,
10,5,Long Island,29-1214,Emergency Medicine Physicians,330,274085,,116012,
10,5,Long Island,29-1215,Family Medicine Physicians,530,234364,234455,123730,289681
10,5,Long Island,29-1216,General Internal Medicine Physicians,1630,247940,218456,104397,319712
10,5,Long Island,29-1217,Neurologists,,329166,,157890,
10,5,Long Island,29-1218,Obstetricians and Gynecologists,470,323166,,210466,
10,5,Long Island,29-1221,"Pediatricians, General",850,194051,159794,132679,224737
10,5,Long Island,29-1222,"Physicians, Pathologists",130,268258,,105267,349754
10,5,Long Island,29-1223,Psychiatrists,270,262359,,125756,330660
10,5,Long Island,29-1224,Radiologists,200,416671,,138558,
10,5,Long Island,29-1229,"Physicians, All Other",2450,290091,,118345,375964
10,5,Long Island,29-1241,"Ophthalmologists, Except Pediatric",260,428049,,216447,
10,5,Long Island,29-1242,"Orthopedic Surgeons, Except Pediatric",120,386448,,78887,
10,5,Long Island,29-1249,"Surgeons, All Other",650,369070,,86454,510378
10,5,Long Island,29-1291,Acupuncturists,380,102055,100007,67793,119186
10,5,Long Island,29-1292,Dental Hygienists,1690,105078,109836,79845,117695
10,5,Long Island,29-1299,"Healthcare Diagnosing or Treating Practitioners, All Other",,133113,113855,80242,159548
10,5,Long Island,29-2010,Clinical Laboratory Technologists and Technicians,3110,95996,105310,54171,116909
10,5,Long Island,29-2031,Cardiovascular Technologists and Technicians,630,95657,103930,59512,113729
10,5,Long Island,29-2032,Diagnostic Medical Sonographers,1460,109462,109200,92464,117961
10,5,Long Island,29-2033,Nuclear Medicine Technologists,180,120482,121434,101881,129782
10,5,Long Island,29-2034,Radiologic Technologists,2620,102417,103623,73054,117098
10,5,Long Island,29-2035,Magnetic Resonance Imaging Technologists,470,112340,112884,90046,123488
10,5,Long Island,29-2036,Medical Dosimetrists,,176238,176144,148806,189954
10,5,Long Island,29-2042,Emergency Medical Technicians,1920,53378,47654,44005,58064
10,5,Long Island,29-2043,Paramedics,1060,80097,75102,63528,88382
10,5,Long Island,29-2051,Dietetic Technicians,330,56553,55476,45301,62180
10,5,Long Island,29-2052,Pharmacy Technicians,3810,48608,45626,37095,54364
10,5,Long Island,29-2055,Surgical Technologists,1020,83555,82671,63263,93701
10,5,Long Island,29-2056,Veterinary Technologists and Technicians,960,65275,63519,53945,70940
10,5,Long Island,29-2057,Ophthalmic Medical Technicians,1620,52641,51845,41561,58181
10,5,Long Island,29-2061,Licensed Practical and Licensed Vocational Nurses,5190,72782,73289,61230,78557
10,5,Long Island,29-2072,Medical Records Specialists,1680,80549,70911,50489,95579
10,5,Long Island,29-2081,"Opticians, Dispensing",990,66133,63735,54976,71712
10,5,Long Island,29-2091,Orthotists and Prosthetists,,104646,106473,71347,121295
10,5,Long Island,29-2092,Hearing Aid Specialists,,85245,89332,54725,100506
10,5,Long Island,29-2099,"Health Technologists and Technicians, All Other",1720,74912,62674,51933,86402
10,5,Long Island,29-9021,Health Information Technologists and Medical Registrars,250,105916,78196,65930,125909
10,5,Long Island,29-9091,Athletic Trainers,190,73919,72128,55925,82915
10,5,Long Island,29-9092,Genetic Counselors,,106352,102832,97375,110840
10,5,Long Island,29-9093,Surgical Assistants,,71589,64705,59879,77443
10,5,Long Island,29-9099,"Healthcare Practitioners and Technical Workers, All Other",160,106925,66722,59298,130738
10,5,Long Island,31-0000,Healthcare Support Occupations,79420,46395,43963,37649,50768
10,5,Long Island,31-1120,Home Health & Personal Care Aides,44770,41317,39183,37312,43320
10,5,Long Island,31-1131,Nursing Assistants,13210,52852,51010,44866,56844
10,5,Long Island,31-1132,Orderlies,690,51163,50845,44404,54543
10,5,Long Island,31-1133,Psychiatric Aides,590,51898,51986,46101,54796
10,5,Long Island,31-2011,Occupational Therapy Assistants,480,68070,68726,49869,77170
10,5,Long Island,31-2021,Physical Therapist Assistants,830,68403,72393,44001,80603
10,5,Long Island,31-2022,Physical Therapist Aides,1070,41767,36302,34230,45604
10,5,Long Island,31-9011,Massage Therapists,900,72373,62450,41713,87702
10,5,Long Island,31-9091,Dental Assistants,3620,52494,48593,41177,58153
10,5,Long Island,31-9092,Medical Assistants,8550,50701,48746,41685,55208
10,5,Long Island,31-9093,Medical Equipment Preparers,810,60280,60844,47742,66550
10,5,Long Island,31-9094,Medical Transcriptionists,830,47564,44606,42012,50340
10,5,Long Island,31-9095,Pharmacy Aides,360,41915,38248,36523,44611
10,5,Long Island,31-9096,Veterinary Assistants and Laboratory Animal Caretakers,1040,46495,45946,40593,49447
10,5,Long Island,31-9097,Phlebotomists,1070,57520,58932,47166,62697
10,5,Long Island,31-9099,"Healthcare Support Workers, All Other",560,59025,61058,42471,67302
10,5,Long Island,33-0000,Protective Service Occupations,37340,67528,49876,38158,82213
10,5,Long Island,33-1012,First-Line Supervisors of Police and Detectives,880,186581,180825,146434,206655
10,5,Long Island,33-1021,First-Line Supervisors of Fire Fighting and Prevention Workers,100,110941,128634,72343,130240
10,5,Long Island,33-1091,First-Line Supervisors of Security Workers,940,64360,58607,45267,73906
10,5,Long Island,33-1099,"First-Line Supervisors of Protective Service Workers, All Other",200,89514,100118,58826,104858
10,5,Long Island,33-2011,Firefighters,130,83646,83197,63362,93790
10,5,Long Island,33-2021,Fire Inspectors and Investigators,160,81648,76672,59248,92849
10,5,Long Island,33-3011,Bailiffs,450,81846,89925,61209,92164
10,5,Long Island,33-3012,Correctional Officers and Jailers,1530,83926,85798,52192,99794
10,5,Long Island,33-3021,Detectives and Criminal Investigators,1410,145716,167057,95793,170678
10,5,Long Island,33-3041,Parking Enforcement Workers,180,49174,44538,37335,55094
10,5,Long Island,33-3051,Police and Sheriff's Patrol Officers,5750,109067,105076,62572,132315
10,5,Long Island,33-9011,Animal Control Workers,,81889,68739,47926,98870
10,5,Long Island,33-9021,Private Detectives and Investigators,270,87126,72686,49492,105942
10,5,Long Island,33-9032,Security Guards,19310,47050,44037,37324,51912
10,5,Long Island,33-9091,Crossing Guards,1300,58760,60665,46842,64720
10,5,Long Island,33-9092,"Lifeguards, Ski Patrol, and Other Recreational Protective Service",1310,40907,39605,35484,43618
10,5,Long Island,33-9094,School Bus Monitors,2830,42142,42404,37304,44561
10,5,Long Island,33-9099,"Protective Service Workers, All Other",110,59081,55620,44506,66369
10,5,Long Island,35-0000,Food Preparation and Serving Related Occupations,105760,46271,38634,34659,52078
10,5,Long Island,35-1011,Chefs and Head Cooks,2270,73083,68298,44590,87330
10,5,Long Island,35-1012,First-Line Supervisors of Food Preparation and Serving Workers,8320,55186,48879,40572,62493
10,5,Long Island,35-2011,"Cooks, Fast Food",3070,36279,35152,34230,37834
10,5,Long Island,35-2012,"Cooks, Institution and Cafeteria",2310,50207,49053,40565,55028
10,5,Long Island,35-2014,"Cooks, Restaurant",8860,44405,43289,35522,48845
10,5,Long Island,35-2015,"Cooks, Short Order",3480,39479,39166,34230,42406
10,5,Long Island,35-2019,"Cooks, All Other",320,42673,42712,39630,44194
10,5,Long Island,35-2021,Food Preparation Workers,8040,40686,37543,34661,43698
10,5,Long Island,35-3011,Bartenders,4850,68008,65283,40036,81994
10,5,Long Island,35-3023,Fast Food and Counter Workers,28450,38224,36765,34747,39962
10,5,Long Island,35-3031,Waiters and Waitresses,20780,53688,45073,34230,63675
10,5,Long Island,35-3041,"Food Servers, Nonrestaurant",1800,44617,42496,37662,48095
10,5,Long Island,35-9011,Dining Room and Cafeteria Attendants and Bartender Helpers,6440,45239,39437,34481,50617
10,5,Long Island,35-9021,Dishwashers,4480,37682,36966,34707,39169
10,5,Long Island,35-9031,"Hosts and Hostesses, Restaurant, Lounge, and Coffee Shop",2170,42573,37555,34425,46647
10,5,Long Island,37-0000,Building and Grounds Cleaning and Maintenance Occupations,48540,48868,46322,36346,55129
10,5,Long Island,37-1011,First-Line Supervisors of Housekeeping and Janitorial Workers,1540,62367,55433,46156,70472
10,5,Long Island,37-1012,"First-Line Supervisors of Landscaping, Lawn Service, and Groundskeeping Workers",1910,73901,73322,53264,84220
10,5,Long Island,37-2011,"Janitors and Cleaners, Except Maids and Housekeeping Cleaners",24860,45601,41478,35807,50498
10,5,Long Island,37-2012,Maids and Housekeeping Cleaners,4460,49763,44717,36862,56213
10,5,Long Island,37-2021,Pest Control Workers,880,58019,51831,45830,64113
10,5,Long Island,37-3011,Landscaping and Groundskeeping Workers,14090,47707,47279,36518,53302
10,5,Long Island,37-3012,"Pesticide Handlers, Sprayers, and Applicators, Vegetation",,64218,68571,47713,72470
10,5,Long Island,37-3013,Tree Trimmers and Pruners,690,69891,64395,50490,79592
10,5,Long Island,37-3019,"Grounds Maintenance Workers, All Other",,72108,64345,56109,80109
10,5,Long Island,39-0000,Personal Care and Service Occupations,34180,46642,38286,34230,52897
10,5,Long Island,39-1014,"First-Line Supervisors of Entertainment and Recreation Workers, Except Gambling Services",500,57481,50541,37785,67329
10,5,Long Island,39-1022,First-Line Supervisors of Personal Service Workers,1310,64203,57923,46658,72975
10,5,Long Island,39-2011,Animal Trainers,350,53834,46760,39086,61209
10,5,Long Island,39-2021,Nonfarm Animal Caretakers,2640,41904,38447,34804,45455
10,5,Long Island,39-3012,Gaming and Sports Book Writers and Runners,,59257,60996,50338,63716
10,5,Long Island,39-3031,"Ushers, Lobby Attendants, and Ticket Takers",550,38348,36724,35080,39983
10,5,Long Island,39-3091,Amusement and Recreation Attendants,2900,40316,37246,34230,43440
10,5,Long Island,39-3092,Costume Attendants,,68718,59896,42335,81908
10,5,Long Island,39-3093,"Locker Room, Coatroom, and Dressing Room Attendants",180,42687,38343,34230,47347
10,5,Long Island,39-4021,Funeral Attendants,320,44573,41426,37697,48011
10,5,Long Island,39-4031,"Morticians, Undertakers, and Funeral Directors",260,75983,76657,49547,89200
10,5,Long Island,39-5011,Barbers,290,47638,34230,34230,54977
10,5,Long Island,39-5012,"Hairdressers, Hairstylists, and Cosmetologists",4190,47368,35230,34230,54300
10,5,Long Island,39-5092,Manicurists and Pedicurists,4650,35555,34359,34230,37028
10,5,Long Island,39-5093,Shampooers,150,34652,34472,34230,35586
10,5,Long Island,39-5094,Skincare Specialists,670,57887,47304,35223,69220
10,5,Long Island,39-6011,Baggage Porters and Bellhops,240,49584,49137,37870,55441
10,5,Long Island,39-6012,Concierges,290,50649,46762,37967,56989
10,5,Long Island,39-7010,Tour and Travel Guides,250,42178,39911,34230,46182
10,5,Long Island,39-9011,Childcare Workers,7440,40630,38844,35255,43318
10,5,Long Island,39-9031,Fitness Trainers and Aerobics Instructors,3450,71046,62810,36022,88558
10,5,Long Island,39-9032,Recreation Workers,2850,44842,39645,35242,49642
10,5,Long Island,39-9041,Residential Advisors,380,49317,48111,39068,54442
10,5,Long Island,39-9099,"Personal Care and Service Workers, All Other",110,49143,43947,35404,56012
10,5,Long Island,41-0000,Sales and Related Occupations,116770,65436,43941,35919,80194
10,5,Long Island,41-1011,First-Line Supervisors of Retail Sales Workers,8420,68328,60969,43768,80610
10,5,Long Island,41-1012,First-Line Supervisors of Non-Retail Sales Workers,2120,132804,124227,78439,159986
10,5,Long Island,41-2011,Cashiers,27440,38429,36780,34230,40533
10,5,Long Island,41-2021,Counter and Rental Clerks,3100,56872,47836,38508,66054
10,5,Long Island,41-2022,Parts Salespersons,970,53489,48892,38093,61186
10,5,Long Island,41-2031,Retail Salespersons,39850,46000,38763,35842,51079
10,5,Long Island,41-3011,Advertising Sales Agents,900,119039,97986,48712,154202
10,5,Long Island,41-3021,Insurance Sales Agents,3510,109229,66824,42608,142539
10,5,Long Island,41-3031,"Securities, Commodities, and Financial Services Sales Agents",3580,159015,122377,64938,206054
10,5,Long Island,41-3041,Travel Agents,360,57961,56476,41542,66171
10,5,Long Island,41-3091,"Sales Representatives of Services, Except Advertising, Insurance, Financial Services, and Travel",9310,97165,80323,46980,122257
10,5,Long Island,41-4011,"Sales Representatives, Wholesale and Manufacturing, Technical and Scientific Products",1260,155303,141950,71418,197247
10,5,Long Island,41-4012,"Sales Representatives, Wholesale and Manufacturing, Except Technical and Scientific Products",12210,95512,80720,51753,117390
10,5,Long Island,41-9021,Real Estate Brokers,,113116,82720,67974,135687
10,5,Long Island,41-9022,Real Estate Sales Agents,1680,103945,94386,41697,135070
10,5,Long Island,41-9031,Sales Engineers,280,139079,123188,90471,163383
10,5,Long Island,41-9041,Telemarketers,230,42811,41209,35059,46686
10,5,Long Island,41-9099,"Sales and Related Workers, All Other",170,65336,50037,40284,77863
10,5,Long Island,43-0000,Office and Administrative Support Occupations,174720,59383,54797,40829,68660
10,5,Long Island,43-1011,First-Line Supervisors of Office and Administrative Support Workers,11700,83331,79244,58418,95787
10,5,Long Island,43-2011,"Switchboard Operators, Including Answering Service",340,48218,45733,39278,52688
10,5,Long Island,43-2021,Telephone Operators,,62311,54673,49070,68932
10,5,Long Island,43-3011,Bill and Account Collectors,1490,57714,53052,42609,65267
10,5,Long Island,43-3021,Billing and Posting Clerks,6090,59792,58310,45363,67006
10,5,Long Island,43-3031,"Bookkeeping, Accounting, and Auditing Clerks",15550,61951,60373,43703,71074
10,5,Long Island,43-3051,Payroll and Timekeeping Clerks,1130,67838,65595,49227,77144
10,5,Long Island,43-3061,Procurement Clerks,370,55980,54692,43391,62274
10,5,Long Island,43-3071,Tellers,2610,47278,47385,40501,50667
10,5,Long Island,43-3099,"Financial Clerks, All Other",190,59563,57168,46593,66046
10,5,Long Island,43-4011,Brokerage Clerks,380,78078,71497,60425,86904
10,5,Long Island,43-4021,Correspondence Clerks,,50528,42496,38695,56446
10,5,Long Island,43-4031,"Court, Municipal, and License Clerks",2080,66995,61182,47658,76665
10,5,Long Island,43-4041,"Credit Authorizers, Checkers, and Clerks",,67500,65927,50833,75834
10,5,Long Island,43-4051,Customer Service Representatives,20550,55312,50522,39204,63367
10,5,Long Island,43-4061,"Eligibility Interviewers, Government Programs",2180,62581,61725,48222,69762
10,5,Long Island,43-4071,File Clerks,610,44836,43403,36161,49175
10,5,Long Island,43-4081,"Hotel, Motel, and Resort Desk Clerks",830,47682,42936,38124,52462
10,5,Long Island,43-4111,"Interviewers, Except Eligibility and Loan",1850,57641,58479,46996,62963
10,5,Long Island,43-4121,"Library Assistants, Clerical",1180,42732,38529,34707,46743
10,5,Long Island,43-4131,Loan Interviewers and Clerks,810,63543,61700,50501,70064
10,5,Long Island,43-4141,New Accounts Clerks,750,58001,57325,49246,62379
10,5,Long Island,43-4151,Order Clerks,600,51967,49993,40091,57905
10,5,Long Island,43-4161,"Human Resources Assistants, Except Payroll and Timekeeping",870,58991,57458,43197,66887
10,5,Long Island,43-4171,Receptionists and Information Clerks,14620,45522,45411,36975,49796
10,5,Long Island,43-4181,Reservation and Transportation Ticket Agents and Travel Clerks,260,46355,41585,38985,50041
10,5,Long Island,43-4199,"Information and Record Clerks, All Other",410,57160,56987,44484,63499
10,5,Long Island,43-5011,Cargo and Freight Agents,1160,69242,62609,47879,79922
10,5,Long Island,43-5021,Couriers and Messengers,1080,48686,45486,37845,54107
10,5,Long Island,43-5031,"Police, Fire, and Ambulance Dispatchers",840,71700,69239,47812,83643
10,5,Long Island,43-5032,"Dispatchers, Except Police, Fire, and Ambulance",1880,56951,50215,39702,65574
10,5,Long Island,43-5041,"Meter Readers, Utilities",120,72114,71309,50973,82685
10,5,Long Island,43-5051,Postal Service Clerks,830,65462,66124,53448,71470
10,5,Long Island,43-5052,Postal Service Mail Carriers,3630,61739,59643,45632,69791
10,5,Long Island,43-5053,"Postal Service Mail Sorters, Processors, and Processing Machine Operators",1820,60974,58729,45481,68721
10,5,Long Island,43-5061,"Production, Planning, and Expediting Clerks",4780,66170,62662,47592,75458
10,5,Long Island,43-5071,"Shipping, Receiving, and Traffic Clerks",5110,50285,47017,38320,56267
10,5,Long Island,43-5111,"Weighers, Measurers, Checkers, and Samplers, Recordkeeping",340,48107,44326,39427,52447
10,5,Long Island,43-6011,Executive Secretaries and Executive Administrative Assistants,11720,86765,81762,64151,98073
10,5,Long Island,43-6012,Legal Secretaries,2810,71949,76003,51500,82173
10,5,Long Island,43-6013,Medical Secretaries,4590,53007,50995,42910,58055
10,5,Long Island,43-6014,"Secretaries and Administrative Assistants, Except Legal, Medical, and Executive",19650,53938,52291,41860,59977
10,5,Long Island,43-9021,Data Entry Keyers,1750,47660,45667,35853,53564
10,5,Long Island,43-9022,Word Processors and Typists,2250,55836,52281,42563,62473
10,5,Long Island,43-9031,Desktop Publishers,,73575,68013,52227,84250
10,5,Long Island,43-9041,Insurance Claims and Policy Processing Clerks,1280,63875,59327,51371,70127
10,5,Long Island,43-9051,"Mail Clerks and Mail Machine Operators, Except Postal Service",1030,41598,37708,34230,45326
10,5,Long Island,43-9061,"Office Clerks, General",19770,50736,47135,35901,58154
10,5,Long Island,43-9071,"Office Machine Operators, Except Computer",350,47498,40289,36663,52916
10,5,Long Island,43-9081,Proofreaders and Copy Markers,130,56697,53380,43794,63149
10,5,Long Island,43-9111,Statistical Assistants,,59570,55690,46639,66035
10,5,Long Island,43-9199,"Office and Administrative Support Workers, All Other",120,69969,66390,48182,80863
10,5,Long Island,45-0000,"Farming, Fishing, and Forestry Occupations",630,50612,47221,38724,56556
10,5,Long Island,45-1011,"First-Line Supervisors of Farming, Fishing, and Forestry Workers",,85174,78112,62825,96349
10,5,Long Island,45-2021,Animal Breeders,,54953,51198,48482,58189
10,5,Long Island,45-2092,"Farmworkers and Laborers, Crop, Nursery, and Greenhouse",460,45371,43834,38153,48979
10,5,Long Island,45-2093,"Farmworkers, Farm, Ranch, and Aquacultural Animals",,60352,62928,43877,68590
10,5,Long Island,47-0000,Construction and Extraction Occupations,59540,81952,74284,48875,98490
10,5,Long Island,47-1011,Supervisors of Construction and Extraction Workers,6250,107609,103264,67417,127705
10,5,Long Island,47-2021,Brickmasons and Blockmasons,420,79549,77391,55964,91342
10,5,Long Island,47-2022,Stonemasons,250,64843,53518,51530,71500
10,5,Long Island,47-2031,Carpenters,8670,77570,67767,48711,92000
10,5,Long Island,47-2042,"Floor Layers, Except Carpet, Wood, and Hard Tiles",180,82738,64234,57113,95550
10,5,Long Island,47-2044,Tile and Marble Setters,670,73788,61928,46171,87597
10,5,Long Island,47-2051,Cement Masons and Concrete Finishers,2200,73594,62693,50249,85268
10,5,Long Island,47-2061,Construction Laborers,9920,72852,62079,45045,86756
10,5,Long Island,47-2071,"Paving, Surfacing, and Tamping Equipment Operators",620,76354,61178,53139,87962
10,5,Long Island,47-2073,Operating Engineers and Other Construction Equipment Operators,3210,109180,102621,65054,131244
10,5,Long Island,47-2081,Drywall and Ceiling Tile Installers,550,73392,67777,48375,85900
10,5,Long Island,47-2082,Tapers,230,85377,77855,65354,95389
10,5,Long Island,47-2111,Electricians,6840,84935,78057,52590,101108
10,5,Long Island,47-2121,Glaziers,520,74719,60896,45939,89109
10,5,Long Island,47-2131,"Insulation Workers, Floor, Ceiling, and Wall",410,91557,79793,53337,110667
10,5,Long Island,47-2141,"Painters, Construction and Maintenance",3110,61609,58104,40379,72225
10,5,Long Island,47-2142,Paperhangers,,70200,65803,51081,79759
10,5,Long Island,47-2152,"Plumbers, Pipefitters, and Steamfitters",4270,93008,81759,57261,110880
10,5,Long Island,47-2161,Plasterers and Stucco Masons,180,83003,68527,54376,97317
10,5,Long Island,47-2171,Reinforcing Iron and Rebar Workers,240,87911,98043,67326,98204
10,5,Long Island,47-2181,Roofers,820,84688,77681,47494,103284
10,5,Long Island,47-2211,Sheet Metal Workers,1330,85149,78412,55037,100205
10,5,Long Island,47-2221,Structural Iron and Steel Workers,480,100339,101560,67777,116620
10,5,Long Island,47-2231,Solar Photovoltaic Installers,200,60925,59631,49238,66769
10,5,Long Island,47-3011,"Helpers--Brickmasons, Blockmasons, Stonemasons, and Tile and Marble Setters",240,62592,70334,45852,70961
10,5,Long Island,47-3012,Helpers--Carpenters,610,42063,41519,34230,46319
10,5,Long Island,47-3013,Helpers--Electricians,570,48883,47336,40570,53040
10,5,Long Island,47-3015,"Helpers--Pipelayers, Plumbers, Pipefitters, and Steamfitters",780,49867,45920,37796,55901
10,5,Long Island,47-3019,"Helpers, Construction Trades, All Other",160,76172,57906,43772,92373
10,5,Long Island,47-4011,Construction and Building Inspectors,1540,94170,89101,62004,110252
10,5,Long Island,47-4021,Elevator Installers and Repairers,440,116230,128098,63618,142536
10,5,Long Island,47-4031,Fence Erectors,270,48505,48176,34797,55360
10,5,Long Island,47-4041,Hazardous Materials Removal Workers,550,75855,64215,50341,88612
10,5,Long Island,47-4051,Highway Maintenance Workers,1530,62769,61371,47142,70582
10,5,Long Island,47-4071,Septic Tank Servicers and Sewer Pipe Cleaners,330,59465,60545,42963,67716
10,5,Long Island,47-4090,Miscellaneous Construction and Related Workers,,76132,70256,50558,88919
10,5,Long Island,47-5022,"Excavating and Loading Machine and Dragline Operators, Surface Mining",120,78933,61588,53147,91825
10,5,Long Island,47-5023,"Earth Drillers, Except Oil and Gas",100,85185,80340,64538,95509
10,5,Long Island,49-0000,"Installation, Maintenance, and Repair Occupations",50150,71797,65801,45237,85077
10,5,Long Island,49-1011,"First-Line Supervisors of Mechanics, Installers, and Repairers",4200,98762,93627,59880,118202
10,5,Long Island,49-2011,"Computer, Automated Teller, and Office Machine Repairers",1010,64640,65738,45988,73966
10,5,Long Island,49-2022,"Telecommunications Equipment Installers and Repairers, Except Line Installers",1750,69251,53608,47952,79901
10,5,Long Island,49-2091,Avionics Technicians,,87279,84558,68679,96580
10,5,Long Island,49-2092,"Electric Motor, Power Tool, and Related Repairers",130,73130,69998,60028,79682
10,5,Long Island,49-2094,"Electrical and Electronics Repairers, Commercial and Industrial Equipment",170,86995,85664,61839,99573
10,5,Long Island,49-2095,"Electrical and Electronics Repairers, Powerhouse, Substation, and Relay",200,124266,128722,106619,133089
10,5,Long Island,49-2097,Electronic Home Entertainment Equipment Installers and Repairers,140,74883,74862,56430,84109
10,5,Long Island,49-2098,Security and Fire Alarm Systems Installers,910,74043,76407,54037,84046
10,5,Long Island,49-3011,Aircraft Mechanics and Service Technicians,260,94096,82898,57052,112620
10,5,Long Island,49-3021,Automotive Body and Related Repairers,2160,61542,58157,37805,73410
10,5,Long Island,49-3022,Automotive Glass Installers and Repairers,200,61552,59398,49167,67745
10,5,Long Island,49-3023,Automotive Service Technicians and Mechanics,6250,62336,58205,39779,73614
10,5,Long Island,49-3031,Bus and Truck Mechanics and Diesel Engine Specialists,2040,73583,73483,54375,83186
10,5,Long Island,49-3042,"Mobile Heavy Equipment Mechanics, Except Engines",600,79299,76899,58724,89586
10,5,Long Island,49-3051,Motorboat Mechanics and Service Technicians,480,66086,61548,53168,72546
10,5,Long Island,49-3053,Outdoor Power Equipment and Other Small Engine Mechanics,260,58285,55512,44108,65373
10,5,Long Island,49-3093,Tire Repairers and Changers,250,47695,47269,39677,51704
10,5,Long Island,49-9011,Mechanical Door Repairers,430,62366,60071,55565,65767
10,5,Long Island,49-9012,"Control and Valve Installers and Repairers, Except Mechanical Door",970,99663,108136,68618,115186
10,5,Long Island,49-9021,"Heating, Air Conditioning, and Refrigeration Mechanics and Installers",4310,76321,75268,52307,88327
10,5,Long Island,49-9031,Home Appliance Repairers,400,66185,65242,44036,77259
10,5,Long Island,49-9041,Industrial Machinery Mechanics,2140,73267,70632,49290,85254
10,5,Long Island,49-9043,"Maintenance Workers, Machinery",280,69632,61976,49364,79766
10,5,Long Island,49-9051,Electrical Power-Line Installers and Repairers,730,122808,134736,89754,139335
10,5,Long Island,49-9052,Telecommunications Line Installers and Repairers,1440,89321,111332,46579,110692
10,5,Long Island,49-9061,Camera and Photographic Equipment Repairers,,54185,48384,48384,57086
10,5,Long Island,49-9062,Medical Equipment Repairers,370,71315,65720,47607,83171
10,5,Long Island,49-9064,Watch Repairers,,72387,65924,65923,75619
10,5,Long Island,49-9069,"Precision Instrument and Equipment Repairers, All Other",,71545,72076,56453,79092
10,5,Long Island,49-9071,"Maintenance and Repair Workers, General",15340,64546,62466,44188,74725
10,5,Long Island,49-9091,"Coin, Vending, and Amusement Machine Servicers and Repairers",190,59599,59203,45106,66845
10,5,Long Island,49-9094,Locksmiths and Safe Repairers,200,62584,61479,41026,73363
10,5,Long Island,49-9096,Riggers,100,106805,100039,75528,122444
10,5,Long Island,49-9098,"Helpers--Installation, Maintenance, and Repair Workers",1080,50517,49731,39501,56025
10,5,Long Island,49-9099,"Installation, Maintenance, and Repair Workers, All Other",600,62207,59577,45821,70400
10,5,Long Island,51-0000,Production Occupations,47770,53481,47172,36579,61931
10,5,Long Island,51-1011,First-Line Supervisors of Production and Operating Workers,3320,84904,79584,56032,99342
10,5,Long Island,51-2011,"Aircraft Structure, Surfaces, Rigging, and Systems Assemblers",140,52836,49262,43753,57377
10,5,Long Island,51-2021,"Coil Winders, Tapers, and Finishers",,50063,43543,39466,55363
10,5,Long Island,51-2028,"Electrical, electronic, and electromechanical assemblers, except coil winders, tapers, and finishers?(OES-specific code and title)",2510,52380,48261,38986,59077
10,5,Long Island,51-2031,Engine and Other Machine Assemblers,,58850,57624,42526,67013
10,5,Long Island,51-2041,Structural Metal Fabricators and Fitters,390,52593,48157,41280,58250
10,5,Long Island,51-2090,Miscellaneous Assemblers and Fabricators,5190,47015,44075,36195,52425
10,5,Long Island,51-3011,Bakers,2590,45705,43435,37679,49719
10,5,Long Island,51-3021,Butchers and Meat Cutters,830,51450,47212,37999,58176
10,5,Long Island,51-3022,"Meat, Poultry, and Fish Cutters and Trimmers",280,42666,37828,36421,45788
10,5,Long Island,51-3091,"Food and Tobacco Roasting, Baking, and Drying Machine Operators and Tenders",180,40421,34456,34230,43664
10,5,Long Island,51-3092,Food Batchmakers,1740,40403,38087,34230,43596
10,5,Long Island,51-3093,Food Cooking Machine Operators and Tenders,200,39845,37151,34230,42978
10,5,Long Island,51-3099,"Food Processing Workers, All Other",,45625,46476,39446,48715
10,5,Long Island,51-4021,"Extruding and Drawing Machine Setters, Operators, and Tenders, Metal and Plastic",140,58373,59616,50635,62242
10,5,Long Island,51-4031,"Cutting, Punching, and Press Machine Setters, Operators, and Tenders, Metal and Plastic",460,49541,47179,36863,55881
10,5,Long Island,51-4033,"Grinding, Lapping, Polishing, and Buffing Machine Tool Setters, Operators, and Tenders, Metal and Plastic",300,52766,51649,41580,58359
10,5,Long Island,51-4034,"Lathe and Turning Machine Tool Setters, Operators, and Tenders, Metal and Plastic",130,57322,50373,43441,64263
10,5,Long Island,51-4035,"Milling and Planing Machine Setters, Operators, and Tenders, Metal and Plastic",,55211,53662,45134,60248
10,5,Long Island,51-4041,Machinists,1110,66954,63936,49924,75469
10,5,Long Island,51-4072,"Molding, Coremaking, and Casting Machine Setters, Operators, and Tenders, Metal and Plastic",440,46796,46324,37297,51545
10,5,Long Island,51-4081,"Multiple Machine Tool Setters, Operators, and Tenders, Metal and Plastic",240,47880,39338,35148,54247
10,5,Long Island,51-4111,Tool and Die Makers,150,77149,75024,56845,87300
10,5,Long Island,51-4121,"Welders, Cutters, Solderers, and Brazers",1270,64528,60585,45359,74111
10,5,Long Island,51-4122,"Welding, Soldering, and Brazing Machine Setters, Operators, and Tenders",,52966,55485,39099,59899
10,5,Long Island,51-4191,"Heat Treating Equipment Setters, Operators, and Tenders, Metal and Plastic",,57854,50314,44920,64320
10,5,Long Island,51-4193,"Plating and Coating Machine Setters, Operators, and Tenders, Metal and Plastic",,49687,45760,40378,54342
10,5,Long Island,51-5111,Prepress Technician and Workers,210,54158,51180,39686,61395
10,5,Long Island,51-5112,Printing Press Operators,1200,53832,49483,39645,60924
10,5,Long Island,51-5113,Print Binding and Finishing Workers,370,47071,45808,34872,53170
10,5,Long Island,51-6011,Laundry and Dry-Cleaning Workers,2330,38279,35720,34230,40533
10,5,Long Island,51-6021,"Pressers, Textile, Garment, and Related Materials",570,37396,35596,34230,39067
10,5,Long Island,51-6031,Sewing Machine Operators,630,44084,40269,36392,47929
10,5,Long Island,51-6051,"Sewers, Hand",,38283,37207,34839,40006
10,5,Long Island,51-6052,"Tailors, Dressmakers, and Custom Sewers",160,57759,57977,42604,65336
10,5,Long Island,51-6062,"Textile Cutting Machine Setters, Operators, and Tenders",,48193,47151,37981,53299
10,5,Long Island,51-6093,Upholsterers,130,66560,51101,44783,77448
10,5,Long Island,51-6099,"Textile, Apparel, and Furnishings Workers, All Other",,65337,54522,40896,77559
10,5,Long Island,51-7011,Cabinetmakers and Bench Carpenters,710,62698,61164,47650,70222
10,5,Long Island,51-7021,Furniture Finishers,150,50596,49257,37728,57031
10,5,Long Island,51-7041,"Sawing Machine Setters, Operators, and Tenders, Wood",140,53072,50253,40375,59420
10,5,Long Island,51-7042,"Woodworking Machine Setters, Operators, and Tenders, Except Sawing",310,52393,45295,40463,58359
10,5,Long Island,51-8013,Power Plant Operators,410,124649,131669,93043,140451
10,5,Long Island,51-8021,Stationary Engineers and Boiler Operators,310,96019,87445,69423,109317
10,5,Long Island,51-8031,Water and Wastewater Treatment Plant and System Operators,510,73597,68681,53211,83790
10,5,Long Island,51-9011,Chemical Equipment Operators and Tenders,1320,48836,47048,38062,54224
10,5,Long Island,51-9012,"Separating, Filtering, Clarifying, Precipitating, and Still Machine Setters, Operators, and Tenders",270,57885,55954,41525,66066
10,5,Long Island,51-9021,"Crushing, Grinding, and Polishing Machine Setters, Operators, and Tenders",,57718,49462,43747,64703
10,5,Long Island,51-9022,"Grinding and Polishing Workers, Hand",,55151,48764,41964,61744
10,5,Long Island,51-9023,"Mixing and Blending Machine Setters, Operators, and Tenders",870,51225,49529,37073,58301
10,5,Long Island,51-9031,"Cutters and Trimmers, Hand",100,52705,52759,49506,54304
10,5,Long Island,51-9032,"Cutting and Slicing Machine Setters, Operators, and Tenders",330,49716,46473,37982,55582
10,5,Long Island,51-9041,"Extruding, Forming, Pressing, and Compacting Machine Setters, Operators, and Tenders",720,40583,36153,34498,43626
10,5,Long Island,51-9061,"Inspectors, Testers, Sorters, Samplers, and Weighers",3610,55885,50281,39338,64158
10,5,Long Island,51-9071,Jewelers and Precious Stone and Metal Workers,580,63721,50937,36956,77104
10,5,Long Island,51-9081,Dental Laboratory Technicians,380,65126,60615,46683,74348
10,5,Long Island,51-9082,Medical Appliance Technicians,200,51132,47922,39407,56995
10,5,Long Island,51-9111,Packaging and Filling Machine Operators and Tenders,4480,41056,37310,35217,43976
10,5,Long Island,51-9123,"Painting, Coating, and Decorating Workers",,66922,80659,44440,78164
10,5,Long Island,51-9124,"Coating, Painting, and Spraying Machine Setters, Operators, and Tenders",460,59650,54968,42514,68218
10,5,Long Island,51-9151,Photographic Process Workers and Processing Machine Operators,,65600,55795,39200,78800
10,5,Long Island,51-9161,Computer Numerically Controlled Tool Operators,770,60371,59937,45978,67568
10,5,Long Island,51-9162,Computer Numerically Controlled Tool Programmers,260,71498,71639,42110,86191
10,5,Long Island,51-9191,Adhesive Bonding Machine Operators and Tenders,,48562,46178,38696,53496
10,5,Long Island,51-9192,"Cleaning, Washing, and Metal Pickling Equipment Operators and Tenders",,46734,38260,36512,51846
10,5,Long Island,51-9195,"Molders, Shapers, and Casters, Except Metal and Plastic",150,59060,58312,45163,66008
10,5,Long Island,51-9196,"Paper Goods Machine Setters, Operators, and Tenders",420,56078,54621,40849,63692
10,5,Long Island,51-9198,Helpers--Production Workers,910,43726,41486,36516,47331
10,5,Long Island,51-9199,"Production Workers, All Other",290,49187,46091,37049,55257
10,5,Long Island,53-0000,Transportation and Material Moving Occupations,92740,53691,46545,37047,62013
10,5,Long Island,53-1047,"First-Line Supervisors of Transportation and Material Moving Workers, Except Aircraft Cargo Handling Supervisors",4430,74999,69792,51440,86778
10,5,Long Island,53-2011,"Airline Pilots, Copilots, and Flight Engineers",,202854,182758,128066,240249
10,5,Long Island,53-2012,Commercial Pilots,270,189237,173534,87552,240081
10,5,Long Island,53-2021,Air Traffic Controllers,670,178390,201125,109269,212950
10,5,Long Island,53-2022,Airfield Operations Specialists,,68350,74683,44304,80373
10,5,Long Island,53-3011,"Ambulance Drivers and Attendants, Except Emergency Medical Technicians",100,40366,37105,36826,42137
10,5,Long Island,53-3031,Driver/Sales Workers,4140,47554,46102,35962,53349
10,5,Long Island,53-3032,Heavy and Tractor-Trailer Truck Drivers,10220,70381,64856,52087,79527
10,5,Long Island,53-3033,Light Truck or Delivery Services Drivers,9340,53125,48293,40322,59527
10,5,Long Island,53-3051,"Bus Drivers, School",6020,60447,60923,50920,65210
10,5,Long Island,53-3052,"Bus Drivers, Transit and Intercity",1380,65808,63899,47560,74932
10,5,Long Island,53-3053,Shuttle Drivers and Chauffeurs,2820,49577,46001,37157,55787
10,5,Long Island,53-3099,"Motor Vehicle Operators, All Other",380,44796,41242,36413,48988
10,5,Long Island,53-5011,Sailors and Marine Oilers,260,60014,62271,43252,68395
10,5,Long Island,53-5021,"Captains, Mates, and Pilots of Water Vessels",470,92938,84396,54201,112306
10,5,Long Island,53-5022,Motorboat Operators,,66258,62658,54957,71909
10,5,Long Island,53-5031,Ship Engineers,,130309,117540,85554,152686
10,5,Long Island,53-6011,Bridge and Lock Tenders,,48359,46258,36656,54211
10,5,Long Island,53-6021,Parking Lot Attendants,1600,38448,38580,34230,40616
10,5,Long Island,53-6031,Automotive and Watercraft Service Attendants,790,41261,39211,34230,44859
10,5,Long Island,53-6032,Aircraft Service Attendants,120,47138,47627,40808,50302
10,5,Long Island,53-6041,Traffic Technicians,,53010,45454,37838,60596
10,5,Long Island,53-6051,Transportation Inspectors,130,108605,104632,63759,131029
10,5,Long Island,53-6099,"Transportation Workers, All Other",,40217,34230,34230,43681
10,5,Long Island,53-7021,Crane and Tower Operators,210,190553,145426,86170,242744
10,5,Long Island,53-7051,Industrial Truck and Tractor Operators,2290,54847,51172,41478,61531
10,5,Long Island,53-7061,Cleaners of Vehicles and Equipment,2860,41459,39896,35456,44461
10,5,Long Island,53-7062,"Laborers and Freight, Stock, and Material Movers, Hand",12250,46774,45364,36796,51763
10,5,Long Island,53-7063,Machine Feeders and Offbearers,230,46667,49172,34400,52800
10,5,Long Island,53-7064,"Packers and Packagers, Hand",2780,39966,37717,34348,42775
10,5,Long Island,53-7065,Stockers and Order Fillers,26150,43163,39759,35844,46822
10,5,Long Island,53-7072,"Pump Operators, Except Wellhead Pumpers",,61495,65397,47300,68594
10,5,Long Island,53-7081,Refuse and Recyclable Material Collectors,1330,61443,62879,38399,72966
10,6,Mohawk Valley,00-0000,"Total, All Occupations",182350,60804,48865,34940,73736
10,6,Mohawk Valley,11-0000,Management Occupations,8410,126917,105601,64904,157925
10,6,Mohawk Valley,11-1011,Chief Executives,140,215884,164257,93629,277011
10,6,Mohawk Valley,11-1021,General and Operations Managers,3370,121435,97386,58114,153095
10,6,Mohawk Valley,11-2021,Marketing Managers,250,147077,132716,73486,183873
10,6,Mohawk Valley,11-2022,Sales Managers,250,166933,152875,83966,208417
10,6,Mohawk Valley,11-2032,Public Relations Managers,,174063,136345,103328,209430
10,6,Mohawk Valley,11-2033,Fundraising Managers,,153167,130638,110824,174339
10,6,Mohawk Valley,11-3012,Administrative Services Managers,200,119741,112090,71535,143844
10,6,Mohawk Valley,11-3013,Facilities Managers,200,110508,102412,75122,128201
10,6,Mohawk Valley,11-3021,Computer and Information Systems Managers,280,161135,147155,104040,189683
10,6,Mohawk Valley,11-3031,Financial Managers,610,164790,139993,88519,202926
10,6,Mohawk Valley,11-3051,Industrial Production Managers,240,122847,114223,81656,143442
10,6,Mohawk Valley,11-3061,Purchasing Managers,50,130182,119055,93436,148554
10,6,Mohawk Valley,11-3071,"Transportation, Storage, and Distribution Managers",150,97604,86434,72388,110212
10,6,Mohawk Valley,11-3121,Human Resources Managers,150,145118,132741,91684,171834
10,6,Mohawk Valley,11-3131,Training and Development Managers,,134242,134353,91142,155792
10,6,Mohawk Valley,11-9021,Construction Managers,70,118985,109043,73547,141705
10,6,Mohawk Valley,11-9031,"Education Administrators, Preschool and Childcare Center/Program",70,67763,58730,45276,79006
10,6,Mohawk Valley,11-9032,"Education Administrators, Elementary and Secondary School",400,117954,115639,90247,131807
10,6,Mohawk Valley,11-9033,"Education Administrators, Postsecondary",150,139097,126526,89036,164128
10,6,Mohawk Valley,11-9039,"Education Administrators, All Other",,96221,92524,62969,112846
10,6,Mohawk Valley,11-9041,Architectural and Engineering Managers,90,156339,157930,112104,178457
10,6,Mohawk Valley,11-9051,Food Service Managers,230,73746,66210,54785,83228
10,6,Mohawk Valley,11-9072,"Entertainment and Recreation Managers, Except Gambling",,74683,73328,54753,84647
10,6,Mohawk Valley,11-9081,Lodging Managers,90,73268,65450,38956,90423
10,6,Mohawk Valley,11-9111,Medical and Health Services Managers,440,144748,121983,87357,173443
10,6,Mohawk Valley,11-9121,Natural Sciences Managers,,156053,106267,77719,195220
10,6,Mohawk Valley,11-9131,Postmasters and Mail Superintendents,60,93229,92136,86040,96824
10,6,Mohawk Valley,11-9141,"Property, Real Estate, and Community Association Managers",50,88423,65881,52801,106234
10,6,Mohawk Valley,11-9151,Social and Community Service Managers,360,80978,76390,59519,91707
10,6,Mohawk Valley,11-9161,Emergency Management Directors,,115610,93912,55710,145560
10,6,Mohawk Valley,11-9171,Funeral Home Managers,,92357,77341,57658,109707
10,6,Mohawk Valley,11-9199,"Managers, All Other",140,127362,112166,69005,156542
10,6,Mohawk Valley,13-0000,Business and Financial Operations Occupations,8310,82990,75361,50635,99167
10,6,Mohawk Valley,13-1020,Buyers and Purchasing Agents,520,74742,69250,49639,87293
10,6,Mohawk Valley,13-1031,"Claims Adjusters, Examiners, and Investigators",490,80507,78456,56224,92647
10,6,Mohawk Valley,13-1041,Compliance Officers,300,77895,70081,49205,92240
10,6,Mohawk Valley,13-1051,Cost Estimators,150,77165,73258,51707,89893
10,6,Mohawk Valley,13-1071,Human Resources Specialists,810,73353,65157,48582,85739
10,6,Mohawk Valley,13-1075,Labor Relations Specialists,90,92974,87129,69438,104743
10,6,Mohawk Valley,13-1081,Logisticians,100,79861,75603,56805,91389
10,6,Mohawk Valley,13-1082,Project Management Specialists,590,100355,97643,63095,118985
10,6,Mohawk Valley,13-1111,Management Analysts,470,101822,84314,61969,121747
10,6,Mohawk Valley,13-1121,"Meeting, Convention, and Event Planners",110,59531,55716,40856,68869
10,6,Mohawk Valley,13-1131,Fundraisers,150,79173,68019,46194,95663
10,6,Mohawk Valley,13-1141,"Compensation, Benefits, and Job Analysis Specialists",90,73971,68959,53479,84216
10,6,Mohawk Valley,13-1151,Training and Development Specialists,530,65881,60336,42462,77590
10,6,Mohawk Valley,13-1161,Market Research Analysts and Marketing Specialists,620,71559,61872,43536,85571
10,6,Mohawk Valley,13-1199,"Business Operations Specialists, All Other",370,79208,75328,49990,93816
10,6,Mohawk Valley,13-2011,Accountants and Auditors,1360,86463,77347,55404,101993
10,6,Mohawk Valley,13-2020,Appraisers and Assessors of Real Estate,110,78783,72118,51575,92388
10,6,Mohawk Valley,13-2031,Budget Analysts,,77663,83286,52784,90102
10,6,Mohawk Valley,13-2041,Credit Analysts,,88211,79433,59428,102602
10,6,Mohawk Valley,13-2051,Financial Analysts,150,99563,90149,63240,117725
10,6,Mohawk Valley,13-2052,Personal Financial Advisors,160,175866,130821,63943,231828
10,6,Mohawk Valley,13-2053,Insurance Underwriters,340,89254,79246,57380,105192
10,6,Mohawk Valley,13-2054,Financial Risk Specialists,,111439,109874,63076,135620
10,6,Mohawk Valley,13-2061,Financial Examiners,140,63738,51434,48343,71435
10,6,Mohawk Valley,13-2071,Credit Counselors,,66059,59369,45430,76373
10,6,Mohawk Valley,13-2072,Loan Officers,210,83489,64965,46561,101953
10,6,Mohawk Valley,13-2081,"Tax Examiners and Collectors, and Revenue Agents",,68499,50540,39418,83041
10,6,Mohawk Valley,13-2082,Tax Preparers,90,50531,45785,34743,58425
10,6,Mohawk Valley,13-2099,"Financial Specialists, All Other",200,81096,78750,55687,93802
10,6,Mohawk Valley,15-0000,Computer and Mathematical Occupations,3090,93195,82722,54005,112789
10,6,Mohawk Valley,15-1211,Computer Systems Analysts,210,92471,85563,59860,108777
10,6,Mohawk Valley,15-1212,Information Security Analysts,90,97648,91196,56620,118160
10,6,Mohawk Valley,15-1221,Computer and Information Research Scientists,150,137723,134110,95864,158652
10,6,Mohawk Valley,15-1231,Computer Network Support Specialists,90,68726,62994,48072,79054
10,6,Mohawk Valley,15-1232,Computer User Support Specialists,560,59208,56255,42471,67575
10,6,Mohawk Valley,15-1241,Computer Network Architects,70,114148,105219,73257,134593
10,6,Mohawk Valley,15-1242,Database Administrators,,85364,82356,56898,99596
10,6,Mohawk Valley,15-1243,Database Architects,,112528,119510,68618,134484
10,6,Mohawk Valley,15-1244,Network and Computer Systems Administrators,340,87167,82664,59253,101125
10,6,Mohawk Valley,15-1251,Computer Programmers,80,84713,79904,60222,96958
10,6,Mohawk Valley,15-1252,Software Developers,730,113500,104296,71676,134411
10,6,Mohawk Valley,15-1253,Software Quality Assurance Analysts and Testers,70,95420,84144,58061,114100
10,6,Mohawk Valley,15-1254,Web Developers,,74836,69556,52216,86146
10,6,Mohawk Valley,15-1255,Web and Digital Interface Designers,60,100927,82102,51995,125394
10,6,Mohawk Valley,15-1299,"Computer Occupations, All Other",190,90245,82422,53331,108702
10,6,Mohawk Valley,15-2011,Actuaries,50,115469,100705,68846,138780
10,6,Mohawk Valley,15-2031,Operations Research Analysts,120,83768,81347,56335,97485
10,6,Mohawk Valley,15-2041,Statisticians,,95474,69196,67004,109710
10,6,Mohawk Valley,15-2051,Data Scientists,140,95135,81340,52347,116529
10,6,Mohawk Valley,17-0000,Architecture and Engineering Occupations,1740,97429,87039,59977,116155
10,6,Mohawk Valley,17-1011,"Architects, Except Landscape and Naval",,94009,79093,52262,114883
10,6,Mohawk Valley,17-1022,Surveyors,,84190,75178,55646,98461
10,6,Mohawk Valley,17-2051,Civil Engineers,200,99206,91121,69679,113969
10,6,Mohawk Valley,17-2061,Computer Hardware Engineers,90,135058,137815,86463,159355
10,6,Mohawk Valley,17-2071,Electrical Engineers,140,111189,106871,76262,128652
10,6,Mohawk Valley,17-2072,"Electronics Engineers, Except Computer",140,134016,134943,85631,158208
10,6,Mohawk Valley,17-2081,Environmental Engineers,50,91568,90040,61623,106540
10,6,Mohawk Valley,17-2111,"Health and Safety Engineers, Except Mining Safety Engineers and Inspectors",,105478,110928,73648,121393
10,6,Mohawk Valley,17-2112,Industrial Engineers,340,103169,96683,71279,119112
10,6,Mohawk Valley,17-2131,Materials Engineers,,86023,67920,67816,95126
10,6,Mohawk Valley,17-2141,Mechanical Engineers,180,97859,95259,67436,113071
10,6,Mohawk Valley,17-2199,"Engineers, All Other",70,116527,106335,73732,137924
10,6,Mohawk Valley,17-3011,Architectural and Civil Drafters,,61584,58076,46065,69344
10,6,Mohawk Valley,17-3012,Electrical and Electronics Drafters,,61060,49892,44751,69214
10,6,Mohawk Valley,17-3013,Mechanical Drafters,,64191,60965,47632,72470
10,6,Mohawk Valley,17-3022,Civil Engineering Technicians,,67919,75358,43561,80098
10,6,Mohawk Valley,17-3023,Electrical and Electronic Engineering Technicians,70,65573,61083,50556,73082
10,6,Mohawk Valley,17-3024,Electro-Mechanical Technicians,,65814,60024,52925,72259
10,6,Mohawk Valley,17-3026,Industrial Engineering Technicians,70,60126,59886,45878,67250
10,6,Mohawk Valley,17-3029,"Engineering Technicians, Except Drafters, All Other",,60752,58990,51206,65526
10,6,Mohawk Valley,17-3031,Surveying and Mapping Technicians,,57045,49020,41129,65003
10,6,Mohawk Valley,19-0000,"Life, Physical, and Social Science Occupations",1110,79146,70112,47374,95032
10,6,Mohawk Valley,19-1012,Food Scientists and Technologists,,103573,99007,62194,124264
10,6,Mohawk Valley,19-1031,Conservation Scientists,,79395,65506,50917,93633
10,6,Mohawk Valley,19-2012,Physicists,,170684,146673,120793,195629
10,6,Mohawk Valley,19-2031,Chemists,,86119,77660,62872,97742
10,6,Mohawk Valley,19-2041,"Environmental Scientists and Specialists, Including Health",,84179,81446,59820,96360
10,6,Mohawk Valley,19-3011,Economists,,98925,98047,71060,112857
10,6,Mohawk Valley,19-3033,Clinical and Counseling Psychologists,120,107252,98718,68500,126627
10,6,Mohawk Valley,19-3034,School Psychologists,140,82282,79117,58819,94013
10,6,Mohawk Valley,19-3051,Urban and Regional Planners,80,88884,82161,50064,108294
10,6,Mohawk Valley,19-3093,Historians,,46305,35799,32504,53207
10,6,Mohawk Valley,19-3099,"Social Scientists and Related Workers, All Other",,93467,81957,63668,108366
10,6,Mohawk Valley,19-4013,Food Science Technicians,,49820,49837,40049,54706
10,6,Mohawk Valley,19-4021,Biological Technicians,70,46235,43101,37281,50712
10,6,Mohawk Valley,19-4031,Chemical Technicians,,58117,57837,45854,64248
10,6,Mohawk Valley,19-4042,"Environmental Science and Protection Technicians, Including Health",,64114,56494,47869,72237
10,6,Mohawk Valley,19-4071,Forest and Conservation Technicians,,62624,60160,49830,69021
10,6,Mohawk Valley,19-4099,"Life, Physical, and Social Science Technicians, All Other",60,62413,62952,46030,70605
10,6,Mohawk Valley,19-5011,Occupational Health and Safety Specialists,120,82169,78044,57295,94607
10,6,Mohawk Valley,21-0000,Community and Social Service Occupations,4270,61662,57947,41584,71701
10,6,Mohawk Valley,21-1012,"Educational, Guidance, School, and Vocational Counselors",560,66968,62341,45927,77488
10,6,Mohawk Valley,21-1013,Marriage and Family Therapists,,68174,60549,55152,74684
10,6,Mohawk Valley,21-1015,Rehabilitation Counselors,110,55234,44091,37857,63922
10,6,Mohawk Valley,21-1018,"Substance abuse, behavioral disorder, and mental health counselors?(OES-specific code and title)",430,65612,58149,41044,77896
10,6,Mohawk Valley,21-1019,"Counselors, All Other",,66428,61929,43253,78015
10,6,Mohawk Valley,21-1021,"Child, Family, and School Social Workers",740,63876,60349,48695,71466
10,6,Mohawk Valley,21-1022,Healthcare Social Workers,410,61460,59390,46270,69055
10,6,Mohawk Valley,21-1023,Mental Health and Substance Abuse Social Workers,270,75009,74190,52237,86395
10,6,Mohawk Valley,21-1029,"Social Workers, All Other",80,80628,81116,60228,90828
10,6,Mohawk Valley,21-1091,Health Educators,60,66555,59184,40753,79456
10,6,Mohawk Valley,21-1092,Probation Officers and Correctional Treatment Specialists,210,75613,76430,59028,83905
10,6,Mohawk Valley,21-1093,Social and Human Service Assistants,870,46103,42788,35432,51437
10,6,Mohawk Valley,21-1094,Community Health Workers,90,49116,47510,38968,54190
10,6,Mohawk Valley,21-1099,"Community and Social Service Specialists, All Other",150,69767,66403,55888,76707
10,6,Mohawk Valley,21-2011,Clergy,180,61859,49055,43790,70893
10,6,Mohawk Valley,21-2021,"Directors, Religious Activities and Education",60,56070,47872,35430,66389
10,6,Mohawk Valley,23-0000,Legal Occupations,920,119592,98700,53521,152628
10,6,Mohawk Valley,23-1011,Lawyers,510,137755,119784,67817,172723
10,6,Mohawk Valley,23-1023,"Judges, Magistrate Judges, and Magistrates",150,160971,177594,98113,192401
10,6,Mohawk Valley,23-2011,Paralegals and Legal Assistants,200,58535,52622,44560,65523
10,6,Mohawk Valley,23-2093,"Title Examiners, Abstractors, and Searchers",50,64552,62165,41622,76017
10,6,Mohawk Valley,25-0000,"Education, Training, and Library Occupations",15990,64407,61372,36166,78527
10,6,Mohawk Valley,25-1011,"Business Teachers, Postsecondary",130,85617,79779,51620,102615
10,6,Mohawk Valley,25-1032,"Engineering Teachers, Postsecondary",90,85596,80048,55934,100426
10,6,Mohawk Valley,25-1042,"Biological Science Teachers, Postsecondary",120,76334,70632,50793,89105
10,6,Mohawk Valley,25-1066,"Psychology Teachers, Postsecondary",100,72374,66529,48272,84426
10,6,Mohawk Valley,25-1069,"Social Sciences Teachers, Postsecondary, All Other",,78051,84376,55509,89322
10,6,Mohawk Valley,25-1071,"Health Specialties Teachers, Postsecondary",200,118996,86525,51683,152653
10,6,Mohawk Valley,25-1081,"Education Teachers, Postsecondary",170,75324,57916,41275,92349
10,6,Mohawk Valley,25-1121,"Art, Drama, and Music Teachers, Postsecondary",260,88132,83795,51392,106502
10,6,Mohawk Valley,25-1123,"English Language and Literature Teachers, Postsecondary",130,78277,65373,45857,94487
10,6,Mohawk Valley,25-1126,"Philosophy and Religion Teachers, Postsecondary",50,88867,85201,52135,107233
10,6,Mohawk Valley,25-1194,"Vocational Education Teachers, Postsecondary",100,68690,61897,49778,78147
10,6,Mohawk Valley,25-2011,"Preschool Teachers, Except Special Education",370,44871,37750,33528,50543
10,6,Mohawk Valley,25-2012,"Kindergarten Teachers, Except Special Education",200,74891,76865,54685,84995
10,6,Mohawk Valley,25-2021,"Elementary School Teachers, Except Special Education",2270,74788,76959,54608,84878
10,6,Mohawk Valley,25-2022,"Middle School Teachers, Except Special and Career/Technical Education",980,77414,79438,57200,87521
10,6,Mohawk Valley,25-2023,"Career/Technical  Education Teachers, Middle School",60,75984,79546,52726,87614
10,6,Mohawk Valley,25-2031,"Secondary School Teachers, Except Special and Career/Technical Education",2030,77669,79045,55240,88884
10,6,Mohawk Valley,25-2032,"Career/Technical Education Teachers, Secondary School",240,75738,76324,56086,85564
10,6,Mohawk Valley,25-2051,"Special Education Teachers, Preschool",60,62250,59425,48894,68929
10,6,Mohawk Valley,25-2052,"Special Education Teachers, Kindergarten and Elementary School",480,71076,63568,53063,80082
10,6,Mohawk Valley,25-2057,"Special Education Teachers, Middle School",180,73502,71295,55054,82726
10,6,Mohawk Valley,25-2058,"Special Education Teachers, Secondary School",480,78515,77759,59068,88240
10,6,Mohawk Valley,25-3021,Self-Enrichment Education Teachers,400,52682,47825,35283,61381
10,6,Mohawk Valley,25-3031,"Substitute Teachers, Short-Term",990,43533,37564,32992,48803
10,6,Mohawk Valley,25-3041,Tutors,170,51146,45885,33421,60009
10,6,Mohawk Valley,25-3099,"Teachers and Instructors, All Other",60,69675,74969,54621,77203
10,6,Mohawk Valley,25-4012,Curators,,60102,52744,39314,70496
10,6,Mohawk Valley,25-4013,Museum Technicians and Conservators,,51183,49741,39970,56790
10,6,Mohawk Valley,25-4022,Librarians and Media Collections Specialists,280,63776,62366,40926,75202
10,6,Mohawk Valley,25-4031,Library Technicians,140,39365,35799,32240,42990
10,6,Mohawk Valley,25-9031,Instructional Coordinators,270,74978,69715,51408,86763
10,6,Mohawk Valley,25-9044,"Teaching Assistants, Postsecondary",180,62308,55081,40946,72987
10,6,Mohawk Valley,25-9045,"Teaching Assistants, Except Postsecondary",3330,36125,34632,32240,38164
10,6,Mohawk Valley,27-0000,"Arts, Design, Entertainment, Sports, and Media Occupations",1990,59726,43319,34090,72544
10,6,Mohawk Valley,27-1011,Art Directors,,96195,96036,66465,111060
10,6,Mohawk Valley,27-1021,Commercial and Industrial Designers,,74162,70160,56035,83225
10,6,Mohawk Valley,27-1022,Fashion Designers,,94030,68738,52605,114743
10,6,Mohawk Valley,27-1024,Graphic Designers,150,60919,53199,40365,71196
10,6,Mohawk Valley,27-1025,Interior Designers,50,54569,51348,38935,62386
10,6,Mohawk Valley,27-1026,Merchandise Displayers and Window Trimmers,,36159,34924,33554,37460
10,6,Mohawk Valley,27-2012,Producers and Directors,60,93124,65768,44741,117316
10,6,Mohawk Valley,27-2022,Coaches and Scouts,350,56332,52548,37523,65737
10,6,Mohawk Valley,27-2041,Music Directors and Composers,,137982,67228,45345,184300
10,6,Mohawk Valley,27-3011,Radio and Television Announcers,,49228,48191,32597,57544
10,6,Mohawk Valley,27-3023,"News Analysts, Reporters, and Journalist",,53602,38535,34270,63268
10,6,Mohawk Valley,27-3031,Public Relations Specialists,180,75466,65439,49907,88245
10,6,Mohawk Valley,27-3042,Technical Writers,,84715,81370,59396,97375
10,6,Mohawk Valley,27-3043,Writers and Authors,,66495,49956,37485,81000
10,6,Mohawk Valley,27-3091,Interpreters and Translators,,70046,55327,45181,82478
10,6,Mohawk Valley,27-3092,Court Reporters and Simultaneous Captioners,,110810,111008,95385,118522
10,6,Mohawk Valley,27-4011,Audio and Video Equipment Technicians,,54594,49316,39717,62033
10,6,Mohawk Valley,27-4021,Photographers,,55467,51529,34699,65849
10,6,Mohawk Valley,27-4031,"Camera Operators, Television, Video, and Motion Picture",,46858,32824,32824,53873
10,6,Mohawk Valley,29-0000,Healthcare Practitioners and Technical Occupations,12140,99102,83025,51657,122824
10,6,Mohawk Valley,29-1011,Chiropractors,,83134,88628,55780,96810
10,6,Mohawk Valley,29-1021,"Dentists, General",130,190784,166108,83740,244306
10,6,Mohawk Valley,29-1031,Dietitians and Nutritionists,130,78005,77432,55809,89102
10,6,Mohawk Valley,29-1041,Optometrists,,141094,137338,79224,172029
10,6,Mohawk Valley,29-1051,Pharmacists,420,132760,135332,103610,147333
10,6,Mohawk Valley,29-1071,Physician Assistants,300,138958,133275,113492,151690
10,6,Mohawk Valley,29-1081,Podiatrists,,140689,124929,70035,176016
10,6,Mohawk Valley,29-1122,Occupational Therapists,290,82545,80991,61611,93011
10,6,Mohawk Valley,29-1123,Physical Therapists,360,90321,88097,67070,101946
10,6,Mohawk Valley,29-1124,Radiation Therapists,,113248,120023,85750,126997
10,6,Mohawk Valley,29-1125,Recreational Therapists,,58926,57892,45182,65797
10,6,Mohawk Valley,29-1126,Respiratory Therapists,160,89527,84036,73288,97647
10,6,Mohawk Valley,29-1127,Speech-Language Pathologists,290,87974,82419,62866,100528
10,6,Mohawk Valley,29-1129,"Therapists, All Other",,74437,71781,49339,86985
10,6,Mohawk Valley,29-1131,Veterinarians,80,129169,129076,89507,148999
10,6,Mohawk Valley,29-1141,Registered Nurses,3890,93372,90486,71861,104128
10,6,Mohawk Valley,29-1151,Nurse Anesthetists,60,292533,,256470,
10,6,Mohawk Valley,29-1171,Nurse Practitioners,360,133582,129982,102379,149184
10,6,Mohawk Valley,29-1216,General Internal Medicine Physicians,160,245266,206140,83926,325937
10,6,Mohawk Valley,29-1218,Obstetricians and Gynecologists,,281060,,172355,
10,6,Mohawk Valley,29-1221,"Pediatricians, General",50,267668,210849,151583,325712
10,6,Mohawk Valley,29-1223,Psychiatrists,50,261007,,149813,
10,6,Mohawk Valley,29-1224,Radiologists,,403084,,191275,
10,6,Mohawk Valley,29-1229,"Physicians, All Other",130,255006,196541,114785,325116
10,6,Mohawk Valley,29-1249,"Surgeons, All Other",,351618,,217085,
10,6,Mohawk Valley,29-1292,Dental Hygienists,290,87950,85314,74928,94461
10,6,Mohawk Valley,29-2010,Clinical Laboratory Technologists and Technicians,290,75991,78570,45176,91397
10,6,Mohawk Valley,29-2032,Diagnostic Medical Sonographers,150,91294,89544,76889,98497
10,6,Mohawk Valley,29-2033,Nuclear Medicine Technologists,,105029,101191,87681,113703
10,6,Mohawk Valley,29-2034,Radiologic Technologists,350,80206,81812,60870,89874
10,6,Mohawk Valley,29-2035,Magnetic Resonance Imaging Technologists,70,89495,87992,73796,97345
10,6,Mohawk Valley,29-2042,Emergency Medical Technicians,360,41583,40238,36785,43982
10,6,Mohawk Valley,29-2043,Paramedics,140,60632,60348,52964,64467
10,6,Mohawk Valley,29-2051,Dietetic Technicians,50,46470,43207,35127,52141
10,6,Mohawk Valley,29-2052,Pharmacy Technicians,580,41688,38217,34741,45162
10,6,Mohawk Valley,29-2055,Surgical Technologists,70,65302,65122,51027,72439
10,6,Mohawk Valley,29-2056,Veterinary Technologists and Technicians,140,52052,50084,45402,55377
10,6,Mohawk Valley,29-2057,Ophthalmic Medical Technicians,90,43847,46019,36224,47659
10,6,Mohawk Valley,29-2061,Licensed Practical and Licensed Vocational Nurses,1430,59550,59326,50903,63873
10,6,Mohawk Valley,29-2072,Medical Records Specialists,170,50024,47661,37217,56427
10,6,Mohawk Valley,29-2081,"Opticians, Dispensing",80,62448,62430,45994,70676
10,6,Mohawk Valley,29-2099,"Health Technologists and Technicians, All Other",130,57839,50067,39005,67256
10,6,Mohawk Valley,29-9091,Athletic Trainers,,61553,58476,53708,65475
10,6,Mohawk Valley,29-9093,Surgical Assistants,,53285,51823,38953,60450
10,6,Mohawk Valley,31-0000,Healthcare Support Occupations,13600,42080,38921,34929,45656
10,6,Mohawk Valley,31-1120,Home Health & Personal Care Aides,9440,40538,37419,34246,43684
10,6,Mohawk Valley,31-1131,Nursing Assistants,2210,41937,39969,37280,44266
10,6,Mohawk Valley,31-1132,Orderlies,70,39638,38409,34128,42393
10,6,Mohawk Valley,31-1133,Psychiatric Aides,250,66968,70119,47569,76668
10,6,Mohawk Valley,31-2011,Occupational Therapy Assistants,60,59441,58151,47152,65587
10,6,Mohawk Valley,31-2021,Physical Therapist Assistants,140,59179,58056,49716,63911
10,6,Mohawk Valley,31-2022,Physical Therapist Aides,,39774,36871,33204,43058
10,6,Mohawk Valley,31-9011,Massage Therapists,50,83716,52266,37329,106911
10,6,Mohawk Valley,31-9091,Dental Assistants,400,47229,47362,39374,51155
10,6,Mohawk Valley,31-9092,Medical Assistants,400,44411,43543,37895,47669
10,6,Mohawk Valley,31-9093,Medical Equipment Preparers,100,45199,46345,37356,49120
10,6,Mohawk Valley,31-9094,Medical Transcriptionists,50,39163,38487,32240,42625
10,6,Mohawk Valley,31-9095,Pharmacy Aides,70,37782,36623,32616,40366
10,6,Mohawk Valley,31-9096,Veterinary Assistants and Laboratory Animal Caretakers,130,40274,38395,35899,42462
10,6,Mohawk Valley,31-9097,Phlebotomists,110,43809,43481,37199,47114
10,6,Mohawk Valley,31-9099,"Healthcare Support Workers, All Other",80,51173,48992,39019,57250
10,6,Mohawk Valley,33-0000,Protective Service Occupations,5610,64923,63604,41484,76642
10,6,Mohawk Valley,33-1011,First-Line Supervisors of Correctional Officers,170,89687,90729,73688,97687
10,6,Mohawk Valley,33-1012,First-Line Supervisors of Police and Detectives,180,102028,95473,75495,115293
10,6,Mohawk Valley,33-1021,First-Line Supervisors of Fire Fighting and Prevention Workers,90,95030,91731,87125,98983
10,6,Mohawk Valley,33-1091,First-Line Supervisors of Security Workers,110,60370,61886,45871,67619
10,6,Mohawk Valley,33-1099,"First-Line Supervisors of Protective Service Workers, All Other",,76654,60950,51587,89188
10,6,Mohawk Valley,33-2011,Firefighters,220,70931,75245,58565,77114
10,6,Mohawk Valley,33-2021,Fire Inspectors and Investigators,,78505,74815,65888,84814
10,6,Mohawk Valley,33-3011,Bailiffs,120,70347,76595,41670,84684
10,6,Mohawk Valley,33-3012,Correctional Officers and Jailers,1600,68448,70657,55915,74716
10,6,Mohawk Valley,33-3021,Detectives and Criminal Investigators,180,95113,96017,66529,109406
10,6,Mohawk Valley,33-3031,Fish and Game Wardens,,78003,77114,65805,84102
10,6,Mohawk Valley,33-3041,Parking Enforcement Workers,,54012,55211,41601,60218
10,6,Mohawk Valley,33-3051,Police and Sheriff's Patrol Officers,1070,70286,63456,49969,80445
10,6,Mohawk Valley,33-9011,Animal Control Workers,70,69946,50402,36413,86712
10,6,Mohawk Valley,33-9021,Private Detectives and Investigators,,55926,49542,40500,63639
10,6,Mohawk Valley,33-9032,Security Guards,1110,47191,43025,35286,53142
10,6,Mohawk Valley,33-9091,Crossing Guards,120,48640,36729,32240,56868
10,6,Mohawk Valley,33-9092,"Lifeguards, Ski Patrol, and Other Recreational Protective Service",90,35399,35222,32911,36643
10,6,Mohawk Valley,33-9094,School Bus Monitors,280,36440,35145,32580,38370
10,6,Mohawk Valley,33-9099,"Protective Service Workers, All Other",,57152,47574,43348,64054
10,6,Mohawk Valley,35-0000,Food Preparation and Serving Related Occupations,15310,41427,35991,32250,46016
10,6,Mohawk Valley,35-1011,Chefs and Head Cooks,260,69258,62135,48303,79734
10,6,Mohawk Valley,35-1012,First-Line Supervisors of Food Preparation and Serving Workers,1330,46381,42608,36055,51544
10,6,Mohawk Valley,35-2011,"Cooks, Fast Food",430,35237,32240,32240,36812
10,6,Mohawk Valley,35-2012,"Cooks, Institution and Cafeteria",530,41394,39019,35748,44217
10,6,Mohawk Valley,35-2014,"Cooks, Restaurant",1120,41326,38797,33947,45015
10,6,Mohawk Valley,35-2015,"Cooks, Short Order",450,37003,34947,32273,39368
10,6,Mohawk Valley,35-2021,Food Preparation Workers,910,36196,34425,32240,38247
10,6,Mohawk Valley,35-3011,Bartenders,1150,49979,44373,32609,58664
10,6,Mohawk Valley,35-3023,Fast Food and Counter Workers,4070,34624,33680,32240,35892
10,6,Mohawk Valley,35-3031,Waiters and Waitresses,2450,52475,47970,33485,61969
10,6,Mohawk Valley,35-3041,"Food Servers, Nonrestaurant",560,35304,33894,32240,36865
10,6,Mohawk Valley,35-9011,Dining Room and Cafeteria Attendants and Bartender Helpers,1100,36840,32856,32240,39212
10,6,Mohawk Valley,35-9021,Dishwashers,620,35377,33307,32240,37021
10,6,Mohawk Valley,35-9031,"Hosts and Hostesses, Restaurant, Lounge, and Coffee Shop",330,37957,35200,32240,40876
10,6,Mohawk Valley,37-0000,Building and Grounds Cleaning and Maintenance Occupations,5510,40206,37226,33017,43802
10,6,Mohawk Valley,37-1011,First-Line Supervisors of Housekeeping and Janitorial Workers,200,54141,52703,39827,61298
10,6,Mohawk Valley,37-1012,"First-Line Supervisors of Landscaping, Lawn Service, and Groundskeeping Workers",90,58256,58804,43199,65785
10,6,Mohawk Valley,37-2011,"Janitors and Cleaners, Except Maids and Housekeeping Cleaners",3200,39016,36620,32893,42076
10,6,Mohawk Valley,37-2012,Maids and Housekeeping Cleaners,960,37255,35528,32240,39781
10,6,Mohawk Valley,37-3011,Landscaping and Groundskeeping Workers,1010,41497,38560,34366,45063
10,6,Mohawk Valley,37-3013,Tree Trimmers and Pruners,,59545,55568,45095,66771
10,6,Mohawk Valley,39-0000,Personal Care and Service Occupations,4190,43659,35695,32240,49444
10,6,Mohawk Valley,39-1014,"First-Line Supervisors of Entertainment and Recreation Workers, Except Gambling Services",,46658,45303,35398,52289
10,6,Mohawk Valley,39-1022,First-Line Supervisors of Personal Service Workers,180,54633,51578,41512,61194
10,6,Mohawk Valley,39-2021,Nonfarm Animal Caretakers,310,37248,35664,32456,39643
10,6,Mohawk Valley,39-3031,"Ushers, Lobby Attendants, and Ticket Takers",60,33316,32240,32240,33931
10,6,Mohawk Valley,39-3091,Amusement and Recreation Attendants,200,35992,32643,32240,37944
10,6,Mohawk Valley,39-4021,Funeral Attendants,70,36486,36156,32240,38680
10,6,Mohawk Valley,39-4031,"Morticians, Undertakers, and Funeral Directors",60,65066,62741,42229,76483
10,6,Mohawk Valley,39-5012,"Hairdressers, Hairstylists, and Cosmetologists",170,39588,32240,32240,43339
10,6,Mohawk Valley,39-5092,Manicurists and Pedicurists,260,33389,32240,32240,34040
10,6,Mohawk Valley,39-5094,Skincare Specialists,50,104497,53478,35966,138762
10,6,Mohawk Valley,39-6012,Concierges,,40887,40739,32335,45164
10,6,Mohawk Valley,39-7010,Tour and Travel Guides,60,34736,32240,32240,36061
10,6,Mohawk Valley,39-9011,Childcare Workers,870,35647,34538,32240,37428
10,6,Mohawk Valley,39-9031,Fitness Trainers and Aerobics Instructors,220,58796,45165,34030,71180
10,6,Mohawk Valley,39-9032,Recreation Workers,380,38069,34557,32240,41061
10,6,Mohawk Valley,39-9041,Residential Advisors,140,44869,42983,38023,48293
10,6,Mohawk Valley,41-0000,Sales and Related Occupations,14870,48979,35762,32240,57445
10,6,Mohawk Valley,41-1011,First-Line Supervisors of Retail Sales Workers,1360,56484,50744,37984,65733
10,6,Mohawk Valley,41-1012,First-Line Supervisors of Non-Retail Sales Workers,210,103598,92341,65700,122546
10,6,Mohawk Valley,41-2011,Cashiers,4750,33692,32240,32240,34585
10,6,Mohawk Valley,41-2012,Gaming Change Persons and Booth Cashiers,200,57470,47190,39437,66486
10,6,Mohawk Valley,41-2021,Counter and Rental Clerks,430,47392,39370,32549,54814
10,6,Mohawk Valley,41-2022,Parts Salespersons,270,45351,40771,34658,50699
10,6,Mohawk Valley,41-2031,Retail Salespersons,4900,39637,34972,32240,43477
10,6,Mohawk Valley,41-3011,Advertising Sales Agents,60,69306,59640,35300,86308
10,6,Mohawk Valley,41-3021,Insurance Sales Agents,410,93856,66062,46739,117415
10,6,Mohawk Valley,41-3031,"Securities, Commodities, and Financial Services Sales Agents",220,103432,85448,55827,127235
10,6,Mohawk Valley,41-3041,Travel Agents,,46773,42253,35686,52316
10,6,Mohawk Valley,41-3091,"Sales Representatives of Services, Except Advertising, Insurance, Financial Services, and Travel",630,79025,65994,41560,97757
10,6,Mohawk Valley,41-4011,"Sales Representatives, Wholesale and Manufacturing, Technical and Scientific Products",80,153900,117715,67596,197052
10,6,Mohawk Valley,41-4012,"Sales Representatives, Wholesale and Manufacturing, Except Technical and Scientific Products",1130,79544,65419,45548,96544
10,6,Mohawk Valley,41-9022,Real Estate Sales Agents,70,84701,76371,36280,108912
10,6,Mohawk Valley,41-9031,Sales Engineers,,105901,102056,75203,121248
10,6,Mohawk Valley,41-9099,"Sales and Related Workers, All Other",,36612,32240,32240,38967
10,6,Mohawk Valley,43-0000,Office and Administrative Support Occupations,23320,49617,46546,36188,56332
10,6,Mohawk Valley,43-1011,First-Line Supervisors of Office and Administrative Support Workers,1530,70688,66029,50324,80871
10,6,Mohawk Valley,43-2011,"Switchboard Operators, Including Answering Service",60,40857,40121,35273,43649
10,6,Mohawk Valley,43-3011,Bill and Account Collectors,100,48558,47169,40787,52444
10,6,Mohawk Valley,43-3021,Billing and Posting Clerks,670,49656,47472,40723,54122
10,6,Mohawk Valley,43-3031,"Bookkeeping, Accounting, and Auditing Clerks",2560,50338,48439,38531,56243
10,6,Mohawk Valley,43-3051,Payroll and Timekeeping Clerks,200,54272,51883,41139,60839
10,6,Mohawk Valley,43-3061,Procurement Clerks,60,47673,45067,37552,52734
10,6,Mohawk Valley,43-3071,Tellers,530,40573,39730,36804,42458
10,6,Mohawk Valley,43-3099,"Financial Clerks, All Other",,47799,45575,39642,51877
10,6,Mohawk Valley,43-4031,"Court, Municipal, and License Clerks",430,51200,46425,36690,58455
10,6,Mohawk Valley,43-4051,Customer Service Representatives,2670,47141,44484,34788,53317
10,6,Mohawk Valley,43-4061,"Eligibility Interviewers, Government Programs",,50147,45945,40489,54977
10,6,Mohawk Valley,43-4071,File Clerks,60,40594,38282,33469,44156
10,6,Mohawk Valley,43-4081,"Hotel, Motel, and Resort Desk Clerks",290,38197,35976,32842,40876
10,6,Mohawk Valley,43-4111,"Interviewers, Except Eligibility and Loan",190,43271,40425,36827,46493
10,6,Mohawk Valley,43-4121,"Library Assistants, Clerical",170,36518,33581,32240,38841
10,6,Mohawk Valley,43-4131,Loan Interviewers and Clerks,60,47641,46189,40131,51397
10,6,Mohawk Valley,43-4141,New Accounts Clerks,170,48187,47839,42646,50957
10,6,Mohawk Valley,43-4151,Order Clerks,60,46420,44543,36558,51351
10,6,Mohawk Valley,43-4161,"Human Resources Assistants, Except Payroll and Timekeeping",140,50311,49770,39234,55849
10,6,Mohawk Valley,43-4171,Receptionists and Information Clerks,1260,39507,38079,33536,42492
10,6,Mohawk Valley,43-4181,Reservation and Transportation Ticket Agents and Travel Clerks,,40714,38887,32447,44849
10,6,Mohawk Valley,43-4199,"Information and Record Clerks, All Other",70,53917,52567,40573,60588
10,6,Mohawk Valley,43-5011,Cargo and Freight Agents,60,57869,59428,43639,64984
10,6,Mohawk Valley,43-5021,Couriers and Messengers,150,35916,32941,32240,37819
10,6,Mohawk Valley,43-5031,"Police, Fire, and Ambulance Dispatchers",160,47170,44900,40180,50665
10,6,Mohawk Valley,43-5032,"Dispatchers, Except Police, Fire, and Ambulance",190,50203,47724,34181,58215
10,6,Mohawk Valley,43-5041,"Meter Readers, Utilities",,55738,50249,44675,61270
10,6,Mohawk Valley,43-5051,Postal Service Clerks,210,60268,61322,47493,66655
10,6,Mohawk Valley,43-5052,Postal Service Mail Carriers,540,61269,58070,45061,69373
10,6,Mohawk Valley,43-5053,"Postal Service Mail Sorters, Processors, and Processing Machine Operators",,60909,56084,49064,66831
10,6,Mohawk Valley,43-5061,"Production, Planning, and Expediting Clerks",820,53993,50005,40049,60965
10,6,Mohawk Valley,43-5071,"Shipping, Receiving, and Traffic Clerks",980,46266,44086,36246,51277
10,6,Mohawk Valley,43-6011,Executive Secretaries and Executive Administrative Assistants,720,73086,69798,54740,82259
10,6,Mohawk Valley,43-6012,Legal Secretaries,180,50457,46009,41136,55117
10,6,Mohawk Valley,43-6013,Medical Secretaries,770,42858,40786,36892,45841
10,6,Mohawk Valley,43-6014,"Secretaries and Administrative Assistants, Except Legal, Medical, and Executive",2390,46683,45877,36473,51788
10,6,Mohawk Valley,43-9021,Data Entry Keyers,140,41810,39178,34101,45665
10,6,Mohawk Valley,43-9022,Word Processors and Typists,310,43772,41967,35877,47718
10,6,Mohawk Valley,43-9041,Insurance Claims and Policy Processing Clerks,250,54388,52555,43600,59781
10,6,Mohawk Valley,43-9051,"Mail Clerks and Mail Machine Operators, Except Postal Service",150,41307,40377,34192,44864
10,6,Mohawk Valley,43-9061,"Office Clerks, General",2860,44091,41868,33359,49456
10,6,Mohawk Valley,43-9071,"Office Machine Operators, Except Computer",,41862,38523,33936,45824
10,6,Mohawk Valley,43-9199,"Office and Administrative Support Workers, All Other",,56577,60193,47393,61169
10,6,Mohawk Valley,45-0000,"Farming, Fishing, and Forestry Occupations",140,46984,41362,34884,53033
10,6,Mohawk Valley,45-2091,Agricultural Equipment Operators,,48961,45598,41579,52651
10,6,Mohawk Valley,45-2092,"Farmworkers and Laborers, Crop, Nursery, and Greenhouse",,38602,37106,32889,41459
10,6,Mohawk Valley,45-2093,"Farmworkers, Farm, Ranch, and Aquacultural Animals",,41584,39181,34271,45242
10,6,Mohawk Valley,47-0000,Construction and Extraction Occupations,5970,62732,55194,42519,72838
10,6,Mohawk Valley,47-1011,Supervisors of Construction and Extraction Workers,590,76679,70263,52817,88609
10,6,Mohawk Valley,47-2031,Carpenters,770,62527,60933,44627,71477
10,6,Mohawk Valley,47-2041,Carpet Installers,,43560,43772,36126,47277
10,6,Mohawk Valley,47-2042,"Floor Layers, Except Carpet, Wood, and Hard Tiles",,56467,49206,45006,62197
10,6,Mohawk Valley,47-2051,Cement Masons and Concrete Finishers,160,66948,58512,45559,77642
10,6,Mohawk Valley,47-2061,Construction Laborers,1040,57100,48216,37891,66706
10,6,Mohawk Valley,47-2071,"Paving, Surfacing, and Tamping Equipment Operators",100,66416,64303,48649,75300
10,6,Mohawk Valley,47-2073,Operating Engineers and Other Construction Equipment Operators,340,77323,61785,48009,91980
10,6,Mohawk Valley,47-2111,Electricians,340,68859,63462,48504,79036
10,6,Mohawk Valley,47-2121,Glaziers,,63810,60400,45289,73070
10,6,Mohawk Valley,47-2132,"Insulation Workers, Mechanical",,59472,55358,45319,66549
10,6,Mohawk Valley,47-2141,"Painters, Construction and Maintenance",170,53465,49064,38731,60832
10,6,Mohawk Valley,47-2152,"Plumbers, Pipefitters, and Steamfitters",190,70803,61877,45123,83642
10,6,Mohawk Valley,47-2181,Roofers,100,69076,63668,45818,80707
10,6,Mohawk Valley,47-2211,Sheet Metal Workers,120,60217,55051,36591,72032
10,6,Mohawk Valley,47-2221,Structural Iron and Steel Workers,,85815,74955,59841,98802
10,6,Mohawk Valley,47-4011,Construction and Building Inspectors,220,69014,63015,45658,80691
10,6,Mohawk Valley,47-4021,Elevator Installers and Repairers,,102992,118825,66164,121406
10,6,Mohawk Valley,47-4041,Hazardous Materials Removal Workers,120,72770,62030,46425,85942
10,6,Mohawk Valley,47-4051,Highway Maintenance Workers,1100,50208,49366,42365,54130
10,6,Mohawk Valley,47-4071,Septic Tank Servicers and Sewer Pipe Cleaners,60,59780,51814,41602,68868
10,6,Mohawk Valley,47-5022,"Excavating and Loading Machine and Dragline Operators, Surface Mining",60,54439,50533,42548,60385
10,6,Mohawk Valley,49-0000,"Installation, Maintenance, and Repair Occupations",7550,59613,53494,39884,69478
10,6,Mohawk Valley,49-1011,"First-Line Supervisors of Mechanics, Installers, and Repairers",720,80431,76091,52710,94292
10,6,Mohawk Valley,49-2011,"Computer, Automated Teller, and Office Machine Repairers",60,51456,50524,36461,58954
10,6,Mohawk Valley,49-2022,"Telecommunications Equipment Installers and Repairers, Except Line Installers",130,68770,66109,45972,80168
10,6,Mohawk Valley,49-2094,"Electrical and Electronics Repairers, Commercial and Industrial Equipment",,70165,67140,53503,78496
10,6,Mohawk Valley,49-2098,Security and Fire Alarm Systems Installers,60,57727,59440,43388,64895
10,6,Mohawk Valley,49-3021,Automotive Body and Related Repairers,150,50154,48442,37611,56425
10,6,Mohawk Valley,49-3023,Automotive Service Technicians and Mechanics,1060,50684,48035,35844,58103
10,6,Mohawk Valley,49-3031,Bus and Truck Mechanics and Diesel Engine Specialists,440,61055,60711,46271,68447
10,6,Mohawk Valley,49-3041,Farm Equipment Mechanics and Service Technicians,50,51997,53817,41401,57295
10,6,Mohawk Valley,49-3042,"Mobile Heavy Equipment Mechanics, Except Engines",70,64272,60863,48556,72131
10,6,Mohawk Valley,49-3051,Motorboat Mechanics and Service Technicians,,57367,57749,47228,62437
10,6,Mohawk Valley,49-3052,Motorcycle Mechanics,,46288,51093,33716,52575
10,6,Mohawk Valley,49-3053,Outdoor Power Equipment and Other Small Engine Mechanics,110,48939,47711,37324,54746
10,6,Mohawk Valley,49-3093,Tire Repairers and Changers,50,40299,39153,33792,43552
10,6,Mohawk Valley,49-9012,"Control and Valve Installers and Repairers, Except Mechanical Door",90,90951,103866,62096,105378
10,6,Mohawk Valley,49-9021,"Heating, Air Conditioning, and Refrigeration Mechanics and Installers",400,61784,60931,43844,70755
10,6,Mohawk Valley,49-9031,Home Appliance Repairers,50,56321,54240,37285,65840
10,6,Mohawk Valley,49-9041,Industrial Machinery Mechanics,500,65332,63359,49119,73439
10,6,Mohawk Valley,49-9043,"Maintenance Workers, Machinery",100,60391,61026,48215,66478
10,6,Mohawk Valley,49-9051,Electrical Power-Line Installers and Repairers,150,110408,107763,82077,124573
10,6,Mohawk Valley,49-9052,Telecommunications Line Installers and Repairers,170,85298,91896,53638,101128
10,6,Mohawk Valley,49-9062,Medical Equipment Repairers,,58499,55940,45157,65169
10,6,Mohawk Valley,49-9071,"Maintenance and Repair Workers, General",2520,52066,49474,37761,59218
10,6,Mohawk Valley,49-9094,Locksmiths and Safe Repairers,,56832,57091,40939,64779
10,6,Mohawk Valley,49-9095,Manufactured Building and Mobile Home Installers,,46911,45776,40256,50239
10,6,Mohawk Valley,49-9098,"Helpers--Installation, Maintenance, and Repair Workers",100,41170,38915,33802,44853
10,6,Mohawk Valley,49-9099,"Installation, Maintenance, and Repair Workers, All Other",120,50102,47884,37294,56507
10,6,Mohawk Valley,51-0000,Production Occupations,11420,49193,44917,35367,56106
10,6,Mohawk Valley,51-1011,First-Line Supervisors of Production and Operating Workers,830,73705,71767,51710,84702
10,6,Mohawk Valley,51-2021,"Coil Winders, Tapers, and Finishers",70,49069,50191,37141,55033
10,6,Mohawk Valley,51-2028,"Electrical, electronic, and electromechanical assemblers, except coil winders, tapers, and finishers?(OES-specific code and title)",690,41629,38631,34132,45377
10,6,Mohawk Valley,51-2090,Miscellaneous Assemblers and Fabricators,1540,42432,40881,34429,46434
10,6,Mohawk Valley,51-3011,Bakers,270,38643,36523,32524,41702
10,6,Mohawk Valley,51-3021,Butchers and Meat Cutters,120,47565,50111,36587,53054
10,6,Mohawk Valley,51-3022,"Meat, Poultry, and Fish Cutters and Trimmers",60,37262,35724,32240,39888
10,6,Mohawk Valley,51-3092,Food Batchmakers,170,41272,38672,34720,44548
10,6,Mohawk Valley,51-4021,"Extruding and Drawing Machine Setters, Operators, and Tenders, Metal and Plastic",280,48213,49801,38496,53072
10,6,Mohawk Valley,51-4023,"Rolling Machine Setters, Operators, and Tenders, Metal and Plastic",140,63470,60511,49123,70643
10,6,Mohawk Valley,51-4031,"Cutting, Punching, and Press Machine Setters, Operators, and Tenders, Metal and Plastic",180,44501,41713,35621,48940
10,6,Mohawk Valley,51-4033,"Grinding, Lapping, Polishing, and Buffing Machine Tool Setters, Operators, and Tenders, Metal and Plastic",270,49975,42605,39298,55314
10,6,Mohawk Valley,51-4034,"Lathe and Turning Machine Tool Setters, Operators, and Tenders, Metal and Plastic",,45456,46083,34275,51046
10,6,Mohawk Valley,51-4041,Machinists,370,54696,51834,39546,62270
10,6,Mohawk Valley,51-4051,Metal-Refining Furnace Operators and Tenders,240,66151,72842,49497,74478
10,6,Mohawk Valley,51-4072,"Molding, Coremaking, and Casting Machine Setters, Operators, and Tenders, Metal and Plastic",190,49727,46108,35611,56786
10,6,Mohawk Valley,51-4081,"Multiple Machine Tool Setters, Operators, and Tenders, Metal and Plastic",330,52591,48171,40060,58857
10,6,Mohawk Valley,51-4111,Tool and Die Makers,60,60356,59436,46810,67128
10,6,Mohawk Valley,51-4121,"Welders, Cutters, Solderers, and Brazers",350,53453,51255,40449,59956
10,6,Mohawk Valley,51-4191,"Heat Treating Equipment Setters, Operators, and Tenders, Metal and Plastic",,49236,51750,40878,53415
10,6,Mohawk Valley,51-4193,"Plating and Coating Machine Setters, Operators, and Tenders, Metal and Plastic",100,42130,38819,35614,45388
10,6,Mohawk Valley,51-5111,Prepress Technician and Workers,,39681,37337,34710,42165
10,6,Mohawk Valley,51-5112,Printing Press Operators,290,43984,43278,35956,47998
10,6,Mohawk Valley,51-5113,Print Binding and Finishing Workers,,40873,39976,34811,43902
10,6,Mohawk Valley,51-6011,Laundry and Dry-Cleaning Workers,380,35129,32723,32240,36577
10,6,Mohawk Valley,51-6021,"Pressers, Textile, Garment, and Related Materials",,34443,32989,32543,35393
10,6,Mohawk Valley,51-6031,Sewing Machine Operators,150,37706,35747,33377,39869
10,6,Mohawk Valley,51-6041,Shoe and Leather Workers and Repairers,,40019,37379,36692,41683
10,6,Mohawk Valley,51-6061,Textile Bleaching and Dyeing Machine Operators and Tenders,,50425,39516,35077,58099
10,6,Mohawk Valley,51-6062,"Textile Cutting Machine Setters, Operators, and Tenders",,45020,40149,35315,49872
10,6,Mohawk Valley,51-6063,"Textile Knitting and Weaving Machine Setters, Operators, and Tenders",,40357,38746,35734,42668
10,6,Mohawk Valley,51-6064,"Textile Winding, Twisting, and Drawing Out Machine Setters, Operators, and Tenders",,34962,34295,32240,36437
10,6,Mohawk Valley,51-7011,Cabinetmakers and Bench Carpenters,60,51652,46528,40523,57215
10,6,Mohawk Valley,51-7041,"Sawing Machine Setters, Operators, and Tenders, Wood",70,42636,40010,36876,45516
10,6,Mohawk Valley,51-7042,"Woodworking Machine Setters, Operators, and Tenders, Except Sawing",100,38813,35646,35219,40610
10,6,Mohawk Valley,51-8021,Stationary Engineers and Boiler Operators,80,70003,66352,53828,78090
10,6,Mohawk Valley,51-8031,Water and Wastewater Treatment Plant and System Operators,280,56614,53466,42626,63608
10,6,Mohawk Valley,51-9011,Chemical Equipment Operators and Tenders,90,55071,53744,43663,60775
10,6,Mohawk Valley,51-9012,"Separating, Filtering, Clarifying, Precipitating, and Still Machine Setters, Operators, and Tenders",140,50215,51003,42439,54103
10,6,Mohawk Valley,51-9021,"Crushing, Grinding, and Polishing Machine Setters, Operators, and Tenders",,49154,46625,40226,53618
10,6,Mohawk Valley,51-9022,"Grinding and Polishing Workers, Hand",,40895,38519,38056,42314
10,6,Mohawk Valley,51-9023,"Mixing and Blending Machine Setters, Operators, and Tenders",110,47727,48686,37346,52918
10,6,Mohawk Valley,51-9051,"Furnace, Kiln, Oven, Drier, and Kettle Operators and Tenders",,52577,51497,44780,56477
10,6,Mohawk Valley,51-9061,"Inspectors, Testers, Sorters, Samplers, and Weighers",640,51868,49460,38523,58541
10,6,Mohawk Valley,51-9081,Dental Laboratory Technicians,60,51371,47098,36572,58770
10,6,Mohawk Valley,51-9111,Packaging and Filling Machine Operators and Tenders,460,41630,38602,36010,44440
10,6,Mohawk Valley,51-9123,"Painting, Coating, and Decorating Workers",,46586,42555,37746,51006
10,6,Mohawk Valley,51-9124,"Coating, Painting, and Spraying Machine Setters, Operators, and Tenders",180,46368,44325,36315,51393
10,6,Mohawk Valley,51-9161,Computer Numerically Controlled Tool Operators,280,49336,47671,38217,54896
10,6,Mohawk Valley,51-9162,Computer Numerically Controlled Tool Programmers,60,64875,63262,49656,72485
10,6,Mohawk Valley,51-9195,"Molders, Shapers, and Casters, Except Metal and Plastic",90,41887,36125,35338,45162
10,6,Mohawk Valley,51-9196,"Paper Goods Machine Setters, Operators, and Tenders",90,50241,51285,37332,56695
10,6,Mohawk Valley,51-9198,Helpers--Production Workers,160,38190,36847,32240,41182
10,6,Mohawk Valley,51-9199,"Production Workers, All Other",220,41503,38785,32429,46039
10,6,Mohawk Valley,53-0000,Transportation and Material Moving Occupations,16880,48394,47279,35489,54846
10,6,Mohawk Valley,53-1047,"First-Line Supervisors of Transportation and Material Moving Workers, Except Aircraft Cargo Handling Supervisors",650,62793,61837,43849,72265
10,6,Mohawk Valley,53-3011,"Ambulance Drivers and Attendants, Except Emergency Medical Technicians",,37847,34908,32240,40792
10,6,Mohawk Valley,53-3031,Driver/Sales Workers,540,41914,39455,32240,46804
10,6,Mohawk Valley,53-3032,Heavy and Tractor-Trailer Truck Drivers,2410,58332,56753,45136,64930
10,6,Mohawk Valley,53-3033,Light Truck or Delivery Services Drivers,1210,43960,41784,34074,48904
10,6,Mohawk Valley,53-3051,"Bus Drivers, School",950,51859,49732,44466,55554
10,6,Mohawk Valley,53-3052,"Bus Drivers, Transit and Intercity",170,44920,46608,36324,49218
10,6,Mohawk Valley,53-3053,Shuttle Drivers and Chauffeurs,270,37160,35132,32240,39730
10,6,Mohawk Valley,53-3099,"Motor Vehicle Operators, All Other",,41305,37852,32974,45471
10,6,Mohawk Valley,53-6021,Parking Lot Attendants,50,37088,37213,32240,39627
10,6,Mohawk Valley,53-6031,Automotive and Watercraft Service Attendants,100,37416,36547,32240,40008
10,6,Mohawk Valley,53-6051,Transportation Inspectors,,70971,66254,56585,78164
10,6,Mohawk Valley,53-7011,Conveyor Operators and Tenders,60,42891,43701,37439,45618
10,6,Mohawk Valley,53-7021,Crane and Tower Operators,50,98340,98507,46334,124344
10,6,Mohawk Valley,53-7051,Industrial Truck and Tractor Operators,1070,56045,52994,43645,62244
10,6,Mohawk Valley,53-7061,Cleaners of Vehicles and Equipment,350,37707,35532,32338,40392
10,6,Mohawk Valley,53-7062,"Laborers and Freight, Stock, and Material Movers, Hand",3760,47196,48421,36693,52449
10,6,Mohawk Valley,53-7063,Machine Feeders and Offbearers,110,47870,51717,37435,53087
10,6,Mohawk Valley,53-7064,"Packers and Packagers, Hand",360,40335,39911,32786,44110
10,6,Mohawk Valley,53-7065,Stockers and Order Fillers,4490,43583,39560,34171,48289
10,6,Mohawk Valley,53-7081,Refuse and Recyclable Material Collectors,80,48110,40301,35419,54455
10,7,New York City,00-0000,"Total, All Occupations",4530570,93949,64590,39524,121161
10,7,New York City,11-0000,Management Occupations,353740,211409,176505,99062,267583
10,7,New York City,11-1011,Chief Executives,3990,412772,,171184,533566
10,7,New York City,11-1021,General and Operations Managers,100740,202859,162955,81380,263598
10,7,New York City,11-1031,Legislators,,127288,155947,68956,156454
10,7,New York City,11-2011,Advertising and Promotions Managers,3160,239842,217553,136869,291328
10,7,New York City,11-2021,Marketing Managers,35010,208111,180781,118734,252800
10,7,New York City,11-2022,Sales Managers,23440,281861,231257,149655,347964
10,7,New York City,11-2032,Public Relations Managers,5600,230103,197516,133621,278343
10,7,New York City,11-2033,Fundraising Managers,2870,190368,176014,119210,225947
10,7,New York City,11-3012,Administrative Services Managers,7780,168267,144090,98519,203141
10,7,New York City,11-3013,Facilities Managers,4420,157026,138426,91858,189612
10,7,New York City,11-3021,Computer and Information Systems Managers,26410,245840,222692,158559,289481
10,7,New York City,11-3031,Financial Managers,45180,275066,232899,156550,334324
10,7,New York City,11-3051,Industrial Production Managers,900,158448,142499,96842,189251
10,7,New York City,11-3061,Purchasing Managers,3280,202221,174939,128333,239165
10,7,New York City,11-3071,"Transportation, Storage, and Distribution Managers",2190,154894,132350,91665,186508
10,7,New York City,11-3111,Compensation and Benefits Managers,1100,210706,188291,135551,248283
10,7,New York City,11-3121,Human Resources Managers,10750,210415,186458,121296,254976
10,7,New York City,11-3131,Training and Development Managers,2010,199175,194867,123331,237096
10,7,New York City,11-9013,"Farmers, Ranchers, and Other Agricultural Managers",,128979,141470,87199,149868
10,7,New York City,11-9021,Construction Managers,4200,170269,160625,94257,208274
10,7,New York City,11-9031,"Education Administrators, Preschool and Childcare Center/Program",1760,104218,94828,65455,123600
10,7,New York City,11-9032,"Education Administrators, Elementary and Secondary School",8090,153834,155921,101109,180198
10,7,New York City,11-9033,"Education Administrators, Postsecondary",3580,165758,142984,106943,195166
10,7,New York City,11-9039,"Education Administrators, All Other",1800,114627,97468,69209,137336
10,7,New York City,11-9041,Architectural and Engineering Managers,2830,200894,181195,138619,232032
10,7,New York City,11-9051,Food Service Managers,5950,97340,83075,65598,113211
10,7,New York City,11-9072,"Entertainment and Recreation Managers, Except Gambling",,119759,117084,66452,146413
10,7,New York City,11-9081,Lodging Managers,1340,100607,79703,56996,122413
10,7,New York City,11-9111,Medical and Health Services Managers,15260,188006,165314,109696,227162
10,7,New York City,11-9121,Natural Sciences Managers,2430,135627,105860,62370,172255
10,7,New York City,11-9141,"Property, Real Estate, and Community Association Managers",8490,108238,80971,65532,129591
10,7,New York City,11-9151,Social and Community Service Managers,8550,112467,102308,74704,131350
10,7,New York City,11-9161,Emergency Management Directors,,104650,78099,69782,122084
10,7,New York City,11-9179,"Personal Service Managers, All Other",,89695,83837,42483,113301
10,7,New York City,11-9199,"Managers, All Other",9760,189989,174490,106436,231764
10,7,New York City,13-0000,Business and Financial Operations Occupations,413910,128937,107656,69721,158544
10,7,New York City,13-1011,"Agents and Business Managers of Artists, Performers, and Athletes",2170,173708,95463,60236,230445
10,7,New York City,13-1020,Buyers and Purchasing Agents,15230,93957,83708,58153,111860
10,7,New York City,13-1031,"Claims Adjusters, Examiners, and Investigators",5000,99042,97549,66224,115452
10,7,New York City,13-1032,"Insurance Appraisers, Auto Damage",,83518,88462,65862,92347
10,7,New York City,13-1041,Compliance Officers,10820,99013,95050,63747,116646
10,7,New York City,13-1051,Cost Estimators,3150,107913,95111,64578,129582
10,7,New York City,13-1071,Human Resources Specialists,29130,100340,88092,60188,120416
10,7,New York City,13-1075,Labor Relations Specialists,3460,117499,98896,71231,140634
10,7,New York City,13-1081,Logisticians,2890,101911,90923,63177,121279
10,7,New York City,13-1082,Project Management Specialists,36410,131829,125066,82382,156552
10,7,New York City,13-1111,Management Analysts,41790,135365,123175,78101,163997
10,7,New York City,13-1121,"Meeting, Convention, and Event Planners",7090,95839,81931,54131,116692
10,7,New York City,13-1131,Fundraisers,6340,88277,80984,59035,102898
10,7,New York City,13-1141,"Compensation, Benefits, and Job Analysis Specialists",5410,98073,89267,66948,113636
10,7,New York City,13-1151,Training and Development Specialists,12200,86592,80620,46607,106585
10,7,New York City,13-1161,Market Research Analysts and Marketing Specialists,50290,108043,101562,65875,129127
10,7,New York City,13-1199,"Business Operations Specialists, All Other",15840,102634,92603,57346,125278
10,7,New York City,13-2011,Accountants and Auditors,62560,128879,111281,77324,154656
10,7,New York City,13-2020,Appraisers and Assessors of Real Estate,1160,97202,81335,59496,116055
10,7,New York City,13-2031,Budget Analysts,1180,100189,96217,70403,115081
10,7,New York City,13-2041,Credit Analysts,6070,160868,149176,92138,195233
10,7,New York City,13-2051,Financial Analysts,38410,157559,132330,92740,189968
10,7,New York City,13-2052,Personal Financial Advisors,20940,241989,175728,92443,316762
10,7,New York City,13-2053,Insurance Underwriters,3220,108064,93838,61321,131436
10,7,New York City,13-2054,Financial Risk Specialists,8820,167247,155382,102591,199575
10,7,New York City,13-2061,Financial Examiners,8260,152232,142484,91082,182807
10,7,New York City,13-2071,Credit Counselors,700,76196,71679,55137,86726
10,7,New York City,13-2072,Loan Officers,5580,138736,113688,66547,174830
10,7,New York City,13-2081,"Tax Examiners and Collectors, and Revenue Agents",670,108192,109954,69570,127502
10,7,New York City,13-2082,Tax Preparers,4000,86114,81955,55300,101521
10,7,New York City,13-2099,"Financial Specialists, All Other",5040,191709,146138,87248,243940
10,7,New York City,15-0000,Computer and Mathematical Occupations,178890,145701,137603,78232,179437
10,7,New York City,15-1211,Computer Systems Analysts,10560,132223,130692,84085,156292
10,7,New York City,15-1212,Information Security Analysts,5740,154821,144405,96557,183953
10,7,New York City,15-1221,Computer and Information Research Scientists,520,235483,214138,147823,279313
10,7,New York City,15-1231,Computer Network Support Specialists,2470,96941,89313,66150,112336
10,7,New York City,15-1232,Computer User Support Specialists,20090,78092,75545,49079,92599
10,7,New York City,15-1241,Computer Network Architects,5150,159674,157636,104839,187091
10,7,New York City,15-1242,Database Administrators,1930,128618,121928,76797,154528
10,7,New York City,15-1243,Database Architects,2680,149048,141024,96102,175521
10,7,New York City,15-1244,Network and Computer Systems Administrators,9760,126257,121375,83370,147701
10,7,New York City,15-1251,Computer Programmers,2760,135896,129363,80189,163750
10,7,New York City,15-1252,Software Developers,70650,177156,172412,113629,208921
10,7,New York City,15-1253,Software Quality Assurance Analysts and Testers,7060,132881,130983,80399,159121
10,7,New York City,15-1254,Web Developers,4050,85327,69229,40657,107662
10,7,New York City,15-1255,Web and Digital Interface Designers,10270,134376,132537,71721,165703
10,7,New York City,15-1299,"Computer Occupations, All Other",5210,129903,126911,67174,161268
10,7,New York City,15-2011,Actuaries,1920,167437,152876,94227,204042
10,7,New York City,15-2021,Mathematicians,,101529,89044,83121,110734
10,7,New York City,15-2031,Operations Research Analysts,3760,131598,131936,71825,161484
10,7,New York City,15-2041,Statisticians,680,160638,173390,91789,195063
10,7,New York City,15-2051,Data Scientists,13490,146207,134454,81586,178517
10,7,New York City,15-2099,"Mathematical Science Occupations, All Other",,138421,136524,62236,176514
10,7,New York City,17-0000,Architecture and Engineering Occupations,33890,112735,101701,69754,134225
10,7,New York City,17-1011,"Architects, Except Landscape and Naval",7720,116141,101795,70599,138912
10,7,New York City,17-1012,Landscape Architects,470,108027,96917,71315,126383
10,7,New York City,17-1021,Cartographers and Photogrammetrists,,95515,83155,76009,105268
10,7,New York City,17-1022,Surveyors,480,93231,83110,62722,108485
10,7,New York City,17-2011,Aerospace Engineers,,137229,128669,110727,150479
10,7,New York City,17-2031,Biomedical Engineers,300,128657,117246,88778,148597
10,7,New York City,17-2041,Chemical Engineers,,127247,144788,86087,147826
10,7,New York City,17-2051,Civil Engineers,7640,125681,108818,81589,147728
10,7,New York City,17-2061,Computer Hardware Engineers,510,150484,140030,92227,179611
10,7,New York City,17-2071,Electrical Engineers,2050,127285,123901,83239,149307
10,7,New York City,17-2072,"Electronics Engineers, Except Computer",360,131415,124212,94916,149665
10,7,New York City,17-2081,Environmental Engineers,730,117405,106490,72812,139702
10,7,New York City,17-2111,"Health and Safety Engineers, Except Mining Safety Engineers and Inspectors",560,131451,126660,87101,153627
10,7,New York City,17-2112,Industrial Engineers,1200,123159,118254,81569,143953
10,7,New York City,17-2121,Marine Engineers and Naval Architects,,122187,112000,110635,127963
10,7,New York City,17-2131,Materials Engineers,,154454,162499,125218,169070
10,7,New York City,17-2141,Mechanical Engineers,1760,129273,114292,85950,150934
10,7,New York City,17-2199,"Engineers, All Other",1160,121170,115416,75909,143800
10,7,New York City,17-3011,Architectural and Civil Drafters,4810,82017,77285,59476,93287
10,7,New York City,17-3012,Electrical and Electronics Drafters,540,118705,119664,78099,139007
10,7,New York City,17-3013,Mechanical Drafters,460,83972,77832,60833,95541
10,7,New York City,17-3019,"Drafters, All Other",290,80223,72227,58857,90905
10,7,New York City,17-3022,Civil Engineering Technicians,,73785,71890,48908,86224
10,7,New York City,17-3023,Electrical and Electronic Engineering Technicians,640,95734,86828,65510,110846
10,7,New York City,17-3025,Environmental Engineering Technicians,280,64393,63788,54679,69249
10,7,New York City,17-3026,Industrial Engineering Technicians,,75634,73278,55950,85477
10,7,New York City,17-3027,Mechanical Engineering Technicians,,73942,65740,44271,88778
10,7,New York City,17-3028,Calibration Technologists and Technicians,,63716,59289,47775,71686
10,7,New York City,17-3029,"Engineering Technicians, Except Drafters, All Other",320,71656,73802,54776,80095
10,7,New York City,17-3031,Surveying and Mapping Technicians,460,71792,63476,51925,81726
10,7,New York City,19-0000,"Life, Physical, and Social Science Occupations",32810,100952,85530,59953,121452
10,7,New York City,19-1012,Food Scientists and Technologists,,108959,102514,77487,124695
10,7,New York City,19-1013,Soil and Plant Scientists,,89229,88624,65664,101011
10,7,New York City,19-1021,Biochemists and Biophysicists,750,97804,98005,72487,110462
10,7,New York City,19-1022,Microbiologists,390,100434,90569,68561,116371
10,7,New York City,19-1029,"Biological Scientists, All Other",840,123153,111933,76449,146506
10,7,New York City,19-1031,Conservation Scientists,,92615,76672,48629,114608
10,7,New York City,19-1032,Foresters,,71525,68442,68404,73087
10,7,New York City,19-1041,Epidemiologists,250,105291,86751,76287,119792
10,7,New York City,19-1042,"Medical Scientists, Except Epidemiologists",5460,105438,87258,69221,123546
10,7,New York City,19-1099,"Life Scientists, All Other",,89578,77231,62778,102978
10,7,New York City,19-2012,Physicists,320,172914,170677,76263,221239
10,7,New York City,19-2021,Atmospheric and Space Scientists,,187543,71767,58796,251916
10,7,New York City,19-2031,Chemists,1190,107462,89572,67872,127258
10,7,New York City,19-2032,Materials Scientists,,133548,128896,112818,143913
10,7,New York City,19-2041,"Environmental Scientists and Specialists, Including Health",840,102004,87452,64370,120822
10,7,New York City,19-2042,"Geoscientists, Except Hydrologists and Geographers",,96726,86550,73206,108486
10,7,New York City,19-2043,Hydrologists,,80656,82952,64067,88950
10,7,New York City,19-2099,"Physical Scientists, All Other",480,143275,144754,105047,162389
10,7,New York City,19-3011,Economists,620,195704,181862,96645,245233
10,7,New York City,19-3022,Survey Researchers,,86584,85260,49079,105336
10,7,New York City,19-3033,Clinical and Counseling Psychologists,3550,118094,102636,69775,142253
10,7,New York City,19-3034,School Psychologists,2710,115313,105269,79426,133256
10,7,New York City,19-3039,"Psychologists, All Other",370,105414,87541,60401,127922
10,7,New York City,19-3041,Sociologists,,122083,133716,95759,135245
10,7,New York City,19-3051,Urban and Regional Planners,590,103739,101949,78088,116564
10,7,New York City,19-3091,Anthropologists and Archeologists,,71544,54710,45370,84630
10,7,New York City,19-3093,Historians,,100310,85370,58636,121146
10,7,New York City,19-3099,"Social Scientists and Related Workers, All Other",2180,106828,105704,76631,121927
10,7,New York City,19-4013,Food Science Technicians,,62035,59658,51918,67095
10,7,New York City,19-4021,Biological Technicians,1120,57323,52747,42578,64695
10,7,New York City,19-4031,Chemical Technicians,320,62574,61214,44608,71556
10,7,New York City,19-4042,"Environmental Science and Protection Technicians, Including Health",790,74611,64724,47195,88320
10,7,New York City,19-4051,Nuclear Technicians,,79501,63614,57641,90431
10,7,New York City,19-4061,Social Science Research Assistants,1960,71551,64378,42642,86007
10,7,New York City,19-4092,Forensic Science Technicians,670,82576,80293,60900,93414
10,7,New York City,19-4099,"Life, Physical, and Social Science Technicians, All Other",2910,70294,68873,51125,79878
10,7,New York City,19-5011,Occupational Health and Safety Specialists,1810,98990,90827,60108,118431
10,7,New York City,19-5012,Occupational Health and Safety Technicians,730,73143,76090,57600,80914
10,7,New York City,21-0000,Community and Social Service Occupations,96110,74001,65307,46586,87709
10,7,New York City,21-1012,"Educational, Guidance, School, and Vocational Counselors",9640,83294,77173,52446,98717
10,7,New York City,21-1013,Marriage and Family Therapists,400,67502,71908,50574,75966
10,7,New York City,21-1015,Rehabilitation Counselors,920,58278,56229,42328,66253
10,7,New York City,21-1018,"Substance abuse, behavioral disorder, and mental health counselors?(OES-specific code and title)",9880,75740,66527,50021,88599
10,7,New York City,21-1019,"Counselors, All Other",270,67501,61161,44252,79126
10,7,New York City,21-1021,"Child, Family, and School Social Workers",12300,79947,67207,54828,92508
10,7,New York City,21-1022,Healthcare Social Workers,11740,80348,78921,54487,93278
10,7,New York City,21-1023,Mental Health and Substance Abuse Social Workers,7010,105303,86650,61866,127021
10,7,New York City,21-1029,"Social Workers, All Other",1270,79060,67355,61223,87979
10,7,New York City,21-1091,Health Educators,1920,68463,62103,48919,78236
10,7,New York City,21-1092,Probation Officers and Correctional Treatment Specialists,1150,76059,77130,54172,87003
10,7,New York City,21-1093,Social and Human Service Assistants,19000,51143,47683,38487,57472
10,7,New York City,21-1094,Community Health Workers,3600,66717,60879,48971,75590
10,7,New York City,21-1099,"Community and Social Service Specialists, All Other",10410,70146,65307,54224,78108
10,7,New York City,21-2011,Clergy,4070,84479,61020,41150,106143
10,7,New York City,21-2021,"Directors, Religious Activities and Education",2040,80466,59629,41841,99779
10,7,New York City,21-2099,"Religious Workers, All Other",490,57033,60703,39884,65608
10,7,New York City,23-0000,Legal Occupations,81060,201401,171795,79413,262394
10,7,New York City,23-1011,Lawyers,62470,235045,216983,107624,298757
10,7,New York City,23-1012,Judicial Law Clerks,,101752,85926,58534,123361
10,7,New York City,23-1021,"Administrative Law Judges, Adjudicators, and Hearing Officers",760,129599,131993,104922,141937
10,7,New York City,23-1022,"Arbitrators, Mediators, and Conciliators",330,95039,85191,75056,105030
10,7,New York City,23-1023,"Judges, Magistrate Judges, and Magistrates",350,201055,201522,178367,212398
10,7,New York City,23-2011,Paralegals and Legal Assistants,15620,83562,77917,56591,97047
10,7,New York City,23-2093,"Title Examiners, Abstractors, and Searchers",360,79122,75398,52928,92220
10,7,New York City,23-2099,"Legal Support Workers, All Other",1020,91469,80815,54714,109846
10,7,New York City,25-0000,"Education, Training, and Library Occupations",292150,95452,80892,42386,121986
10,7,New York City,25-1011,"Business Teachers, Postsecondary",4420,171867,165919,83566,216018
10,7,New York City,25-1021,"Computer Science Teachers, Postsecondary",1410,130852,128102,72050,160254
10,7,New York City,25-1022,"Mathematical Science Teachers, Postsecondary",1890,146882,136317,83602,178522
10,7,New York City,25-1031,"Architecture Teachers, Postsecondary",1220,158613,132299,118489,178674
10,7,New York City,25-1032,"Engineering Teachers, Postsecondary",1760,144758,129436,77114,178580
10,7,New York City,25-1042,"Biological Science Teachers, Postsecondary",1540,147158,131127,80976,180248
10,7,New York City,25-1051,"Atmospheric, Earth, Marine, and Space Sciences Teachers, Postsecondary",840,159258,177042,87610,195083
10,7,New York City,25-1052,"Chemistry Teachers, Postsecondary",770,142108,129030,84503,170911
10,7,New York City,25-1054,"Physics Teachers, Postsecondary",460,148287,137993,89123,177869
10,7,New York City,25-1061,"Anthropology and Archeology Teachers, Postsecondary",300,147516,137356,84881,178834
10,7,New York City,25-1062,"Area, Ethnic, and Cultural Studies Teachers, Postsecondary",980,126396,107739,80509,149340
10,7,New York City,25-1063,"Economics Teachers, Postsecondary",660,175167,176834,98887,213306
10,7,New York City,25-1066,"Psychology Teachers, Postsecondary",2210,132977,111185,78181,160375
10,7,New York City,25-1067,"Sociology Teachers, Postsecondary",630,146386,133209,84394,177383
10,7,New York City,25-1069,"Social Sciences Teachers, Postsecondary, All Other",1070,149345,136595,79281,184378
10,7,New York City,25-1071,"Health Specialties Teachers, Postsecondary",11110,159410,139098,87972,195129
10,7,New York City,25-1072,"Nursing Instructors and Teachers, Postsecondary",2000,125707,123162,71481,152819
10,7,New York City,25-1081,"Education Teachers, Postsecondary",2320,126408,105667,68838,155192
10,7,New York City,25-1082,"Library Science Teachers, Postsecondary",,88003,93765,60487,101762
10,7,New York City,25-1111,"Criminal Justice and Law Enforcement Teachers, Postsecondary",420,121385,99121,63964,150094
10,7,New York City,25-1112,"Law Teachers, Postsecondary",1690,174087,142109,84381,218940
10,7,New York City,25-1113,"Social Work Teachers, Postsecondary",1040,117462,109230,84763,133810
10,7,New York City,25-1121,"Art, Drama, and Music Teachers, Postsecondary",10620,178175,167551,80455,227036
10,7,New York City,25-1122,"Communications Teachers, Postsecondary",1190,147321,133296,78691,181636
10,7,New York City,25-1123,"English Language and Literature Teachers, Postsecondary",3060,151245,130588,80886,186424
10,7,New York City,25-1124,"Foreign Language and Literature Teachers, Postsecondary",710,139652,114220,76644,171156
10,7,New York City,25-1125,"History Teachers, Postsecondary",800,140277,131284,80601,170116
10,7,New York City,25-1126,"Philosophy and Religion Teachers, Postsecondary",870,123984,103081,64249,153852
10,7,New York City,25-1193,"Recreation and Fitness Studies Teachers, Postsecondary",,143672,128818,80230,175395
10,7,New York City,25-1194,"Vocational Education Teachers, Postsecondary",2260,94136,85460,57872,112267
10,7,New York City,25-1199,"Postsecondary Teachers, All Other",1430,150694,181669,72411,189837
10,7,New York City,25-2011,"Preschool Teachers, Except Special Education",11630,53546,49458,38040,61299
10,7,New York City,25-2012,"Kindergarten Teachers, Except Special Education",2900,87497,76940,52271,105110
10,7,New York City,25-2021,"Elementary School Teachers, Except Special Education",42960,101018,100404,63641,119705
10,7,New York City,25-2022,"Middle School Teachers, Except Special and Career/Technical Education",12910,101381,101857,67380,118382
10,7,New York City,25-2023,"Career/Technical  Education Teachers, Middle School",410,83844,77909,46368,102582
10,7,New York City,25-2031,"Secondary School Teachers, Except Special and Career/Technical Education",29150,107842,105309,68176,127676
10,7,New York City,25-2032,"Career/Technical Education Teachers, Secondary School",1370,104241,103695,72520,120102
10,7,New York City,25-2051,"Special Education Teachers, Preschool",2300,141097,160867,88480,167405
10,7,New York City,25-2052,"Special Education Teachers, Kindergarten and Elementary School",7800,101108,100481,68866,117229
10,7,New York City,25-2057,"Special Education Teachers, Middle School",2290,105525,104590,71261,122657
10,7,New York City,25-2058,"Special Education Teachers, Secondary School",5670,106487,104148,70341,124561
10,7,New York City,25-2059,"Special Education Teachers, All Other",1770,127566,134927,69962,156368
10,7,New York City,25-3011,Adult Basic and Secondary Education and Literacy Teachers and Instructors,1280,96544,84806,57591,116022
10,7,New York City,25-3021,Self-Enrichment Education Teachers,17360,82391,67005,43431,101871
10,7,New York City,25-3031,"Substitute Teachers, Short-Term",9620,51866,44856,37643,58978
10,7,New York City,25-3041,Tutors,7630,64153,44162,35640,78411
10,7,New York City,25-3099,"Teachers and Instructors, All Other",1650,91795,85477,38104,118640
10,7,New York City,25-4011,Archivists,590,81889,76914,56685,94490
10,7,New York City,25-4012,Curators,750,116989,96770,60184,145393
10,7,New York City,25-4013,Museum Technicians and Conservators,740,77135,76838,50848,90278
10,7,New York City,25-4022,Librarians and Media Collections Specialists,4440,94010,84099,65571,108230
10,7,New York City,25-4031,Library Technicians,1600,55937,49232,43551,62130
10,7,New York City,25-9031,Instructional Coordinators,8550,90014,81432,57098,106471
10,7,New York City,25-9044,"Teaching Assistants, Postsecondary",5910,53539,48687,36972,61822
10,7,New York City,25-9045,"Teaching Assistants, Except Postsecondary",49820,41761,38326,34230,45873
10,7,New York City,25-9099,"Education, Training, and Library Workers, All Other",,59609,48939,34230,72330
10,7,New York City,27-0000,"Arts, Design, Entertainment, Sports, and Media Occupations",140720,122906,99002,58071,155324
10,7,New York City,27-1011,Art Directors,6920,165805,145507,93477,201970
10,7,New York City,27-1012,Craft Artists,,88440,81556,50389,107465
10,7,New York City,27-1013,"Fine Artists, Including Painters, Sculptors, and Illustrators",600,95987,83303,54074,116943
10,7,New York City,27-1014,Multimedia Artists and Animators,1520,117770,106355,67205,143052
10,7,New York City,27-1019,"Artists and Related Workers, All Other",,77521,56093,41463,95551
10,7,New York City,27-1021,Commercial and Industrial Designers,1030,105055,100140,69087,123037
10,7,New York City,27-1022,Fashion Designers,5610,110850,99246,64523,134014
10,7,New York City,27-1023,Floral Designers,740,49564,46025,39826,54434
10,7,New York City,27-1024,Graphic Designers,10690,89820,80885,59104,105179
10,7,New York City,27-1025,Interior Designers,3610,84892,79423,55685,99496
10,7,New York City,27-1026,Merchandise Displayers and Window Trimmers,3550,57094,51782,41294,64994
10,7,New York City,27-1029,"Designers, All Other",690,94204,83832,64213,109200
10,7,New York City,27-2012,Producers and Directors,25360,145116,111600,71378,181984
10,7,New York City,27-2021,Athletes and Sports Competitors,,232996,89253,82382,308302
10,7,New York City,27-2022,Coaches and Scouts,3300,72658,58604,40835,88570
10,7,New York City,27-2032,Choreographers,,117551,101060,47895,152379
10,7,New York City,27-2041,Music Directors and Composers,600,132993,104434,49951,174514
10,7,New York City,27-3011,Radio and Television Announcers,1330,241493,110196,47586,338448
10,7,New York City,27-3023,"News Analysts, Reporters, and Journalist",4430,340312,124730,71257,474839
10,7,New York City,27-3031,Public Relations Specialists,17290,101048,83810,57821,122660
10,7,New York City,27-3041,Editors,14750,122959,102877,67307,150786
10,7,New York City,27-3042,Technical Writers,1130,94687,92887,42570,120746
10,7,New York City,27-3043,Writers and Authors,4590,129008,90062,59423,163801
10,7,New York City,27-3091,Interpreters and Translators,2080,93367,91708,54017,113043
10,7,New York City,27-3092,Court Reporters and Simultaneous Captioners,570,113770,116068,81747,129781
10,7,New York City,27-3099,"Media and Communication Workers, All Other",770,97491,89340,60594,115941
10,7,New York City,27-4011,Audio and Video Equipment Technicians,5950,79973,76203,48369,95775
10,7,New York City,27-4012,Broadcast Technicians,1470,93505,94981,47333,116591
10,7,New York City,27-4014,Sound Engineering Technicians,1240,100740,96471,55131,123546
10,7,New York City,27-4015,Lighting Technicians,670,95825,88856,65634,110922
10,7,New York City,27-4021,Photographers,2230,81033,80449,41749,100676
10,7,New York City,27-4031,"Camera Operators, Television, Video, and Motion Picture",2780,97473,92404,61443,115489
10,7,New York City,27-4032,Film and Video Editors,3280,117485,105404,67357,142550
10,7,New York City,27-4099,"Media and Communication Equipment Workers, All Other",,96450,94829,56377,116486
10,7,New York City,29-0000,Healthcare Practitioners and Technical Occupations,254500,125989,110099,66562,155703
10,7,New York City,29-1011,Chiropractors,370,129399,107533,73542,157328
10,7,New York City,29-1021,"Dentists, General",3240,188733,176206,77029,244584
10,7,New York City,29-1022,Oral and Maxillofacial Surgeons,260,262519,216140,124261,331649
10,7,New York City,29-1023,Orthodontists,,237355,170917,63398,324333
10,7,New York City,29-1024,Prosthodontists,,214922,156049,156036,244364
10,7,New York City,29-1029,"Dentists, All Other Specialists",460,365131,,223576,
10,7,New York City,29-1031,Dietitians and Nutritionists,2310,86485,84308,64654,97402
10,7,New York City,29-1041,Optometrists,1070,163443,169778,127653,181339
10,7,New York City,29-1051,Pharmacists,9880,140342,139920,107079,156974
10,7,New York City,29-1071,Physician Assistants,8910,161685,167587,119625,182714
10,7,New York City,29-1081,Podiatrists,540,130362,110416,68567,161260
10,7,New York City,29-1123,Physical Therapists,5350,110694,105985,79568,126255
10,7,New York City,29-1124,Radiation Therapists,460,149916,133236,109218,170264
10,7,New York City,29-1125,Recreational Therapists,550,69179,65422,53598,76969
10,7,New York City,29-1126,Respiratory Therapists,2810,118852,112593,96519,130018
10,7,New York City,29-1127,Speech-Language Pathologists,6670,126651,133424,86404,146774
10,7,New York City,29-1128,Exercise Physiologists,,88983,79161,66534,100207
10,7,New York City,29-1129,"Therapists, All Other",460,78686,77167,61073,87493
10,7,New York City,29-1131,Veterinarians,850,164377,152516,82016,205559
10,7,New York City,29-1141,Registered Nurses,88230,121401,121261,92201,136000
10,7,New York City,29-1151,Nurse Anesthetists,420,262892,,187316,
10,7,New York City,29-1161,Nurse Midwives,,146380,142753,118103,160518
10,7,New York City,29-1171,Nurse Practitioners,8440,160427,159110,130322,175478
10,7,New York City,29-1181,Audiologists,,110211,105505,91354,119640
10,7,New York City,29-1211,Anesthesiologists,950,181105,100850,78163,232576
10,7,New York City,29-1212,Cardiologists,1090,331080,,122230,435506
10,7,New York City,29-1213,Dermatologists,650,291133,,109692,381853
10,7,New York City,29-1214,Emergency Medicine Physicians,2010,219289,229700,83065,287401
10,7,New York City,29-1215,Family Medicine Physicians,1170,217804,220626,111503,270954
10,7,New York City,29-1216,General Internal Medicine Physicians,6270,181865,106850,81051,232270
10,7,New York City,29-1217,Neurologists,620,210137,220657,88743,270834
10,7,New York City,29-1218,Obstetricians and Gynecologists,1540,260746,,107307,337465
10,7,New York City,29-1221,"Pediatricians, General",3470,174524,159794,94918,214327
10,7,New York City,29-1222,"Physicians, Pathologists",540,213416,221598,89366,275440
10,7,New York City,29-1223,Psychiatrists,2580,235007,232603,91228,306896
10,7,New York City,29-1224,Radiologists,1090,283470,221598,91546,379432
10,7,New York City,29-1229,"Physicians, All Other",5700,273555,240937,136349,342157
10,7,New York City,29-1241,"Ophthalmologists, Except Pediatric",380,354879,,107086,478776
10,7,New York City,29-1242,"Orthopedic Surgeons, Except Pediatric",860,242159,153414,84075,321200
10,7,New York City,29-1243,Pediatric Surgeons,,429474,,232520,
10,7,New York City,29-1249,"Surgeons, All Other",2570,234110,100486,84831,308749
10,7,New York City,29-1291,Acupuncturists,650,102858,100007,70084,119245
10,7,New York City,29-1292,Dental Hygienists,3190,104716,109836,79058,117544
10,7,New York City,29-1299,"Healthcare Diagnosing or Treating Practitioners, All Other",470,154755,162206,91617,186323
10,7,New York City,29-2010,Clinical Laboratory Technologists and Technicians,8940,92698,101321,53734,112179
10,7,New York City,29-2031,Cardiovascular Technologists and Technicians,1380,87373,81226,55582,103268
10,7,New York City,29-2032,Diagnostic Medical Sonographers,2970,107260,107138,89257,116261
10,7,New York City,29-2033,Nuclear Medicine Technologists,370,116977,115430,101603,124663
10,7,New York City,29-2034,Radiologic Technologists,5520,103006,103454,77542,115738
10,7,New York City,29-2035,Magnetic Resonance Imaging Technologists,1250,114564,116611,93294,125200
10,7,New York City,29-2036,Medical Dosimetrists,,168050,168924,140125,182012
10,7,New York City,29-2042,Emergency Medical Technicians,6590,56175,48577,42596,62964
10,7,New York City,29-2043,Paramedics,1740,77366,78417,66030,83034
10,7,New York City,29-2051,Dietetic Technicians,750,49274,48898,35260,56280
10,7,New York City,29-2052,Pharmacy Technicians,11250,48504,45091,36811,54351
10,7,New York City,29-2053,Psychiatric Technicians,960,60261,60760,48503,66140
10,7,New York City,29-2055,Surgical Technologists,2570,83219,83303,59744,94956
10,7,New York City,29-2056,Veterinary Technologists and Technicians,1430,67563,64540,53241,74724
10,7,New York City,29-2057,Ophthalmic Medical Technicians,2470,51303,48184,39561,57175
10,7,New York City,29-2061,Licensed Practical and Licensed Vocational Nurses,13850,74131,74713,60570,80913
10,7,New York City,29-2072,Medical Records Specialists,2650,68335,62785,46743,79131
10,7,New York City,29-2081,"Opticians, Dispensing",2130,65275,61057,54999,70413
10,7,New York City,29-2091,Orthotists and Prosthetists,,99040,91327,69148,113987
10,7,New York City,29-2092,Hearing Aid Specialists,,80806,65123,50429,95994
10,7,New York City,29-2099,"Health Technologists and Technicians, All Other",3770,67764,60209,47991,77650
10,7,New York City,29-9021,Health Information Technologists and Medical Registrars,760,84731,76932,53687,100252
10,7,New York City,29-9091,Athletic Trainers,300,86405,73785,59520,99848
10,7,New York City,29-9092,Genetic Counselors,,105862,105616,91511,113038
10,7,New York City,29-9093,Surgical Assistants,350,67860,60271,53650,74965
10,7,New York City,29-9099,"Healthcare Practitioners and Technical Workers, All Other",710,97473,89067,59601,116409
10,7,New York City,31-0000,Healthcare Support Occupations,535420,42607,39681,37146,45337
10,7,New York City,31-1120,Home Health & Personal Care Aides,454400,40839,39189,36991,42763
10,7,New York City,31-1131,Nursing Assistants,37060,51812,49831,45002,55217
10,7,New York City,31-1132,Orderlies,1920,49568,50485,42411,53147
10,7,New York City,31-1133,Psychiatric Aides,2140,53981,55158,46417,57764
10,7,New York City,31-2011,Occupational Therapy Assistants,900,71254,68453,51812,80975
10,7,New York City,31-2012,Occupational Therapy Aides,,44584,49205,34230,50722
10,7,New York City,31-2021,Physical Therapist Assistants,1160,68645,72570,47591,79171
10,7,New York City,31-2022,Physical Therapist Aides,1790,41189,36075,34230,45237
10,7,New York City,31-9011,Massage Therapists,2100,68693,58870,38551,83764
10,7,New York City,31-9091,Dental Assistants,7600,53129,48975,41418,58984
10,7,New York City,31-9092,Medical Assistants,16960,50933,48729,41696,55552
10,7,New York City,31-9093,Medical Equipment Preparers,2250,58467,61324,45076,65162
10,7,New York City,31-9094,Medical Transcriptionists,1380,47491,44416,41640,50416
10,7,New York City,31-9095,Pharmacy Aides,1180,41095,38209,36424,43431
10,7,New York City,31-9096,Veterinary Assistants and Laboratory Animal Caretakers,1430,48018,46469,41236,51409
10,7,New York City,31-9097,Phlebotomists,1570,56756,57081,47373,61447
10,7,New York City,31-9099,"Healthcare Support Workers, All Other",1480,58900,58517,43084,66808
10,7,New York City,33-0000,Protective Service Occupations,179450,66797,55943,38777,80806
10,7,New York City,33-1011,First-Line Supervisors of Correctional Officers,820,123170,123684,114798,127356
10,7,New York City,33-1012,First-Line Supervisors of Police and Detectives,7450,128968,126210,98773,144067
10,7,New York City,33-1021,First-Line Supervisors of Fire Fighting and Prevention Workers,2450,143398,134834,119090,155551
10,7,New York City,33-1091,First-Line Supervisors of Security Workers,4460,68463,60815,47611,78889
10,7,New York City,33-1099,"First-Line Supervisors of Protective Service Workers, All Other",950,92074,96768,68876,103673
10,7,New York City,33-2011,Firefighters,9920,93910,108240,68019,106856
10,7,New York City,33-2021,Fire Inspectors and Investigators,600,83626,78006,60471,95204
10,7,New York City,33-3011,Bailiffs,1820,83848,89925,65785,92881
10,7,New York City,33-3012,Correctional Officers and Jailers,8120,87367,94811,70252,95925
10,7,New York City,33-3031,Fish and Game Wardens,,67139,67434,60972,70223
10,7,New York City,33-3041,Parking Enforcement Workers,,51190,49414,42540,55516
10,7,New York City,33-3051,Police and Sheriff's Patrol Officers,31350,88291,108801,54323,105275
10,7,New York City,33-9021,Private Detectives and Investigators,950,76250,61545,55888,86431
10,7,New York City,33-9032,Security Guards,86700,47467,44153,37069,52666
10,7,New York City,33-9091,Crossing Guards,6170,47190,42898,38676,51446
10,7,New York City,33-9092,"Lifeguards, Ski Patrol, and Other Recreational Protective Service",2490,40405,38802,35305,42956
10,7,New York City,33-9093,Transportation Security Screeners,2330,68470,72431,53577,75916
10,7,New York City,33-9094,School Bus Monitors,7040,39973,38388,36289,41815
10,7,New York City,33-9099,"Protective Service Workers, All Other",1150,68906,61939,50998,77859
10,7,New York City,35-0000,Food Preparation and Serving Related Occupations,322450,48286,39428,34663,55097
10,7,New York City,35-1011,Chefs and Head Cooks,7870,73179,68442,46000,86769
10,7,New York City,35-1012,First-Line Supervisors of Food Preparation and Serving Workers,24060,56144,49922,40692,63870
10,7,New York City,35-2011,"Cooks, Fast Food",8920,36267,35152,34230,37750
10,7,New York City,35-2012,"Cooks, Institution and Cafeteria",6280,50834,48350,40136,56184
10,7,New York City,35-2014,"Cooks, Restaurant",29300,45927,45085,35798,50991
10,7,New York City,35-2015,"Cooks, Short Order",10900,39637,39300,34230,42473
10,7,New York City,35-2019,"Cooks, All Other",560,43915,44137,36530,47607
10,7,New York City,35-2021,Food Preparation Workers,24270,40886,38212,34425,44117
10,7,New York City,35-3011,Bartenders,18910,70769,71325,40950,85680
10,7,New York City,35-3023,Fast Food and Counter Workers,76270,38613,36765,34620,40611
10,7,New York City,35-3031,Waiters and Waitresses,67420,56311,49096,34230,67536
10,7,New York City,35-3041,"Food Servers, Nonrestaurant",5340,46532,46633,36272,51662
10,7,New York City,35-9011,Dining Room and Cafeteria Attendants and Bartender Helpers,18900,48143,38919,34281,55074
10,7,New York City,35-9021,Dishwashers,14800,39680,37247,34680,42180
10,7,New York City,35-9031,"Hosts and Hostesses, Restaurant, Lounge, and Coffee Shop",7900,44195,39502,34974,48805
10,7,New York City,35-9099,"Food Preparation and Serving Related Workers, All Other",730,40511,34270,34230,44307
10,7,New York City,37-0000,Building and Grounds Cleaning and Maintenance Occupations,134850,51509,48294,37115,58706
10,7,New York City,37-1011,First-Line Supervisors of Housekeeping and Janitorial Workers,5290,65408,64222,46075,75075
10,7,New York City,37-1012,"First-Line Supervisors of Landscaping, Lawn Service, and Groundskeeping Workers",980,83055,85217,61392,93885
10,7,New York City,37-2011,"Janitors and Cleaners, Except Maids and Housekeeping Cleaners",92880,48776,47178,36638,54845
10,7,New York City,37-2012,Maids and Housekeeping Cleaners,24680,57832,50323,38011,67742
10,7,New York City,37-2021,Pest Control Workers,1290,59356,60559,46318,65874
10,7,New York City,37-3011,Landscaping and Groundskeeping Workers,8150,50682,47475,38964,56541
10,7,New York City,37-3012,"Pesticide Handlers, Sprayers, and Applicators, Vegetation",,49426,50790,41297,53491
10,7,New York City,37-3013,Tree Trimmers and Pruners,,75979,78491,57260,85339
10,7,New York City,37-3019,"Grounds Maintenance Workers, All Other",1320,39818,39261,39222,40115
10,7,New York City,39-0000,Personal Care and Service Occupations,86810,48718,39552,34711,55721
10,7,New York City,39-1014,"First-Line Supervisors of Entertainment and Recreation Workers, Except Gambling Services",970,55934,51178,39130,64337
10,7,New York City,39-1022,First-Line Supervisors of Personal Service Workers,3810,66419,59211,46957,76150
10,7,New York City,39-2011,Animal Trainers,450,54323,46760,39576,61697
10,7,New York City,39-2021,Nonfarm Animal Caretakers,3160,42844,39114,36040,46246
10,7,New York City,39-3031,"Ushers, Lobby Attendants, and Ticket Takers",4770,41847,39486,35725,44907
10,7,New York City,39-3091,Amusement and Recreation Attendants,3070,41026,37904,35154,43961
10,7,New York City,39-3093,"Locker Room, Coatroom, and Dressing Room Attendants",970,42379,35680,34230,47174
10,7,New York City,39-3099,"Entertainment Attendants and Related Workers, All Other",,65484,61567,48443,74005
10,7,New York City,39-5011,Barbers,770,50596,39131,34230,59413
10,7,New York City,39-5012,"Hairdressers, Hairstylists, and Cosmetologists",9400,49178,35205,34230,57066
10,7,New York City,39-5091,"Makeup Artists, Theatrical and Performance",280,126801,102488,80687,149859
10,7,New York City,39-5092,Manicurists and Pedicurists,9630,35810,34981,34230,37380
10,7,New York City,39-5093,Shampooers,,34785,34803,34230,35739
10,7,New York City,39-5094,Skincare Specialists,1570,57657,47893,36365,68302
10,7,New York City,39-6011,Baggage Porters and Bellhops,3370,51038,48074,39197,56959
10,7,New York City,39-6012,Concierges,3900,56256,60230,41091,63839
10,7,New York City,39-7010,Tour and Travel Guides,1290,51161,40307,34396,59544
10,7,New York City,39-9011,Childcare Workers,17320,40709,38498,35684,43222
10,7,New York City,39-9031,Fitness Trainers and Aerobics Instructors,8940,66152,47770,35056,81701
10,7,New York City,39-9032,Recreation Workers,8090,45341,41325,36095,49965
10,7,New York City,39-9041,Residential Advisors,2050,48942,47489,39038,53894
10,7,New York City,39-9099,"Personal Care and Service Workers, All Other",650,57131,47795,37710,66842
10,7,New York City,41-0000,Sales and Related Occupations,343950,92322,57013,36674,120145
10,7,New York City,41-1011,First-Line Supervisors of Retail Sales Workers,19510,65880,60890,43845,76898
10,7,New York City,41-1012,First-Line Supervisors of Non-Retail Sales Workers,8090,136985,128103,82285,164335
10,7,New York City,41-2011,Cashiers,57720,40355,36944,34230,43464
10,7,New York City,41-2021,Counter and Rental Clerks,5890,50158,46057,38741,55867
10,7,New York City,41-2022,Parts Salespersons,840,51616,47996,36974,58938
10,7,New York City,41-2031,Retail Salespersons,93990,44912,38612,35735,49501
10,7,New York City,41-3011,Advertising Sales Agents,12760,118839,101938,61655,147432
10,7,New York City,41-3021,Insurance Sales Agents,7590,122570,82656,50777,158465
10,7,New York City,41-3031,"Securities, Commodities, and Financial Services Sales Agents",47980,217248,179863,98411,276666
10,7,New York City,41-3041,Travel Agents,1820,60674,58072,41259,70382
10,7,New York City,41-3091,"Sales Representatives of Services, Except Advertising, Insurance, Financial Services, and Travel",44930,117320,102516,57385,147287
10,7,New York City,41-4011,"Sales Representatives, Wholesale and Manufacturing, Technical and Scientific Products",2720,149693,147000,78985,185047
10,7,New York City,41-4012,"Sales Representatives, Wholesale and Manufacturing, Except Technical and Scientific Products",25790,92537,78734,49492,114059
10,7,New York City,41-9011,Demonstrators and Product Promoters,2550,48885,45301,36338,55159
10,7,New York City,41-9012,Models,1890,96993,92015,87007,101987
10,7,New York City,41-9021,Real Estate Brokers,460,134826,133734,68382,168049
10,7,New York City,41-9022,Real Estate Sales Agents,5920,112412,103445,53232,142001
10,7,New York City,41-9031,Sales Engineers,1660,172071,170366,117265,199476
10,7,New York City,41-9041,Telemarketers,690,44048,42174,36495,47824
10,7,New York City,41-9091,"Door-to-Door Sales Workers, News and Street Vendors, and Related Workers",,52235,46519,43587,56559
10,7,New York City,41-9099,"Sales and Related Workers, All Other",960,64124,45920,40273,76049
10,7,New York City,43-0000,Office and Administrative Support Occupations,508620,62529,56838,40558,73515
10,7,New York City,43-1011,First-Line Supervisors of Office and Administrative Support Workers,38710,89643,83134,61003,103963
10,7,New York City,43-2011,"Switchboard Operators, Including Answering Service",780,59770,55823,42752,68280
10,7,New York City,43-2021,Telephone Operators,,59864,57736,48961,65316
10,7,New York City,43-3011,Bill and Account Collectors,2740,59761,53283,43274,68005
10,7,New York City,43-3021,Billing and Posting Clerks,12400,63064,59218,45608,71792
10,7,New York City,43-3031,"Bookkeeping, Accounting, and Auditing Clerks",37350,63039,60924,43764,72676
10,7,New York City,43-3051,Payroll and Timekeeping Clerks,3430,69539,66214,49926,79346
10,7,New York City,43-3061,Procurement Clerks,1230,56249,56776,41620,63562
10,7,New York City,43-3071,Tellers,6450,47011,47422,39180,50927
10,7,New York City,43-3099,"Financial Clerks, All Other",780,62481,55129,45514,70966
10,7,New York City,43-4011,Brokerage Clerks,3760,93814,86215,66371,107535
10,7,New York City,43-4021,Correspondence Clerks,290,54830,47681,38267,63112
10,7,New York City,43-4031,"Court, Municipal, and License Clerks",2900,75591,73282,46287,90243
10,7,New York City,43-4041,"Credit Authorizers, Checkers, and Clerks",,60896,56641,48118,67285
10,7,New York City,43-4051,Customer Service Representatives,60770,57076,51106,39912,65658
10,7,New York City,43-4061,"Eligibility Interviewers, Government Programs",3740,55068,50027,48048,58578
10,7,New York City,43-4071,File Clerks,2290,49099,50286,39206,54045
10,7,New York City,43-4081,"Hotel, Motel, and Resort Desk Clerks",4550,56110,46586,38845,64743
10,7,New York City,43-4111,"Interviewers, Except Eligibility and Loan",5470,57367,58405,46640,62732
10,7,New York City,43-4121,"Library Assistants, Clerical",2000,41924,36597,34267,45753
10,7,New York City,43-4131,Loan Interviewers and Clerks,1560,66339,61821,49351,74832
10,7,New York City,43-4141,New Accounts Clerks,1230,58849,57325,49598,63474
10,7,New York City,43-4151,Order Clerks,1410,50291,48987,37271,56803
10,7,New York City,43-4161,"Human Resources Assistants, Except Payroll and Timekeeping",2960,60407,59875,44280,68470
10,7,New York City,43-4171,Receptionists and Information Clerks,32930,46255,45523,36630,51069
10,7,New York City,43-4181,Reservation and Transportation Ticket Agents and Travel Clerks,5160,46983,42358,37750,51600
10,7,New York City,43-4199,"Information and Record Clerks, All Other",930,59004,57235,45649,65682
10,7,New York City,43-5011,Cargo and Freight Agents,2870,67003,62393,45670,77668
10,7,New York City,43-5021,Couriers and Messengers,3720,48144,43687,37422,53506
10,7,New York City,43-5031,"Police, Fire, and Ambulance Dispatchers",1830,59815,60720,46941,66253
10,7,New York City,43-5032,"Dispatchers, Except Police, Fire, and Ambulance",5070,68425,62498,40683,82296
10,7,New York City,43-5051,Postal Service Clerks,1740,64080,62957,52357,69942
10,7,New York City,43-5052,Postal Service Mail Carriers,7960,61736,60897,45470,69868
10,7,New York City,43-5053,"Postal Service Mail Sorters, Processors, and Processing Machine Operators",4460,60660,58729,46284,67848
10,7,New York City,43-5061,"Production, Planning, and Expediting Clerks",19550,68063,63744,47970,78110
10,7,New York City,43-5071,"Shipping, Receiving, and Traffic Clerks",10330,52167,48666,37765,59368
10,7,New York City,43-5111,"Weighers, Measurers, Checkers, and Samplers, Recordkeeping",690,54843,50945,42861,60835
10,7,New York City,43-6011,Executive Secretaries and Executive Administrative Assistants,52820,92008,85716,65835,105095
10,7,New York City,43-6012,Legal Secretaries,8050,81539,76003,55264,94676
10,7,New York City,43-6013,Medical Secretaries,13150,54786,51721,44307,60025
10,7,New York City,43-6014,"Secretaries and Administrative Assistants, Except Legal, Medical, and Executive",53740,54444,52170,42045,60644
10,7,New York City,43-9021,Data Entry Keyers,4560,47794,45667,35194,54093
10,7,New York City,43-9022,Word Processors and Typists,3290,58600,51834,43033,66384
10,7,New York City,43-9031,Desktop Publishers,290,83947,78238,52750,99545
10,7,New York City,43-9041,Insurance Claims and Policy Processing Clerks,2290,65514,62103,50457,73043
10,7,New York City,43-9051,"Mail Clerks and Mail Machine Operators, Except Postal Service",2510,47593,47808,35493,53643
10,7,New York City,43-9061,"Office Clerks, General",59540,50179,46593,36368,57083
10,7,New York City,43-9071,"Office Machine Operators, Except Computer",1230,48153,44614,36988,53736
10,7,New York City,43-9081,Proofreaders and Copy Markers,800,67144,64692,44693,78368
10,7,New York City,43-9111,Statistical Assistants,270,73298,72562,54965,82465
10,7,New York City,43-9199,"Office and Administrative Support Workers, All Other",11260,35311,34230,34230,36801
10,7,New York City,45-0000,"Farming, Fishing, and Forestry Occupations",590,56571,50147,40318,64698
10,7,New York City,45-1011,"First-Line Supervisors of Farming, Fishing, and Forestry Workers",,79433,70167,65072,86613
10,7,New York City,45-2011,Agricultural Inspectors,,77374,74918,60663,85730
10,7,New York City,45-2021,Animal Breeders,,59265,51927,49661,64067
10,7,New York City,45-2092,"Farmworkers and Laborers, Crop, Nursery, and Greenhouse",330,45900,42525,39709,48995
10,7,New York City,47-0000,Construction and Extraction Occupations,112320,86767,79714,51111,104595
10,7,New York City,47-1011,Supervisors of Construction and Extraction Workers,11250,113234,109849,74353,132675
10,7,New York City,47-2021,Brickmasons and Blockmasons,890,91230,82268,60744,106472
10,7,New York City,47-2022,Stonemasons,260,78600,80152,51475,92163
10,7,New York City,47-2031,Carpenters,15710,83167,76297,51161,99169
10,7,New York City,47-2051,Cement Masons and Concrete Finishers,3530,82844,79623,54294,97119
10,7,New York City,47-2061,Construction Laborers,15770,72987,63204,45073,86945
10,7,New York City,47-2071,"Paving, Surfacing, and Tamping Equipment Operators",1910,82245,75445,58339,94199
10,7,New York City,47-2073,Operating Engineers and Other Construction Equipment Operators,2610,121319,123661,73442,145257
10,7,New York City,47-2081,Drywall and Ceiling Tile Installers,1000,71531,67777,48326,83133
10,7,New York City,47-2082,Tapers,430,85510,74771,63053,96737
10,7,New York City,47-2111,Electricians,17760,93268,83466,55411,112197
10,7,New York City,47-2121,Glaziers,1080,71802,60819,45099,85155
10,7,New York City,47-2132,"Insulation Workers, Mechanical",400,88492,77300,56493,104492
10,7,New York City,47-2141,"Painters, Construction and Maintenance",5490,63214,59421,41666,73988
10,7,New York City,47-2142,Paperhangers,,62197,52509,52008,67291
10,7,New York City,47-2152,"Plumbers, Pipefitters, and Steamfitters",8570,92923,81851,57211,110779
10,7,New York City,47-2161,Plasterers and Stucco Masons,400,99439,90061,60982,118669
10,7,New York City,47-2171,Reinforcing Iron and Rebar Workers,430,86651,95708,66105,96924
10,7,New York City,47-2181,Roofers,710,82456,77139,49791,98790
10,7,New York City,47-2211,Sheet Metal Workers,1770,83524,77231,50548,100012
10,7,New York City,47-2221,Structural Iron and Steel Workers,1400,99335,102346,66387,115810
10,7,New York City,47-3011,"Helpers--Brickmasons, Blockmasons, Stonemasons, and Tile and Marble Setters",400,71017,70334,47413,82819
10,7,New York City,47-3012,Helpers--Carpenters,1040,44306,44752,34230,49661
10,7,New York City,47-3013,Helpers--Electricians,2110,58189,56134,43685,65441
10,7,New York City,47-3014,"Helpers--Painters, Paperhangers, Plasterers, and Stucco Masons",,38697,34599,34598,40745
10,7,New York City,47-3015,"Helpers--Pipelayers, Plumbers, Pipefitters, and Steamfitters",1650,49907,47724,38082,55820
10,7,New York City,47-3019,"Helpers, Construction Trades, All Other",680,79440,80904,50789,93765
10,7,New York City,47-4011,Construction and Building Inspectors,4130,99176,90813,64811,116360
10,7,New York City,47-4021,Elevator Installers and Repairers,2450,126158,130778,86273,146100
10,7,New York City,47-4041,Hazardous Materials Removal Workers,1310,80862,80160,52513,95037
10,7,New York City,47-4071,Septic Tank Servicers and Sewer Pipe Cleaners,380,57916,52283,41629,66058
10,7,New York City,47-5022,"Excavating and Loading Machine and Dragline Operators, Surface Mining",250,92894,95338,77397,100642
10,7,New York City,49-0000,"Installation, Maintenance, and Repair Occupations",122190,72923,66702,45429,86669
10,7,New York City,49-1011,"First-Line Supervisors of Mechanics, Installers, and Repairers",8990,100521,96616,63736,118914
10,7,New York City,49-2011,"Computer, Automated Teller, and Office Machine Repairers",2000,64339,65738,44527,74245
10,7,New York City,49-2021,"Radio, Cellular, and Tower Equipment Installers and Repairers",,110344,114649,95719,117656
10,7,New York City,49-2022,"Telecommunications Equipment Installers and Repairers, Except Line Installers",3440,74129,64176,46924,87731
10,7,New York City,49-2091,Avionics Technicians,,88373,84593,63315,100902
10,7,New York City,49-2094,"Electrical and Electronics Repairers, Commercial and Industrial Equipment",,88990,87045,71909,97531
10,7,New York City,49-2096,"Electronic Equipment Installers and Repairers, Motor Vehicles",,65554,60344,47084,74789
10,7,New York City,49-2097,Electronic Home Entertainment Equipment Installers and Repairers,280,73929,74862,55194,83296
10,7,New York City,49-2098,Security and Fire Alarm Systems Installers,1340,74231,77051,54107,84293
10,7,New York City,49-3011,Aircraft Mechanics and Service Technicians,1880,106947,101389,74185,123328
10,7,New York City,49-3021,Automotive Body and Related Repairers,1600,59831,54064,37363,71065
10,7,New York City,49-3023,Automotive Service Technicians and Mechanics,6660,66944,62600,39654,80588
10,7,New York City,49-3031,Bus and Truck Mechanics and Diesel Engine Specialists,4320,80035,88983,57888,91110
10,7,New York City,49-3042,"Mobile Heavy Equipment Mechanics, Except Engines",1010,77920,73970,53803,89978
10,7,New York City,49-3043,Rail Car Repairers,540,96578,92480,84287,102722
10,7,New York City,49-3051,Motorboat Mechanics and Service Technicians,,63678,60492,51732,69650
10,7,New York City,49-3052,Motorcycle Mechanics,,54375,51169,39888,61619
10,7,New York City,49-3053,Outdoor Power Equipment and Other Small Engine Mechanics,,60261,55512,45212,67786
10,7,New York City,49-3093,Tire Repairers and Changers,,49038,47414,39105,54006
10,7,New York City,49-9012,"Control and Valve Installers and Repairers, Except Mechanical Door",1560,106649,110237,76518,121714
10,7,New York City,49-9021,"Heating, Air Conditioning, and Refrigeration Mechanics and Installers",7570,78816,78382,53904,91271
10,7,New York City,49-9031,Home Appliance Repairers,690,63565,64494,43269,73713
10,7,New York City,49-9041,Industrial Machinery Mechanics,2020,79976,71939,53410,93258
10,7,New York City,49-9043,"Maintenance Workers, Machinery",490,95103,79876,52223,116543
10,7,New York City,49-9051,Electrical Power-Line Installers and Repairers,1190,114973,113180,76132,134392
10,7,New York City,49-9052,Telecommunications Line Installers and Repairers,4390,98955,110702,68837,114014
10,7,New York City,49-9062,Medical Equipment Repairers,700,70458,65444,49234,81070
10,7,New York City,49-9063,Musical Instrument Repairers and Tuners,,67292,72229,43613,79131
10,7,New York City,49-9064,Watch Repairers,,77095,79101,66727,82280
10,7,New York City,49-9069,"Precision Instrument and Equipment Repairers, All Other",,72221,72076,57347,79658
10,7,New York City,49-9071,"Maintenance and Repair Workers, General",60740,62510,60755,42805,72364
10,7,New York City,49-9091,"Coin, Vending, and Amusement Machine Servicers and Repairers",670,79375,93424,54003,92061
10,7,New York City,49-9092,Commercial Divers,,158566,158151,158140,158780
10,7,New York City,49-9094,Locksmiths and Safe Repairers,640,64147,62749,41640,75401
10,7,New York City,49-9096,Riggers,500,114257,106282,85370,128701
10,7,New York City,49-9098,"Helpers--Installation, Maintenance, and Repair Workers",1790,54958,51431,43028,60924
10,7,New York City,49-9099,"Installation, Maintenance, and Repair Workers, All Other",1270,64243,58680,47848,72440
10,7,New York City,51-0000,Production Occupations,62750,57706,47261,36678,68220
10,7,New York City,51-1011,First-Line Supervisors of Production and Operating Workers,3940,89070,80890,56192,105509
10,7,New York City,51-2028,"Electrical, electronic, and electromechanical assemblers, except coil winders, tapers, and finishers?(OES-specific code and title)",1060,48976,47035,38479,54225
10,7,New York City,51-2041,Structural Metal Fabricators and Fitters,530,56000,49236,45230,61384
10,7,New York City,51-2090,Miscellaneous Assemblers and Fabricators,4090,46904,43902,36325,52195
10,7,New York City,51-3011,Bakers,7090,45983,44060,37716,50118
10,7,New York City,51-3021,Butchers and Meat Cutters,1770,51419,48199,38586,57835
10,7,New York City,51-3022,"Meat, Poultry, and Fish Cutters and Trimmers",900,42120,39171,36218,45072
10,7,New York City,51-3023,Slaughterers and Meat Packers,,44466,47388,36969,48214
10,7,New York City,51-3092,Food Batchmakers,2200,40046,38159,35241,42449
10,7,New York City,51-3093,Food Cooking Machine Operators and Tenders,,46713,44637,40998,49570
10,7,New York City,51-3099,"Food Processing Workers, All Other",,47317,44278,39658,51147
10,7,New York City,51-4031,"Cutting, Punching, and Press Machine Setters, Operators, and Tenders, Metal and Plastic",390,51788,48147,38993,58186
10,7,New York City,51-4033,"Grinding, Lapping, Polishing, and Buffing Machine Tool Setters, Operators, and Tenders, Metal and Plastic",,52853,51369,40103,59227
10,7,New York City,51-4034,"Lathe and Turning Machine Tool Setters, Operators, and Tenders, Metal and Plastic",,61151,55511,44699,69377
10,7,New York City,51-4035,"Milling and Planing Machine Setters, Operators, and Tenders, Metal and Plastic",,54934,52275,47132,58834
10,7,New York City,51-4041,Machinists,520,75501,76249,53435,86535
10,7,New York City,51-4061,"Model Makers, Metal and Plastic",,84813,77582,69544,92448
10,7,New York City,51-4071,Foundry Mold and Coremakers,,67913,60355,49904,76918
10,7,New York City,51-4072,"Molding, Coremaking, and Casting Machine Setters, Operators, and Tenders, Metal and Plastic",,49162,46009,34947,56270
10,7,New York City,51-4081,"Multiple Machine Tool Setters, Operators, and Tenders, Metal and Plastic",,44990,36965,35870,49549
10,7,New York City,51-4111,Tool and Die Makers,,76670,75010,55704,87152
10,7,New York City,51-4121,"Welders, Cutters, Solderers, and Brazers",1180,77236,70279,52844,89432
10,7,New York City,51-4122,"Welding, Soldering, and Brazing Machine Setters, Operators, and Tenders",,53664,48637,39473,60758
10,7,New York City,51-4193,"Plating and Coating Machine Setters, Operators, and Tenders, Metal and Plastic",,47992,45414,38909,52533
10,7,New York City,51-4194,"Tool Grinders, Filers, and Sharpeners",,42212,40363,38828,43903
10,7,New York City,51-5111,Prepress Technician and Workers,320,59716,53600,38734,70207
10,7,New York City,51-5112,Printing Press Operators,2180,56357,50768,39274,64897
10,7,New York City,51-5113,Print Binding and Finishing Workers,320,47294,45711,36716,52583
10,7,New York City,51-6011,Laundry and Dry-Cleaning Workers,5900,39533,34453,34230,42438
10,7,New York City,51-6021,"Pressers, Textile, Garment, and Related Materials",790,39493,37341,34523,41978
10,7,New York City,51-6031,Sewing Machine Operators,2910,42865,38794,36552,46021
10,7,New York City,51-6041,Shoe and Leather Workers and Repairers,,44231,44880,35929,48382
10,7,New York City,51-6042,Shoe Machine Operators and Tenders,,47451,48080,42424,49965
10,7,New York City,51-6051,"Sewers, Hand",,40421,37210,36752,42257
10,7,New York City,51-6052,"Tailors, Dressmakers, and Custom Sewers",790,69585,64021,48094,80331
10,7,New York City,51-6062,"Textile Cutting Machine Setters, Operators, and Tenders",,54713,48993,42142,60999
10,7,New York City,51-6092,Fabric and Apparel Patternmakers,640,104567,106977,65726,123987
10,7,New York City,51-6093,Upholsterers,,65555,51101,43862,76400
10,7,New York City,51-6099,"Textile, Apparel, and Furnishings Workers, All Other",,84080,96509,59584,96328
10,7,New York City,51-7011,Cabinetmakers and Bench Carpenters,1030,63839,62128,48954,71282
10,7,New York City,51-7021,Furniture Finishers,,55971,50971,42820,62546
10,7,New York City,51-7041,"Sawing Machine Setters, Operators, and Tenders, Wood",,53366,50707,39318,60390
10,7,New York City,51-7042,"Woodworking Machine Setters, Operators, and Tenders, Except Sawing",,55469,46125,41560,62424
10,7,New York City,51-8013,Power Plant Operators,570,128932,134585,95747,145524
10,7,New York City,51-8021,Stationary Engineers and Boiler Operators,2270,120143,125184,84551,137938
10,7,New York City,51-8031,Water and Wastewater Treatment Plant and System Operators,1070,89811,100951,66250,101591
10,7,New York City,51-8099,"Plant and System Operators, All Other",,75565,79683,53396,86651
10,7,New York City,51-9011,Chemical Equipment Operators and Tenders,340,59534,59505,40664,68969
10,7,New York City,51-9012,"Separating, Filtering, Clarifying, Precipitating, and Still Machine Setters, Operators, and Tenders",,56489,50772,43037,63215
10,7,New York City,51-9021,"Crushing, Grinding, and Polishing Machine Setters, Operators, and Tenders",,63036,55017,45461,71823
10,7,New York City,51-9022,"Grinding and Polishing Workers, Hand",270,61456,48762,41152,71608
10,7,New York City,51-9023,"Mixing and Blending Machine Setters, Operators, and Tenders",500,53685,50381,38692,61182
10,7,New York City,51-9031,"Cutters and Trimmers, Hand",560,53127,52759,47194,56093
10,7,New York City,51-9032,"Cutting and Slicing Machine Setters, Operators, and Tenders",300,48092,46201,38311,52981
10,7,New York City,51-9041,"Extruding, Forming, Pressing, and Compacting Machine Setters, Operators, and Tenders",310,40312,34230,34230,43647
10,7,New York City,51-9061,"Inspectors, Testers, Sorters, Samplers, and Weighers",3000,57632,52111,39670,66612
10,7,New York City,51-9071,Jewelers and Precious Stone and Metal Workers,3390,66027,59354,37760,80159
10,7,New York City,51-9081,Dental Laboratory Technicians,430,62807,58272,44265,72079
10,7,New York City,51-9082,Medical Appliance Technicians,,51384,45414,37895,58128
10,7,New York City,51-9083,Ophthalmic Laboratory Technicians,280,39962,37149,34230,43416
10,7,New York City,51-9111,Packaging and Filling Machine Operators and Tenders,2920,44828,42707,36783,48851
10,7,New York City,51-9123,"Painting, Coating, and Decorating Workers",,76463,80660,66507,81441
10,7,New York City,51-9124,"Coating, Painting, and Spraying Machine Setters, Operators, and Tenders",320,58410,51422,42096,66567
10,7,New York City,51-9151,Photographic Process Workers and Processing Machine Operators,,82632,76397,56627,95635
10,7,New York City,51-9161,Computer Numerically Controlled Tool Operators,340,57972,55166,39984,66965
10,7,New York City,51-9162,Computer Numerically Controlled Tool Programmers,,69838,64815,39059,85228
10,7,New York City,51-9192,"Cleaning, Washing, and Metal Pickling Equipment Operators and Tenders",,40813,38263,37086,42677
10,7,New York City,51-9194,Etchers and Engravers,,46181,37558,37336,50603
10,7,New York City,51-9195,"Molders, Shapers, and Casters, Except Metal and Plastic",,54509,54459,40375,61576
10,7,New York City,51-9196,"Paper Goods Machine Setters, Operators, and Tenders",,50905,47099,35016,58848
10,7,New York City,51-9198,Helpers--Production Workers,920,44095,43173,36640,47824
10,7,New York City,51-9199,"Production Workers, All Other",570,46828,41750,37037,51723
10,7,New York City,53-0000,Transportation and Material Moving Occupations,243390,66680,50888,38253,80894
10,7,New York City,53-1041,Aircraft Cargo Handling Supervisors,,73809,67299,52196,84616
10,7,New York City,53-1047,"First-Line Supervisors of Transportation and Material Moving Workers, Except Aircraft Cargo Handling Supervisors",12120,75557,68924,49481,88596
10,7,New York City,53-2011,"Airline Pilots, Copilots, and Flight Engineers",6360,301031,,137914,382590
10,7,New York City,53-2012,Commercial Pilots,330,268765,,111766,347265
10,7,New York City,53-2021,Air Traffic Controllers,260,142946,144877,82893,172973
10,7,New York City,53-2031,Flight Attendants,10260,120499,131161,66434,147530
10,7,New York City,53-3011,"Ambulance Drivers and Attendants, Except Emergency Medical Technicians",320,40147,36456,36447,41997
10,7,New York City,53-3031,Driver/Sales Workers,9320,46096,45977,35366,51460
10,7,New York City,53-3032,Heavy and Tractor-Trailer Truck Drivers,15150,70837,65452,51769,80371
10,7,New York City,53-3033,Light Truck or Delivery Services Drivers,19430,55109,48802,40585,62371
10,7,New York City,53-3051,"Bus Drivers, School",10840,61130,59568,48173,67609
10,7,New York City,53-3052,"Bus Drivers, Transit and Intercity",12390,78314,84428,65790,84575
10,7,New York City,53-3053,Shuttle Drivers and Chauffeurs,6750,53292,46533,37349,61263
10,7,New York City,53-3099,"Motor Vehicle Operators, All Other",1220,50903,43384,36593,58057
10,7,New York City,53-5011,Sailors and Marine Oilers,890,63218,62579,46159,71748
10,7,New York City,53-5021,"Captains, Mates, and Pilots of Water Vessels",1280,116164,109775,71525,138484
10,7,New York City,53-5022,Motorboat Operators,,69068,62656,60314,73445
10,7,New York City,53-5031,Ship Engineers,440,128754,136043,90276,147992
10,7,New York City,53-6011,Bridge and Lock Tenders,,57203,52591,49704,60953
10,7,New York City,53-6021,Parking Lot Attendants,7840,37559,35815,34295,39192
10,7,New York City,53-6031,Automotive and Watercraft Service Attendants,680,41482,38751,34230,45269
10,7,New York City,53-6032,Aircraft Service Attendants,1110,47348,44373,40242,50900
10,7,New York City,53-6041,Traffic Technicians,630,75554,82006,44303,91179
10,7,New York City,53-6051,Transportation Inspectors,3220,91774,93366,84172,95576
10,7,New York City,53-6061,"Transportation Attendants, Except Flight Attendants",2130,42499,41449,39473,44013
10,7,New York City,53-6099,"Transportation Workers, All Other",,60746,54436,38900,71669
10,7,New York City,53-7011,Conveyor Operators and Tenders,250,45628,44131,43941,46471
10,7,New York City,53-7021,Crane and Tower Operators,660,141476,87419,78034,173196
10,7,New York City,53-7051,Industrial Truck and Tractor Operators,7270,57387,54187,43830,64166
10,7,New York City,53-7061,Cleaners of Vehicles and Equipment,7890,53673,45313,38115,61451
10,7,New York City,53-7062,"Laborers and Freight, Stock, and Material Movers, Hand",34250,51327,46332,37247,58367
10,7,New York City,53-7063,Machine Feeders and Offbearers,,59395,63492,48866,64660
10,7,New York City,53-7064,"Packers and Packagers, Hand",5170,40540,37016,34230,43908
10,7,New York City,53-7065,Stockers and Order Fillers,45600,44485,39942,35831,48810
10,7,New York City,53-7081,Refuse and Recyclable Material Collectors,8020,70991,85628,45624,83675
10,7,New York City,53-7199,"Material Moving Workers, All Other",380,59992,61318,51088,64443
10,8,North Country,00-0000,"Total, All Occupations",144340,60991,49500,35184,73894
10,8,North Country,11-0000,Management Occupations,6660,118470,103553,61996,146707
10,8,North Country,11-1011,Chief Executives,150,179373,159094,109579,214270
10,8,North Country,11-1021,General and Operations Managers,2720,113260,88859,56128,141826
10,8,North Country,11-2021,Marketing Managers,110,159744,132555,79534,199850
10,8,North Country,11-2022,Sales Managers,150,162323,143875,83633,201668
10,8,North Country,11-2032,Public Relations Managers,20,147435,128624,98526,171889
10,8,North Country,11-2033,Fundraising Managers,40,137286,126867,81222,165318
10,8,North Country,11-3012,Administrative Services Managers,140,115500,108959,75293,135604
10,8,North Country,11-3013,Facilities Managers,140,109049,96155,70217,128465
10,8,North Country,11-3021,Computer and Information Systems Managers,130,154955,146950,101989,181439
10,8,North Country,11-3031,Financial Managers,320,150278,127759,82781,184026
10,8,North Country,11-3051,Industrial Production Managers,150,132768,123657,86478,155912
10,8,North Country,11-3061,Purchasing Managers,30,137508,135625,85161,163682
10,8,North Country,11-3071,"Transportation, Storage, and Distribution Managers",70,108113,96235,69482,127429
10,8,North Country,11-3121,Human Resources Managers,110,145157,132777,99646,167914
10,8,North Country,11-3131,Training and Development Managers,20,111216,107396,76534,128556
10,8,North Country,11-9021,Construction Managers,140,123531,129648,88261,141165
10,8,North Country,11-9031,"Education Administrators, Preschool and Childcare Center/Program",40,65113,60653,48093,73623
10,8,North Country,11-9032,"Education Administrators, Elementary and Secondary School",350,114926,107811,90959,126910
10,8,North Country,11-9039,"Education Administrators, All Other",30,90501,77469,52499,109502
10,8,North Country,11-9041,Architectural and Engineering Managers,40,152279,150224,114345,171247
10,8,North Country,11-9051,Food Service Managers,200,69949,65235,48180,80834
10,8,North Country,11-9072,"Entertainment and Recreation Managers, Except Gambling",20,92686,85570,54704,111677
10,8,North Country,11-9081,Lodging Managers,120,81030,69541,46103,98494
10,8,North Country,11-9111,Medical and Health Services Managers,380,143038,121343,85929,171593
10,8,North Country,11-9121,Natural Sciences Managers,40,124004,112347,79160,146427
10,8,North Country,11-9131,Postmasters and Mail Superintendents,60,89928,89086,81441,94171
10,8,North Country,11-9141,"Property, Real Estate, and Community Association Managers",60,81415,69127,51429,96409
10,8,North Country,11-9151,Social and Community Service Managers,330,79483,75983,56370,91039
10,8,North Country,11-9161,Emergency Management Directors,30,91018,73313,40863,116095
10,8,North Country,11-9171,Funeral Home Managers,20,89553,72088,51994,108333
10,8,North Country,11-9199,"Managers, All Other",280,124439,122877,90443,141438
10,8,North Country,13-0000,Business and Financial Operations Occupations,6170,83555,77092,51790,99438
10,8,North Country,13-1020,Buyers and Purchasing Agents,340,74955,67882,50690,87088
10,8,North Country,13-1031,"Claims Adjusters, Examiners, and Investigators",70,83923,86204,61946,94911
10,8,North Country,13-1041,Compliance Officers,950,91123,97411,59178,107096
10,8,North Country,13-1051,Cost Estimators,130,73105,68233,43502,87906
10,8,North Country,13-1071,Human Resources Specialists,580,76106,68595,53119,87601
10,8,North Country,13-1075,Labor Relations Specialists,60,99981,89163,61352,119296
10,8,North Country,13-1081,Logisticians,110,85392,78095,54766,100706
10,8,North Country,13-1082,Project Management Specialists,500,96080,92270,62330,112955
10,8,North Country,13-1111,Management Analysts,320,105646,91522,63943,126498
10,8,North Country,13-1121,"Meeting, Convention, and Event Planners",80,56006,50132,39545,64236
10,8,North Country,13-1131,Fundraisers,170,70270,64366,44522,83145
10,8,North Country,13-1141,"Compensation, Benefits, and Job Analysis Specialists",50,71467,65860,52280,81061
10,8,North Country,13-1151,Training and Development Specialists,370,66604,61898,43241,78286
10,8,North Country,13-1161,Market Research Analysts and Marketing Specialists,360,70415,63717,43481,83883
10,8,North Country,13-1199,"Business Operations Specialists, All Other",520,83962,78811,52530,99679
10,8,North Country,13-2011,Accountants and Auditors,850,85919,77457,55834,100961
10,8,North Country,13-2020,Appraisers and Assessors of Real Estate,150,73773,69034,50307,85506
10,8,North Country,13-2031,Budget Analysts,80,79038,81268,53671,91721
10,8,North Country,13-2041,Credit Analysts,,84035,63888,55152,98476
10,8,North Country,13-2051,Financial Analysts,50,87552,80663,67461,97598
10,8,North Country,13-2052,Personal Financial Advisors,60,151653,107835,57584,198687
10,8,North Country,13-2054,Financial Risk Specialists,,97116,84636,57966,116690
10,8,North Country,13-2061,Financial Examiners,30,70860,71414,43991,84294
10,8,North Country,13-2072,Loan Officers,180,89575,63415,48989,109867
10,8,North Country,13-2081,"Tax Examiners and Collectors, and Revenue Agents",40,65697,59313,43077,77007
10,8,North Country,13-2082,Tax Preparers,50,53135,47593,34943,62231
10,8,North Country,13-2099,"Financial Specialists, All Other",30,77366,69214,54711,88695
10,8,North Country,15-0000,Computer and Mathematical Occupations,1750,81567,75800,48994,97854
10,8,North Country,15-1211,Computer Systems Analysts,90,91425,85758,64718,104778
10,8,North Country,15-1212,Information Security Analysts,30,93483,93905,60805,109823
10,8,North Country,15-1231,Computer Network Support Specialists,100,59952,58464,34750,72553
10,8,North Country,15-1232,Computer User Support Specialists,520,60488,56912,41457,70005
10,8,North Country,15-1241,Computer Network Architects,50,101649,85899,66358,119295
10,8,North Country,15-1242,Database Administrators,20,87004,85409,56587,102212
10,8,North Country,15-1243,Database Architects,,99329,79768,54210,121888
10,8,North Country,15-1244,Network and Computer Systems Administrators,270,83479,78999,55885,97276
10,8,North Country,15-1251,Computer Programmers,90,83460,83246,62526,93926
10,8,North Country,15-1252,Software Developers,200,114574,106530,73757,134983
10,8,North Country,15-1253,Software Quality Assurance Analysts and Testers,30,109015,99638,70071,128488
10,8,North Country,15-1254,Web Developers,20,71621,71698,42544,86161
10,8,North Country,15-1255,Web and Digital Interface Designers,50,83798,72081,52653,99371
10,8,North Country,15-1299,"Computer Occupations, All Other",180,92877,90311,61418,108608
10,8,North Country,15-2031,Operations Research Analysts,20,87387,76300,58477,101842
10,8,North Country,15-2051,Data Scientists,70,88159,79974,59852,102311
10,8,North Country,17-0000,Architecture and Engineering Occupations,1220,91821,85723,60213,107626
10,8,North Country,17-1011,"Architects, Except Landscape and Naval",50,114211,101682,58970,141831
10,8,North Country,17-1022,Surveyors,50,81639,76739,54000,95459
10,8,North Country,17-2041,Chemical Engineers,20,104778,84404,81802,116266
10,8,North Country,17-2051,Civil Engineers,180,97424,91121,70819,110726
10,8,North Country,17-2071,Electrical Engineers,50,101892,100098,75451,115112
10,8,North Country,17-2081,Environmental Engineers,60,93387,91121,64650,107755
10,8,North Country,17-2111,"Health and Safety Engineers, Except Mining Safety Engineers and Inspectors",20,105820,107456,74735,121362
10,8,North Country,17-2112,Industrial Engineers,210,104125,102733,76538,117918
10,8,North Country,17-2141,Mechanical Engineers,110,105366,105251,77005,119545
10,8,North Country,17-2199,"Engineers, All Other",50,110097,108683,82302,123996
10,8,North Country,17-3011,Architectural and Civil Drafters,50,61322,62999,46498,68735
10,8,North Country,17-3013,Mechanical Drafters,40,69389,67067,53340,77413
10,8,North Country,17-3022,Civil Engineering Technicians,30,68665,68242,53531,76232
10,8,North Country,17-3023,Electrical and Electronic Engineering Technicians,50,76267,78149,53874,87464
10,8,North Country,17-3026,Industrial Engineering Technicians,60,67842,62838,51197,76165
10,8,North Country,17-3028,Calibration Technologists and Technicians,,74314,79509,57023,82960
10,8,North Country,17-3029,"Engineering Technicians, Except Drafters, All Other",50,78079,73924,56413,88912
10,8,North Country,17-3031,Surveying and Mapping Technicians,60,59258,60458,45432,66170
10,8,North Country,19-0000,"Life, Physical, and Social Science Occupations",1160,78782,74522,43835,96257
10,8,North Country,19-1012,Food Scientists and Technologists,20,81678,82461,55216,94909
10,8,North Country,19-1023,Zoologists and Wildlife Biologists,30,78095,76979,61363,86462
10,8,North Country,19-1029,"Biological Scientists, All Other",40,90496,94391,60619,105435
10,8,North Country,19-1031,Conservation Scientists,30,76433,67750,46570,91364
10,8,North Country,19-1032,Foresters,40,88382,82419,62780,101184
10,8,North Country,19-2031,Chemists,20,93741,81322,62539,109342
10,8,North Country,19-2041,"Environmental Scientists and Specialists, Including Health",100,84879,82419,60873,96882
10,8,North Country,19-3011,Economists,,105372,84549,61435,127340
10,8,North Country,19-3033,Clinical and Counseling Psychologists,80,97582,100652,62454,115145
10,8,North Country,19-3034,School Psychologists,120,88668,84742,68737,98634
10,8,North Country,19-3051,Urban and Regional Planners,90,111008,92596,60482,136270
10,8,North Country,19-3093,Historians,40,51164,36352,32991,60250
10,8,North Country,19-3099,"Social Scientists and Related Workers, All Other",,96422,92298,73843,107713
10,8,North Country,19-4013,Food Science Technicians,40,49435,50769,44346,51979
10,8,North Country,19-4021,Biological Technicians,60,43477,38928,34515,47958
10,8,North Country,19-4042,"Environmental Science and Protection Technicians, Including Health",100,43972,36960,34973,48471
10,8,North Country,19-4071,Forest and Conservation Technicians,30,61999,61393,50629,67685
10,8,North Country,19-4099,"Life, Physical, and Social Science Technicians, All Other",40,51179,46555,35475,59031
10,8,North Country,19-5011,Occupational Health and Safety Specialists,110,83029,82304,56881,96104
10,8,North Country,19-5012,Occupational Health and Safety Technicians,30,57039,51490,40280,65419
10,8,North Country,21-0000,Community and Social Service Occupations,4040,61279,58797,41769,71034
10,8,North Country,21-1012,"Educational, Guidance, School, and Vocational Counselors",530,67088,63587,47593,76836
10,8,North Country,21-1013,Marriage and Family Therapists,30,61541,64786,43203,70711
10,8,North Country,21-1015,Rehabilitation Counselors,130,55121,46050,37048,64157
10,8,North Country,21-1018,"Substance abuse, behavioral disorder, and mental health counselors?(OES-specific code and title)",500,58780,57562,42337,67002
10,8,North Country,21-1021,"Child, Family, and School Social Workers",500,63532,59746,46417,72089
10,8,North Country,21-1022,Healthcare Social Workers,330,69119,65366,47873,79742
10,8,North Country,21-1023,Mental Health and Substance Abuse Social Workers,340,67173,69259,48109,76705
10,8,North Country,21-1029,"Social Workers, All Other",60,83472,88089,57960,96228
10,8,North Country,21-1091,Health Educators,70,61881,59528,41982,71831
10,8,North Country,21-1092,Probation Officers and Correctional Treatment Specialists,270,77308,79912,61340,85294
10,8,North Country,21-1093,Social and Human Service Assistants,870,47625,46246,36344,53265
10,8,North Country,21-1094,Community Health Workers,110,54035,50748,41084,60510
10,8,North Country,21-1099,"Community and Social Service Specialists, All Other",150,67547,65803,54306,74168
10,8,North Country,21-2011,Clergy,110,59154,60020,38993,69235
10,8,North Country,21-2021,"Directors, Religious Activities and Education",40,51977,45847,35370,60281
10,8,North Country,23-0000,Legal Occupations,640,111492,94664,53040,140718
10,8,North Country,23-1011,Lawyers,340,127683,105243,72384,155333
10,8,North Country,23-1023,"Judges, Magistrate Judges, and Magistrates",110,152288,173192,77900,189481
10,8,North Country,23-2011,Paralegals and Legal Assistants,150,56979,51809,41852,64542
10,8,North Country,23-2093,"Title Examiners, Abstractors, and Searchers",30,65045,57995,41181,76977
10,8,North Country,23-2099,"Legal Support Workers, All Other",,97371,88131,51021,120545
10,8,North Country,25-0000,"Education, Training, and Library Occupations",13830,61433,60368,35210,74545
10,8,North Country,25-1069,"Social Sciences Teachers, Postsecondary, All Other",70,58732,51517,39848,68174
10,8,North Country,25-1071,"Health Specialties Teachers, Postsecondary",100,143966,108852,69570,181164
10,8,North Country,25-1072,"Nursing Instructors and Teachers, Postsecondary",100,79178,82449,48711,94411
10,8,North Country,25-1111,"Criminal Justice and Law Enforcement Teachers, Postsecondary",50,63379,53987,45919,72108
10,8,North Country,25-1123,"English Language and Literature Teachers, Postsecondary",90,60865,64324,40383,71106
10,8,North Country,25-1194,"Vocational Education Teachers, Postsecondary",120,63240,59581,49220,70251
10,8,North Country,25-1199,"Postsecondary Teachers, All Other",,52181,48114,38422,59060
10,8,North Country,25-2011,"Preschool Teachers, Except Special Education",270,48425,40066,33941,55668
10,8,North Country,25-2012,"Kindergarten Teachers, Except Special Education",210,70183,66604,51615,79467
10,8,North Country,25-2021,"Elementary School Teachers, Except Special Education",2080,72470,76400,54277,81567
10,8,North Country,25-2022,"Middle School Teachers, Except Special and Career/Technical Education",590,72689,77750,55302,81383
10,8,North Country,25-2023,"Career/Technical  Education Teachers, Middle School",30,74711,75086,58876,82628
10,8,North Country,25-2031,"Secondary School Teachers, Except Special and Career/Technical Education",1740,73089,78527,54611,82327
10,8,North Country,25-2032,"Career/Technical Education Teachers, Secondary School",230,71061,72668,54451,79366
10,8,North Country,25-2051,"Special Education Teachers, Preschool",50,66923,63401,47962,76402
10,8,North Country,25-2052,"Special Education Teachers, Kindergarten and Elementary School",430,72158,69800,54780,80846
10,8,North Country,25-2057,"Special Education Teachers, Middle School",120,73442,67492,57696,81316
10,8,North Country,25-2058,"Special Education Teachers, Secondary School",430,71770,68279,57016,79146
10,8,North Country,25-3011,Adult Basic and Secondary Education and Literacy Teachers and Instructors,160,77692,77122,67908,82584
10,8,North Country,25-3021,Self-Enrichment Education Teachers,210,51127,48819,35522,58929
10,8,North Country,25-3031,"Substitute Teachers, Short-Term",1250,42342,37284,33202,46912
10,8,North Country,25-3041,Tutors,100,51549,48513,36070,59289
10,8,North Country,25-3099,"Teachers and Instructors, All Other",90,74968,78084,62407,81248
10,8,North Country,25-4012,Curators,30,52867,45380,37571,60514
10,8,North Country,25-4022,Librarians and Media Collections Specialists,240,61900,59791,39167,73266
10,8,North Country,25-4031,Library Technicians,170,38052,35637,32240,41019
10,8,North Country,25-9031,Instructional Coordinators,260,70714,64973,49561,81291
10,8,North Country,25-9045,"Teaching Assistants, Except Postsecondary",3090,36927,33047,32240,39367
10,8,North Country,27-0000,"Arts, Design, Entertainment, Sports, and Media Occupations",1270,63526,51608,36288,77145
10,8,North Country,27-1023,Floral Designers,30,38037,36273,33272,40420
10,8,North Country,27-1024,Graphic Designers,80,60281,54333,38229,71306
10,8,North Country,27-1025,Interior Designers,20,74138,55606,51204,85604
10,8,North Country,27-1026,Merchandise Displayers and Window Trimmers,200,40642,37187,34277,43826
10,8,North Country,27-1029,"Designers, All Other",20,58506,56490,50730,62395
10,8,North Country,27-2012,Producers and Directors,30,90514,63075,41033,115255
10,8,North Country,27-2022,Coaches and Scouts,260,67132,51743,38895,81251
10,8,North Country,27-2041,Music Directors and Composers,20,68678,61002,37234,84399
10,8,North Country,27-3011,Radio and Television Announcers,40,48859,42924,32307,57135
10,8,North Country,27-3023,"News Analysts, Reporters, and Journalist",40,43953,39097,34041,48909
10,8,North Country,27-3031,Public Relations Specialists,190,72601,64438,48348,84727
10,8,North Country,27-3041,Editors,60,60594,49567,38383,71699
10,8,North Country,27-3042,Technical Writers,20,74435,68371,41049,91128
10,8,North Country,27-3091,Interpreters and Translators,30,73697,81199,40333,90378
10,8,North Country,27-4011,Audio and Video Equipment Technicians,80,55936,51608,39807,64000
10,8,North Country,27-4014,Sound Engineering Technicians,,76666,79147,54330,87835
10,8,North Country,29-0000,Healthcare Practitioners and Technical Occupations,10680,98823,82833,49754,123356
10,8,North Country,29-1021,"Dentists, General",100,186123,169273,86779,235796
10,8,North Country,29-1031,Dietitians and Nutritionists,120,67131,67477,40336,80529
10,8,North Country,29-1041,Optometrists,20,204017,170557,130772,240640
10,8,North Country,29-1051,Pharmacists,360,138203,139633,103515,155546
10,8,North Country,29-1071,Physician Assistants,230,151081,142829,112918,170164
10,8,North Country,29-1081,Podiatrists,,211512,181811,104117,265209
10,8,North Country,29-1122,Occupational Therapists,190,92749,87768,70045,104100
10,8,North Country,29-1123,Physical Therapists,270,97384,91826,76601,107775
10,8,North Country,29-1124,Radiation Therapists,20,102103,104031,87423,109444
10,8,North Country,29-1125,Recreational Therapists,20,63685,59820,48807,71124
10,8,North Country,29-1126,Respiratory Therapists,80,87316,84649,73930,94009
10,8,North Country,29-1127,Speech-Language Pathologists,220,86760,83973,65502,97389
10,8,North Country,29-1131,Veterinarians,130,153416,136959,82787,188732
10,8,North Country,29-1141,Registered Nurses,3550,94980,89176,72681,106129
10,8,North Country,29-1161,Nurse Midwives,,145777,142398,124080,156626
10,8,North Country,29-1171,Nurse Practitioners,320,141663,135238,108793,158098
10,8,North Country,29-1211,Anesthesiologists,,421691,,216000,
10,8,North Country,29-1212,Cardiologists,20,547850,,308276,
10,8,North Country,29-1214,Emergency Medicine Physicians,,262799,152340,95470,346463
10,8,North Country,29-1215,Family Medicine Physicians,80,263583,225613,88013,351369
10,8,North Country,29-1216,General Internal Medicine Physicians,140,375983,,169719,
10,8,North Country,29-1218,Obstetricians and Gynecologists,20,340762,,222228,
10,8,North Country,29-1221,"Pediatricians, General",30,229974,215331,154795,267563
10,8,North Country,29-1223,Psychiatrists,50,270397,,156714,
10,8,North Country,29-1224,Radiologists,20,293233,,192814,
10,8,North Country,29-1229,"Physicians, All Other",90,303122,,114216,397575
10,8,North Country,29-1242,"Orthopedic Surgeons, Except Pediatric",40,423603,,246789,
10,8,North Country,29-1292,Dental Hygienists,180,84502,84984,71423,91041
10,8,North Country,29-2010,Clinical Laboratory Technologists and Technicians,330,76291,79952,48875,89998
10,8,North Country,29-2031,Cardiovascular Technologists and Technicians,50,59009,53306,40842,68093
10,8,North Country,29-2032,Diagnostic Medical Sonographers,90,92948,89114,77056,100894
10,8,North Country,29-2033,Nuclear Medicine Technologists,20,103461,106567,85683,112352
10,8,North Country,29-2034,Radiologic Technologists,310,75703,74877,57553,84778
10,8,North Country,29-2035,Magnetic Resonance Imaging Technologists,40,88825,89734,73151,96663
10,8,North Country,29-2042,Emergency Medical Technicians,370,43319,43570,37525,46217
10,8,North Country,29-2043,Paramedics,200,56395,58080,48243,60471
10,8,North Country,29-2051,Dietetic Technicians,30,55333,55703,42060,61970
10,8,North Country,29-2052,Pharmacy Technicians,580,40497,37671,34064,43715
10,8,North Country,29-2055,Surgical Technologists,80,60930,64451,45984,68403
10,8,North Country,29-2056,Veterinary Technologists and Technicians,220,59013,61230,46855,65093
10,8,North Country,29-2057,Ophthalmic Medical Technicians,50,43840,42933,35643,47939
10,8,North Country,29-2061,Licensed Practical and Licensed Vocational Nurses,1110,58563,58788,49240,63225
10,8,North Country,29-2072,Medical Records Specialists,220,56144,53875,44162,62135
10,8,North Country,29-2081,"Opticians, Dispensing",60,60639,62777,49505,66207
10,8,North Country,29-2099,"Health Technologists and Technicians, All Other",240,47696,41997,37687,52700
10,8,North Country,29-9091,Athletic Trainers,30,59815,54786,45684,66881
10,8,North Country,29-9099,"Healthcare Practitioners and Technical Workers, All Other",20,101848,113129,72647,116447
10,8,North Country,31-0000,Healthcare Support Occupations,7970,43126,39022,34731,47324
10,8,North Country,31-1120,Home Health & Personal Care Aides,4550,40303,37757,33706,43602
10,8,North Country,31-1131,Nursing Assistants,1260,44290,40407,36317,48277
10,8,North Country,31-1132,Orderlies,130,39740,37172,34611,42303
10,8,North Country,31-1133,Psychiatric Aides,400,60409,63162,50715,65257
10,8,North Country,31-2011,Occupational Therapy Assistants,40,56893,60600,40431,65123
10,8,North Country,31-2021,Physical Therapist Assistants,100,62329,59478,48139,69424
10,8,North Country,31-2022,Physical Therapist Aides,30,38350,36834,32240,41482
10,8,North Country,31-9011,Massage Therapists,60,55796,45050,36142,65624
10,8,North Country,31-9091,Dental Assistants,290,45952,46528,38751,49553
10,8,North Country,31-9092,Medical Assistants,460,44215,42662,38052,47297
10,8,North Country,31-9093,Medical Equipment Preparers,90,46855,44155,38655,50957
10,8,North Country,31-9094,Medical Transcriptionists,20,46941,47880,38871,50976
10,8,North Country,31-9095,Pharmacy Aides,100,35212,33595,32287,36675
10,8,North Country,31-9096,Veterinary Assistants and Laboratory Animal Caretakers,210,40763,38384,36875,42707
10,8,North Country,31-9097,Phlebotomists,140,43633,41790,37205,46847
10,8,North Country,31-9099,"Healthcare Support Workers, All Other",110,55167,55447,43578,60962
10,8,North Country,33-0000,Protective Service Occupations,6420,72097,70657,49140,83575
10,8,North Country,33-1011,First-Line Supervisors of Correctional Officers,320,93912,92524,79053,101341
10,8,North Country,33-1012,First-Line Supervisors of Police and Detectives,230,105816,99793,74367,121542
10,8,North Country,33-1021,First-Line Supervisors of Fire Fighting and Prevention Workers,60,90615,88844,76048,97898
10,8,North Country,33-1091,First-Line Supervisors of Security Workers,30,67766,69590,53348,74975
10,8,North Country,33-1099,"First-Line Supervisors of Protective Service Workers, All Other",30,81998,85661,58307,93843
10,8,North Country,33-2011,Firefighters,190,63506,63933,48678,70919
10,8,North Country,33-2021,Fire Inspectors and Investigators,,84932,82519,65976,94411
10,8,North Country,33-3011,Bailiffs,50,76974,80107,53441,88740
10,8,North Country,33-3012,Correctional Officers and Jailers,2910,72146,70657,62589,76925
10,8,North Country,33-3021,Detectives and Criminal Investigators,370,105322,110294,81364,117300
10,8,North Country,33-3031,Fish and Game Wardens,80,79836,80333,67161,86173
10,8,North Country,33-3051,Police and Sheriff's Patrol Officers,940,77243,72299,56875,87428
10,8,North Country,33-9011,Animal Control Workers,70,56285,44635,34878,66989
10,8,North Country,33-9021,Private Detectives and Investigators,20,55704,45775,42304,62404
10,8,North Country,33-9032,Security Guards,520,47580,43461,35933,53403
10,8,North Country,33-9091,Crossing Guards,110,44379,35457,32695,50221
10,8,North Country,33-9092,"Lifeguards, Ski Patrol, and Other Recreational Protective Service",110,37425,37584,32240,40093
10,8,North Country,33-9093,Transportation Security Screeners,70,56962,61650,42552,64167
10,8,North Country,33-9094,School Bus Monitors,290,37174,35063,32431,39545
10,8,North Country,35-0000,Food Preparation and Serving Related Occupations,13060,41559,36110,32326,46177
10,8,North Country,35-1011,Chefs and Head Cooks,190,69570,63593,49619,79546
10,8,North Country,35-1012,First-Line Supervisors of Food Preparation and Serving Workers,1120,47158,43420,36438,52518
10,8,North Country,35-2011,"Cooks, Fast Food",460,34558,32985,32240,35795
10,8,North Country,35-2012,"Cooks, Institution and Cafeteria",480,42891,41034,35491,46590
10,8,North Country,35-2014,"Cooks, Restaurant",970,40688,38345,33635,44214
10,8,North Country,35-2015,"Cooks, Short Order",380,37283,35883,32359,39744
10,8,North Country,35-2021,Food Preparation Workers,810,36912,35818,32240,39306
10,8,North Country,35-3011,Bartenders,940,50727,39147,32240,60014
10,8,North Country,35-3023,Fast Food and Counter Workers,3270,35071,34462,32240,36550
10,8,North Country,35-3031,Waiters and Waitresses,2350,49578,41883,32716,58009
10,8,North Country,35-3041,"Food Servers, Nonrestaurant",250,36546,36169,32240,38750
10,8,North Country,35-9011,Dining Room and Cafeteria Attendants and Bartender Helpers,980,37984,35396,32240,40864
10,8,North Country,35-9021,Dishwashers,510,34362,32530,32240,35500
10,8,North Country,35-9031,"Hosts and Hostesses, Restaurant, Lounge, and Coffee Shop",340,39472,37170,32240,43127
10,8,North Country,37-0000,Building and Grounds Cleaning and Maintenance Occupations,4920,41570,38235,33402,45654
10,8,North Country,37-1011,First-Line Supervisors of Housekeeping and Janitorial Workers,190,57699,56368,42400,65349
10,8,North Country,37-1012,"First-Line Supervisors of Landscaping, Lawn Service, and Groundskeeping Workers",90,61427,61829,41299,71491
10,8,North Country,37-2011,"Janitors and Cleaners, Except Maids and Housekeeping Cleaners",2580,39900,38113,33319,43190
10,8,North Country,37-2012,Maids and Housekeeping Cleaners,900,38605,35386,32557,41629
10,8,North Country,37-2021,Pest Control Workers,50,51762,49480,40607,57339
10,8,North Country,37-3011,Landscaping and Groundskeeping Workers,1000,41113,38538,34137,44600
10,8,North Country,37-3013,Tree Trimmers and Pruners,100,60922,58431,48506,67131
10,8,North Country,39-0000,Personal Care and Service Occupations,2250,41041,35763,32240,45462
10,8,North Country,39-1014,"First-Line Supervisors of Entertainment and Recreation Workers, Except Gambling Services",30,50530,48283,40687,55452
10,8,North Country,39-1022,First-Line Supervisors of Personal Service Workers,110,56462,52302,41185,64101
10,8,North Country,39-2021,Nonfarm Animal Caretakers,210,36973,34216,32255,39332
10,8,North Country,39-3031,"Ushers, Lobby Attendants, and Ticket Takers",70,32894,32252,32240,33299
10,8,North Country,39-3091,Amusement and Recreation Attendants,150,37320,33883,32240,39935
10,8,North Country,39-4011,Embalmers,,74973,75603,54874,85022
10,8,North Country,39-4021,Funeral Attendants,40,37368,36256,33365,39370
10,8,North Country,39-4031,"Morticians, Undertakers, and Funeral Directors",40,61205,60387,38703,72456
10,8,North Country,39-5012,"Hairdressers, Hairstylists, and Cosmetologists",120,39887,32366,32240,43786
10,8,North Country,39-5094,Skincare Specialists,40,50031,53478,37700,56197
10,8,North Country,39-6012,Concierges,20,40040,36063,34776,42672
10,8,North Country,39-7010,Tour and Travel Guides,30,38727,33757,32729,41726
10,8,North Country,39-9011,Childcare Workers,590,35654,33730,32240,37427
10,8,North Country,39-9031,Fitness Trainers and Aerobics Instructors,160,52918,38744,32472,63141
10,8,North Country,39-9032,Recreation Workers,340,42381,38201,32858,47141
10,8,North Country,39-9041,Residential Advisors,150,41157,40173,34825,44323
10,8,North Country,41-0000,Sales and Related Occupations,12390,45738,35650,32240,52527
10,8,North Country,41-1011,First-Line Supervisors of Retail Sales Workers,1310,55340,49100,37838,64091
10,8,North Country,41-1012,First-Line Supervisors of Non-Retail Sales Workers,110,91041,83991,62729,105198
10,8,North Country,41-2011,Cashiers,4010,34071,33163,32240,35155
10,8,North Country,41-2021,Counter and Rental Clerks,420,45814,39370,32851,52295
10,8,North Country,41-2022,Parts Salespersons,220,45869,42668,35265,51171
10,8,North Country,41-2031,Retail Salespersons,4640,39569,35431,32240,43324
10,8,North Country,41-3011,Advertising Sales Agents,70,61186,50435,34226,74666
10,8,North Country,41-3021,Insurance Sales Agents,160,87465,58642,41975,110209
10,8,North Country,41-3031,"Securities, Commodities, and Financial Services Sales Agents",160,113585,95073,53923,143415
10,8,North Country,41-3041,Travel Agents,30,42992,39626,32240,48536
10,8,North Country,41-3091,"Sales Representatives of Services, Except Advertising, Insurance, Financial Services, and Travel",430,79713,65392,41299,98920
10,8,North Country,41-4011,"Sales Representatives, Wholesale and Manufacturing, Technical and Scientific Products",30,102187,108805,61183,122688
10,8,North Country,41-4012,"Sales Representatives, Wholesale and Manufacturing, Except Technical and Scientific Products",690,75737,64317,43390,91912
10,8,North Country,41-9011,Demonstrators and Product Promoters,20,39173,38104,34744,41387
10,8,North Country,41-9022,Real Estate Sales Agents,50,85056,79641,47303,103932
10,8,North Country,41-9099,"Sales and Related Workers, All Other",20,46023,34800,32497,52786
10,8,North Country,43-0000,Office and Administrative Support Occupations,17690,49162,45673,36249,55619
10,8,North Country,43-1011,First-Line Supervisors of Office and Administrative Support Workers,1020,68653,64416,48628,78666
10,8,North Country,43-2011,"Switchboard Operators, Including Answering Service",30,42324,39948,34032,46471
10,8,North Country,43-3011,Bill and Account Collectors,90,52306,46852,37607,59655
10,8,North Country,43-3021,Billing and Posting Clerks,410,47531,45649,39060,51767
10,8,North Country,43-3031,"Bookkeeping, Accounting, and Auditing Clerks",1810,49963,48104,37389,56250
10,8,North Country,43-3051,Payroll and Timekeeping Clerks,180,55251,55408,42691,61530
10,8,North Country,43-3061,Procurement Clerks,80,51607,51739,42528,56148
10,8,North Country,43-3071,Tellers,450,40037,38925,36676,41718
10,8,North Country,43-3099,"Financial Clerks, All Other",20,47602,48749,41203,50801
10,8,North Country,43-4011,Brokerage Clerks,,62690,60742,51188,68440
10,8,North Country,43-4031,"Court, Municipal, and License Clerks",470,50518,47578,36791,57381
10,8,North Country,43-4051,Customer Service Representatives,1790,44892,41210,35628,49525
10,8,North Country,43-4061,"Eligibility Interviewers, Government Programs",190,54296,55035,45023,58931
10,8,North Country,43-4071,File Clerks,50,40910,39402,33302,44715
10,8,North Country,43-4081,"Hotel, Motel, and Resort Desk Clerks",360,38605,35731,33102,41356
10,8,North Country,43-4111,"Interviewers, Except Eligibility and Loan",130,43260,40117,36597,46592
10,8,North Country,43-4121,"Library Assistants, Clerical",190,38044,34666,32240,41130
10,8,North Country,43-4131,Loan Interviewers and Clerks,70,51030,49081,40676,56207
10,8,North Country,43-4141,New Accounts Clerks,110,47846,47375,41253,51141
10,8,North Country,43-4151,Order Clerks,40,43660,41820,34830,48077
10,8,North Country,43-4161,"Human Resources Assistants, Except Payroll and Timekeeping",140,52261,50918,41050,57866
10,8,North Country,43-4171,Receptionists and Information Clerks,920,41001,39534,35027,43988
10,8,North Country,43-4181,Reservation and Transportation Ticket Agents and Travel Clerks,20,36912,34215,33998,38370
10,8,North Country,43-4199,"Information and Record Clerks, All Other",240,41421,32533,32240,46041
10,8,North Country,43-5011,Cargo and Freight Agents,170,48281,45514,39733,52556
10,8,North Country,43-5021,Couriers and Messengers,100,38726,37007,32791,41695
10,8,North Country,43-5031,"Police, Fire, and Ambulance Dispatchers",170,56150,50657,44101,62174
10,8,North Country,43-5032,"Dispatchers, Except Police, Fire, and Ambulance",140,49089,46840,35950,55658
10,8,North Country,43-5041,"Meter Readers, Utilities",,63125,57213,48593,70390
10,8,North Country,43-5051,Postal Service Clerks,230,59670,60217,45768,66621
10,8,North Country,43-5052,Postal Service Mail Carriers,430,60054,56201,43225,68467
10,8,North Country,43-5061,"Production, Planning, and Expediting Clerks",560,57238,50365,41315,65199
10,8,North Country,43-5071,"Shipping, Receiving, and Traffic Clerks",610,45478,42847,35897,50268
10,8,North Country,43-5111,"Weighers, Measurers, Checkers, and Samplers, Recordkeeping",30,45102,46746,35356,49974
10,8,North Country,43-6011,Executive Secretaries and Executive Administrative Assistants,600,73946,70515,55743,83047
10,8,North Country,43-6012,Legal Secretaries,160,53429,48498,42672,58809
10,8,North Country,43-6013,Medical Secretaries,610,43251,41512,36318,46717
10,8,North Country,43-6014,"Secretaries and Administrative Assistants, Except Legal, Medical, and Executive",2090,47830,47327,37472,53010
10,8,North Country,43-9021,Data Entry Keyers,120,41785,41044,34592,45382
10,8,North Country,43-9022,Word Processors and Typists,450,43721,41982,35126,48018
10,8,North Country,43-9051,"Mail Clerks and Mail Machine Operators, Except Postal Service",120,40727,40433,32997,44592
10,8,North Country,43-9061,"Office Clerks, General",2120,44455,42243,34301,49532
10,8,North Country,43-9071,"Office Machine Operators, Except Computer",40,38721,35621,32240,42146
10,8,North Country,43-9199,"Office and Administrative Support Workers, All Other",50,55885,52720,40109,63774
10,8,North Country,45-0000,"Farming, Fishing, and Forestry Occupations",310,48155,43096,36375,54045
10,8,North Country,45-2092,"Farmworkers and Laborers, Crop, Nursery, and Greenhouse",80,38700,37285,33166,41467
10,8,North Country,45-2093,"Farmworkers, Farm, Ranch, and Aquacultural Animals",20,42888,38039,35127,46768
10,8,North Country,45-4022,Logging Equipment Operators,140,47683,43149,39707,51670
10,8,North Country,47-0000,Construction and Extraction Occupations,6800,62999,57811,43548,72724
10,8,North Country,47-1011,Supervisors of Construction and Extraction Workers,760,77664,70881,53609,89691
10,8,North Country,47-2021,Brickmasons and Blockmasons,40,78896,90125,56102,90292
10,8,North Country,47-2031,Carpenters,1060,60676,60705,44926,68551
10,8,North Country,47-2041,Carpet Installers,20,56833,46948,37574,66462
10,8,North Country,47-2051,Cement Masons and Concrete Finishers,140,63293,60644,45366,72256
10,8,North Country,47-2061,Construction Laborers,1100,55376,48866,38503,63812
10,8,North Country,47-2071,"Paving, Surfacing, and Tamping Equipment Operators",100,72865,63631,47518,85537
10,8,North Country,47-2073,Operating Engineers and Other Construction Equipment Operators,560,69913,60786,48166,80787
10,8,North Country,47-2111,Electricians,490,75719,75889,51752,87702
10,8,North Country,47-2121,Glaziers,30,55065,50208,46236,59480
10,8,North Country,47-2141,"Painters, Construction and Maintenance",180,56263,49443,41772,63508
10,8,North Country,47-2152,"Plumbers, Pipefitters, and Steamfitters",240,75194,64811,46265,89658
10,8,North Country,47-2181,Roofers,100,71485,75131,43411,85522
10,8,North Country,47-2211,Sheet Metal Workers,90,79855,78756,53360,93104
10,8,North Country,47-3012,Helpers--Carpenters,30,41324,41798,37335,43318
10,8,North Country,47-4011,Construction and Building Inspectors,200,72492,65810,49125,84176
10,8,North Country,47-4041,Hazardous Materials Removal Workers,30,55510,55910,41145,62692
10,8,North Country,47-4051,Highway Maintenance Workers,1230,50932,50584,42858,54971
10,8,North Country,47-4071,Septic Tank Servicers and Sewer Pipe Cleaners,40,54546,58079,39431,62103
10,8,North Country,47-5022,"Excavating and Loading Machine and Dragline Operators, Surface Mining",50,54143,50821,44519,58954
10,8,North Country,47-5023,"Earth Drillers, Except Oil and Gas",20,60025,52181,41710,69184
10,8,North Country,47-5041,Continuous Mining Machine Operators,20,69712,71004,49554,79790
10,8,North Country,49-0000,"Installation, Maintenance, and Repair Occupations",7380,62126,55475,40410,72984
10,8,North Country,49-1011,"First-Line Supervisors of Mechanics, Installers, and Repairers",680,84347,76488,54008,99518
10,8,North Country,49-2011,"Computer, Automated Teller, and Office Machine Repairers",60,49927,45257,38252,55764
10,8,North Country,49-2022,"Telecommunications Equipment Installers and Repairers, Except Line Installers",140,68077,64884,47234,78500
10,8,North Country,49-2094,"Electrical and Electronics Repairers, Commercial and Industrial Equipment",100,69474,66689,59619,74402
10,8,North Country,49-2095,"Electrical and Electronics Repairers, Powerhouse, Substation, and Relay",30,104356,103426,88047,112511
10,8,North Country,49-2098,Security and Fire Alarm Systems Installers,60,55497,53568,44099,61197
10,8,North Country,49-3021,Automotive Body and Related Repairers,200,50393,50341,38107,56536
10,8,North Country,49-3023,Automotive Service Technicians and Mechanics,840,51659,48372,36957,59010
10,8,North Country,49-3031,Bus and Truck Mechanics and Diesel Engine Specialists,360,59613,59872,46222,66308
10,8,North Country,49-3041,Farm Equipment Mechanics and Service Technicians,30,52160,49831,44158,56161
10,8,North Country,49-3042,"Mobile Heavy Equipment Mechanics, Except Engines",120,61278,60804,45992,68920
10,8,North Country,49-3051,Motorboat Mechanics and Service Technicians,120,53135,50551,44348,57528
10,8,North Country,49-3053,Outdoor Power Equipment and Other Small Engine Mechanics,90,47705,45677,37254,52932
10,8,North Country,49-3092,Recreational Vehicle Service Technicians,30,51428,50839,42866,55709
10,8,North Country,49-3093,Tire Repairers and Changers,50,41224,41472,34513,44580
10,8,North Country,49-9012,"Control and Valve Installers and Repairers, Except Mechanical Door",90,86694,97576,59783,100149
10,8,North Country,49-9021,"Heating, Air Conditioning, and Refrigeration Mechanics and Installers",410,65992,62192,45292,76341
10,8,North Country,49-9031,Home Appliance Repairers,30,46464,48307,35451,51970
10,8,North Country,49-9041,Industrial Machinery Mechanics,410,67110,63840,49776,75776
10,8,North Country,49-9043,"Maintenance Workers, Machinery",90,65157,63705,55715,69878
10,8,North Country,49-9044,Millwrights,40,69555,69099,58547,75059
10,8,North Country,49-9051,Electrical Power-Line Installers and Repairers,390,114345,124832,88618,127210
10,8,North Country,49-9052,Telecommunications Line Installers and Repairers,200,81501,94697,45847,99328
10,8,North Country,49-9062,Medical Equipment Repairers,20,63750,67114,47120,72065
10,8,North Country,49-9071,"Maintenance and Repair Workers, General",2450,50426,48521,36940,57169
10,8,North Country,49-9094,Locksmiths and Safe Repairers,20,53902,48718,38244,61732
10,8,North Country,49-9098,"Helpers--Installation, Maintenance, and Repair Workers",80,43218,40680,35322,47166
10,8,North Country,49-9099,"Installation, Maintenance, and Repair Workers, All Other",90,54714,56500,40874,61634
10,8,North Country,51-0000,Production Occupations,7020,52882,48972,37760,60443
10,8,North Country,51-1011,First-Line Supervisors of Production and Operating Workers,570,77140,79267,55684,87867
10,8,North Country,51-2028,"Electrical, electronic, and electromechanical assemblers, except coil winders, tapers, and finishers?(OES-specific code and title)",300,41027,37232,33802,44638
10,8,North Country,51-2090,Miscellaneous Assemblers and Fabricators,970,45619,46184,37294,49780
10,8,North Country,51-3011,Bakers,110,39514,37079,33372,42586
10,8,North Country,51-3021,Butchers and Meat Cutters,90,46208,46808,35298,51663
10,8,North Country,51-3022,"Meat, Poultry, and Fish Cutters and Trimmers",40,38901,39517,32721,41991
10,8,North Country,51-3023,Slaughterers and Meat Packers,,39895,37899,34301,42692
10,8,North Country,51-3091,"Food and Tobacco Roasting, Baking, and Drying Machine Operators and Tenders",20,38915,36564,33357,41694
10,8,North Country,51-3092,Food Batchmakers,170,41554,38641,35351,44656
10,8,North Country,51-4031,"Cutting, Punching, and Press Machine Setters, Operators, and Tenders, Metal and Plastic",140,44663,42432,40436,46777
10,8,North Country,51-4041,Machinists,80,59819,61017,48620,65419
10,8,North Country,51-4072,"Molding, Coremaking, and Casting Machine Setters, Operators, and Tenders, Metal and Plastic",180,45413,42228,40115,48062
10,8,North Country,51-4081,"Multiple Machine Tool Setters, Operators, and Tenders, Metal and Plastic",150,55040,61001,42712,61204
10,8,North Country,51-4111,Tool and Die Makers,,70582,66274,56714,77516
10,8,North Country,51-4121,"Welders, Cutters, Solderers, and Brazers",160,55690,52880,46413,60328
10,8,North Country,51-5112,Printing Press Operators,70,45035,41886,34932,50086
10,8,North Country,51-6011,Laundry and Dry-Cleaning Workers,170,37617,35258,32502,40175
10,8,North Country,51-6031,Sewing Machine Operators,50,36134,33642,32240,38196
10,8,North Country,51-7011,Cabinetmakers and Bench Carpenters,30,53198,47762,40018,59788
10,8,North Country,51-7041,"Sawing Machine Setters, Operators, and Tenders, Wood",40,44828,40618,35416,49533
10,8,North Country,51-7042,"Woodworking Machine Setters, Operators, and Tenders, Except Sawing",40,40714,37438,36176,42982
10,8,North Country,51-8013,Power Plant Operators,150,91006,98726,53757,109630
10,8,North Country,51-8021,Stationary Engineers and Boiler Operators,110,62028,64687,45441,70321
10,8,North Country,51-8031,Water and Wastewater Treatment Plant and System Operators,260,58120,56439,44823,64770
10,8,North Country,51-9012,"Separating, Filtering, Clarifying, Precipitating, and Still Machine Setters, Operators, and Tenders",200,52230,52786,47263,54715
10,8,North Country,51-9023,"Mixing and Blending Machine Setters, Operators, and Tenders",150,55183,53805,47357,59097
10,8,North Country,51-9032,"Cutting and Slicing Machine Setters, Operators, and Tenders",50,50010,47106,41952,54039
10,8,North Country,51-9061,"Inspectors, Testers, Sorters, Samplers, and Weighers",450,52521,49651,40023,58769
10,8,North Country,51-9081,Dental Laboratory Technicians,20,57495,51846,41338,65573
10,8,North Country,51-9111,Packaging and Filling Machine Operators and Tenders,500,42427,40949,35355,45964
10,8,North Country,51-9124,"Coating, Painting, and Spraying Machine Setters, Operators, and Tenders",50,48657,46330,38556,53707
10,8,North Country,51-9161,Computer Numerically Controlled Tool Operators,180,54394,52343,46767,58208
10,8,North Country,51-9162,Computer Numerically Controlled Tool Programmers,20,62619,63980,46336,70760
10,8,North Country,51-9195,"Molders, Shapers, and Casters, Except Metal and Plastic",40,46027,41833,38097,49992
10,8,North Country,51-9196,"Paper Goods Machine Setters, Operators, and Tenders",380,57807,61477,48361,62530
10,8,North Country,51-9198,Helpers--Production Workers,90,40698,38993,33767,44164
10,8,North Country,51-9199,"Production Workers, All Other",110,44690,41040,35336,49367
10,8,North Country,53-0000,Transportation and Material Moving Occupations,10680,46986,41585,34964,52997
10,8,North Country,53-1047,"First-Line Supervisors of Transportation and Material Moving Workers, Except Aircraft Cargo Handling Supervisors",450,64018,61635,45384,73335
10,8,North Country,53-3011,"Ambulance Drivers and Attendants, Except Emergency Medical Technicians",20,36829,35167,32433,39026
10,8,North Country,53-3031,Driver/Sales Workers,440,39530,38364,32240,43206
10,8,North Country,53-3032,Heavy and Tractor-Trailer Truck Drivers,1610,58516,55261,45290,65130
10,8,North Country,53-3033,Light Truck or Delivery Services Drivers,940,47314,43369,34600,53671
10,8,North Country,53-3051,"Bus Drivers, School",1020,52670,50620,43386,57312
10,8,North Country,53-3052,"Bus Drivers, Transit and Intercity",80,45111,38438,36142,49595
10,8,North Country,53-3053,Shuttle Drivers and Chauffeurs,310,38016,37397,32600,40724
10,8,North Country,53-3099,"Motor Vehicle Operators, All Other",110,48806,51751,36179,55120
10,8,North Country,53-5021,"Captains, Mates, and Pilots of Water Vessels",40,69551,64951,42359,83147
10,8,North Country,53-6021,Parking Lot Attendants,30,35114,35006,32240,36693
10,8,North Country,53-6031,Automotive and Watercraft Service Attendants,90,36402,36330,32240,38606
10,8,North Country,53-6041,Traffic Technicians,,74320,56509,52383,85288
10,8,North Country,53-7051,Industrial Truck and Tractor Operators,270,46176,46436,36652,50939
10,8,North Country,53-7061,Cleaners of Vehicles and Equipment,250,37549,36196,32711,39969
10,8,North Country,53-7062,"Laborers and Freight, Stock, and Material Movers, Hand",1740,41611,39467,34679,45076
10,8,North Country,53-7064,"Packers and Packagers, Hand",160,37737,34556,32479,40365
10,8,North Country,53-7065,Stockers and Order Fillers,2800,39860,38912,34130,42725
10,8,North Country,53-7081,Refuse and Recyclable Material Collectors,60,48439,50867,37864,53726
10,9,Southern Tier,00-0000,"Total, All Occupations",249200,66002,50384,35337,81335
10,9,Southern Tier,11-0000,Management Occupations,13220,136252,112119,66082,171337
10,9,Southern Tier,11-1011,Chief Executives,220,208376,163165,99376,262876
10,9,Southern Tier,11-1021,General and Operations Managers,4750,127643,97191,56874,163027
10,9,Southern Tier,11-2021,Marketing Managers,360,163842,154168,87405,202059
10,9,Southern Tier,11-2022,Sales Managers,360,185583,167865,103673,226538
10,9,Southern Tier,11-2032,Public Relations Managers,60,160510,134219,102452,189539
10,9,Southern Tier,11-2033,Fundraising Managers,120,148719,140432,93451,176353
10,9,Southern Tier,11-3012,Administrative Services Managers,380,126410,112119,75521,151854
10,9,Southern Tier,11-3013,Facilities Managers,240,115194,107410,72420,136580
10,9,Southern Tier,11-3021,Computer and Information Systems Managers,690,179570,173967,114140,212285
10,9,Southern Tier,11-3031,Financial Managers,840,166296,141181,88068,205410
10,9,Southern Tier,11-3051,Industrial Production Managers,360,143057,130151,87691,170741
10,9,Southern Tier,11-3061,Purchasing Managers,100,161889,157643,99798,192934
10,9,Southern Tier,11-3071,"Transportation, Storage, and Distribution Managers",160,110561,102835,73526,129078
10,9,Southern Tier,11-3111,Compensation and Benefits Managers,,200436,195509,149477,225916
10,9,Southern Tier,11-3121,Human Resources Managers,240,173427,153324,105365,207458
10,9,Southern Tier,11-3131,Training and Development Managers,,151962,136794,97054,179416
10,9,Southern Tier,11-9021,Construction Managers,180,114362,110079,77181,132953
10,9,Southern Tier,11-9031,"Education Administrators, Preschool and Childcare Center/Program",90,76735,65674,54833,87685
10,9,Southern Tier,11-9032,"Education Administrators, Elementary and Secondary School",580,115154,108776,87188,129138
10,9,Southern Tier,11-9033,"Education Administrators, Postsecondary",380,154345,136735,94313,184361
10,9,Southern Tier,11-9039,"Education Administrators, All Other",,87032,79363,54193,103453
10,9,Southern Tier,11-9041,Architectural and Engineering Managers,360,180850,175733,126669,207940
10,9,Southern Tier,11-9051,Food Service Managers,280,70089,67148,47390,81440
10,9,Southern Tier,11-9072,"Entertainment and Recreation Managers, Except Gambling",,77377,67709,44165,93982
10,9,Southern Tier,11-9081,Lodging Managers,130,73117,63867,41509,88921
10,9,Southern Tier,11-9111,Medical and Health Services Managers,690,142739,117508,87412,170403
10,9,Southern Tier,11-9131,Postmasters and Mail Superintendents,60,95849,95145,86816,100365
10,9,Southern Tier,11-9141,"Property, Real Estate, and Community Association Managers",120,87213,61101,48548,106546
10,9,Southern Tier,11-9151,Social and Community Service Managers,560,84892,80007,57904,98387
10,9,Southern Tier,11-9161,Emergency Management Directors,,117058,85769,60493,145341
10,9,Southern Tier,11-9171,Funeral Home Managers,,77531,67392,53933,89330
10,9,Southern Tier,11-9199,"Managers, All Other",350,161621,161795,88252,198306
10,9,Southern Tier,13-0000,Business and Financial Operations Occupations,12190,88772,79299,52915,106701
10,9,Southern Tier,13-1020,Buyers and Purchasing Agents,790,77341,70376,50369,90826
10,9,Southern Tier,13-1031,"Claims Adjusters, Examiners, and Investigators",480,84816,83326,62087,96180
10,9,Southern Tier,13-1041,Compliance Officers,420,86624,75650,54324,102773
10,9,Southern Tier,13-1051,Cost Estimators,300,78361,74789,50515,92284
10,9,Southern Tier,13-1071,Human Resources Specialists,980,78735,72280,51708,92249
10,9,Southern Tier,13-1075,Labor Relations Specialists,150,102208,99012,65352,120635
10,9,Southern Tier,13-1081,Logisticians,220,86467,80041,60686,99357
10,9,Southern Tier,13-1082,Project Management Specialists,1490,111898,105426,70080,132808
10,9,Southern Tier,13-1111,Management Analysts,760,100172,83588,62405,119054
10,9,Southern Tier,13-1121,"Meeting, Convention, and Event Planners",170,62354,57798,43163,71951
10,9,Southern Tier,13-1131,Fundraisers,330,76809,68275,50308,90059
10,9,Southern Tier,13-1141,"Compensation, Benefits, and Job Analysis Specialists",170,84024,79600,57604,97233
10,9,Southern Tier,13-1151,Training and Development Specialists,690,67647,63139,40095,81424
10,9,Southern Tier,13-1161,Market Research Analysts and Marketing Specialists,1000,83137,72546,46440,101486
10,9,Southern Tier,13-1199,"Business Operations Specialists, All Other",630,83247,77234,48745,100497
10,9,Southern Tier,13-2011,Accountants and Auditors,1800,92270,81318,57207,109802
10,9,Southern Tier,13-2020,Appraisers and Assessors of Real Estate,160,79143,72519,48471,94479
10,9,Southern Tier,13-2031,Budget Analysts,70,91450,83977,66788,103780
10,9,Southern Tier,13-2041,Credit Analysts,80,94631,74116,61091,111400
10,9,Southern Tier,13-2051,Financial Analysts,370,100002,84356,67804,116102
10,9,Southern Tier,13-2052,Personal Financial Advisors,230,145653,111682,63748,186607
10,9,Southern Tier,13-2053,Insurance Underwriters,120,82585,76814,57463,95146
10,9,Southern Tier,13-2054,Financial Risk Specialists,50,95802,83836,54639,116384
10,9,Southern Tier,13-2061,Financial Examiners,80,79427,67999,48644,94818
10,9,Southern Tier,13-2071,Credit Counselors,70,64222,62771,49665,71501
10,9,Southern Tier,13-2072,Loan Officers,340,91153,66526,47976,112741
10,9,Southern Tier,13-2081,"Tax Examiners and Collectors, and Revenue Agents",,58117,43347,37700,68326
10,9,Southern Tier,13-2082,Tax Preparers,150,50670,46642,34587,58712
10,9,Southern Tier,13-2099,"Financial Specialists, All Other",60,72716,55044,48159,84993
10,9,Southern Tier,15-0000,Computer and Mathematical Occupations,6120,103486,93243,58183,126137
10,9,Southern Tier,15-1211,Computer Systems Analysts,360,96079,89163,64504,111867
10,9,Southern Tier,15-1212,Information Security Analysts,150,111985,108292,72175,131890
10,9,Southern Tier,15-1221,Computer and Information Research Scientists,70,149298,145838,78001,184946
10,9,Southern Tier,15-1231,Computer Network Support Specialists,230,62309,59705,45137,70895
10,9,Southern Tier,15-1232,Computer User Support Specialists,910,60481,58458,41006,70219
10,9,Southern Tier,15-1241,Computer Network Architects,200,126264,107802,75190,151801
10,9,Southern Tier,15-1242,Database Administrators,90,86615,87122,59961,99942
10,9,Southern Tier,15-1243,Database Architects,,109729,99102,72406,128391
10,9,Southern Tier,15-1244,Network and Computer Systems Administrators,620,96342,88784,64932,112047
10,9,Southern Tier,15-1251,Computer Programmers,240,91791,89456,64181,105596
10,9,Southern Tier,15-1252,Software Developers,1970,126496,115966,83284,148103
10,9,Southern Tier,15-1253,Software Quality Assurance Analysts and Testers,220,100138,100873,70121,115148
10,9,Southern Tier,15-1254,Web Developers,80,93018,86082,53712,112671
10,9,Southern Tier,15-1255,Web and Digital Interface Designers,190,121340,137524,53081,155469
10,9,Southern Tier,15-1299,"Computer Occupations, All Other",220,88208,70750,53563,105530
10,9,Southern Tier,15-2011,Actuaries,,155412,130695,81845,192195
10,9,Southern Tier,15-2031,Operations Research Analysts,50,88155,73885,54693,104886
10,9,Southern Tier,15-2041,Statisticians,130,171027,167877,119920,196580
10,9,Southern Tier,15-2051,Data Scientists,290,95669,83190,59285,113863
10,9,Southern Tier,17-0000,Architecture and Engineering Occupations,5250,99548,89437,62950,117847
10,9,Southern Tier,17-1011,"Architects, Except Landscape and Naval",110,124499,104676,73592,149952
10,9,Southern Tier,17-1012,Landscape Architects,,89472,83058,66874,100771
10,9,Southern Tier,17-1021,Cartographers and Photogrammetrists,,80587,79103,66906,87428
10,9,Southern Tier,17-1022,Surveyors,60,79590,80163,48748,95011
10,9,Southern Tier,17-2011,Aerospace Engineers,,139118,132337,92407,162473
10,9,Southern Tier,17-2031,Biomedical Engineers,,101906,88882,77535,114092
10,9,Southern Tier,17-2041,Chemical Engineers,,122227,113782,85202,140740
10,9,Southern Tier,17-2051,Civil Engineers,500,101454,91121,71965,116198
10,9,Southern Tier,17-2061,Computer Hardware Engineers,220,137488,147315,88173,162145
10,9,Southern Tier,17-2071,Electrical Engineers,480,123238,115812,85405,142154
10,9,Southern Tier,17-2072,"Electronics Engineers, Except Computer",250,114812,102500,77672,133381
10,9,Southern Tier,17-2081,Environmental Engineers,80,98074,86641,66039,114091
10,9,Southern Tier,17-2111,"Health and Safety Engineers, Except Mining Safety Engineers and Inspectors",,118891,124023,83598,136537
10,9,Southern Tier,17-2112,Industrial Engineers,960,102230,96622,75108,115791
10,9,Southern Tier,17-2131,Materials Engineers,90,122406,116554,92193,137512
10,9,Southern Tier,17-2141,Mechanical Engineers,490,102853,98051,73360,117599
10,9,Southern Tier,17-2151,"Mining and Geological Engineers, Including Mining Safety Engineers",,108300,97225,68867,128016
10,9,Southern Tier,17-2199,"Engineers, All Other",320,123352,112742,83756,143151
10,9,Southern Tier,17-3011,Architectural and Civil Drafters,110,70023,64970,52175,78946
10,9,Southern Tier,17-3012,Electrical and Electronics Drafters,,63246,53458,42480,73630
10,9,Southern Tier,17-3013,Mechanical Drafters,80,68252,63605,50453,77151
10,9,Southern Tier,17-3019,"Drafters, All Other",,69322,58660,49312,79327
10,9,Southern Tier,17-3021,Aerospace Engineering and Operations Technicians,,64411,65094,53171,70031
10,9,Southern Tier,17-3022,Civil Engineering Technicians,60,68349,70757,51089,76980
10,9,Southern Tier,17-3023,Electrical and Electronic Engineering Technicians,310,72376,71274,47732,84698
10,9,Southern Tier,17-3024,Electro-Mechanical Technicians,,159011,91079,60805,208114
10,9,Southern Tier,17-3025,Environmental Engineering Technicians,,60292,59617,47069,66903
10,9,Southern Tier,17-3026,Industrial Engineering Technicians,350,68369,68646,50839,77135
10,9,Southern Tier,17-3027,Mechanical Engineering Technicians,120,70154,72999,47269,81597
10,9,Southern Tier,17-3028,Calibration Technologists and Technicians,,67841,66885,51972,75775
10,9,Southern Tier,17-3029,"Engineering Technicians, Except Drafters, All Other",250,65433,64337,48686,73806
10,9,Southern Tier,17-3031,Surveying and Mapping Technicians,50,60421,60824,43399,68931
10,9,Southern Tier,19-0000,"Life, Physical, and Social Science Occupations",3200,81735,69608,48573,98314
10,9,Southern Tier,19-1012,Food Scientists and Technologists,,78275,68090,53854,90486
10,9,Southern Tier,19-1013,Soil and Plant Scientists,,81476,61778,59661,92383
10,9,Southern Tier,19-1022,Microbiologists,,83117,78302,59198,95076
10,9,Southern Tier,19-1023,Zoologists and Wildlife Biologists,,82869,78171,66530,91038
10,9,Southern Tier,19-1029,"Biological Scientists, All Other",130,92577,80295,70062,103835
10,9,Southern Tier,19-1031,Conservation Scientists,60,80133,67005,44933,97734
10,9,Southern Tier,19-1032,Foresters,,85805,82419,62762,97326
10,9,Southern Tier,19-1099,"Life Scientists, All Other",,98430,85267,67284,114003
10,9,Southern Tier,19-2012,Physicists,50,148606,163899,80222,182799
10,9,Southern Tier,19-2031,Chemists,160,98024,86667,57852,118110
10,9,Southern Tier,19-2032,Materials Scientists,80,125196,108876,94299,140645
10,9,Southern Tier,19-2041,"Environmental Scientists and Specialists, Including Health",110,78492,76659,58812,88332
10,9,Southern Tier,19-2099,"Physical Scientists, All Other",60,185566,183152,97857,229420
10,9,Southern Tier,19-3011,Economists,,131014,117357,74631,159206
10,9,Southern Tier,19-3033,Clinical and Counseling Psychologists,140,97666,92727,62454,115272
10,9,Southern Tier,19-3034,School Psychologists,180,83299,79727,61322,94288
10,9,Southern Tier,19-3039,"Psychologists, All Other",,136248,130991,81491,163626
10,9,Southern Tier,19-3051,Urban and Regional Planners,110,92721,85252,58191,109986
10,9,Southern Tier,19-3093,Historians,,50219,38607,33422,58616
10,9,Southern Tier,19-3099,"Social Scientists and Related Workers, All Other",70,82195,60472,56557,95014
10,9,Southern Tier,19-4021,Biological Technicians,200,55770,50443,41517,62895
10,9,Southern Tier,19-4031,Chemical Technicians,130,56034,52009,42770,62665
10,9,Southern Tier,19-4042,"Environmental Science and Protection Technicians, Including Health",50,63041,59797,44111,72505
10,9,Southern Tier,19-4061,Social Science Research Assistants,110,57191,52081,37725,66924
10,9,Southern Tier,19-4071,Forest and Conservation Technicians,,57331,55997,43039,64477
10,9,Southern Tier,19-4092,Forensic Science Technicians,,68629,72383,46195,79847
10,9,Southern Tier,19-4099,"Life, Physical, and Social Science Technicians, All Other",450,58743,63346,42758,66736
10,9,Southern Tier,19-5011,Occupational Health and Safety Specialists,200,83881,80348,57671,96986
10,9,Southern Tier,19-5012,Occupational Health and Safety Technicians,,64316,64422,46264,73341
10,9,Southern Tier,21-0000,Community and Social Service Occupations,6200,61875,59631,41574,72026
10,9,Southern Tier,21-1012,"Educational, Guidance, School, and Vocational Counselors",850,67041,65020,49041,76042
10,9,Southern Tier,21-1013,Marriage and Family Therapists,,76588,78569,52775,88495
10,9,Southern Tier,21-1015,Rehabilitation Counselors,130,47273,38359,36392,52713
10,9,Southern Tier,21-1018,"Substance abuse, behavioral disorder, and mental health counselors?(OES-specific code and title)",620,66560,62822,48235,75722
10,9,Southern Tier,21-1019,"Counselors, All Other",,47252,45815,41922,49917
10,9,Southern Tier,21-1021,"Child, Family, and School Social Workers",780,70728,63421,50679,80754
10,9,Southern Tier,21-1022,Healthcare Social Workers,580,58825,55693,44685,65894
10,9,Southern Tier,21-1023,Mental Health and Substance Abuse Social Workers,350,75669,75440,56322,85342
10,9,Southern Tier,21-1029,"Social Workers, All Other",170,83031,81024,71420,88836
10,9,Southern Tier,21-1091,Health Educators,120,59157,59025,43507,66982
10,9,Southern Tier,21-1092,Probation Officers and Correctional Treatment Specialists,200,78963,79912,58336,89276
10,9,Southern Tier,21-1093,Social and Human Service Assistants,1540,47709,44964,36032,53548
10,9,Southern Tier,21-1094,Community Health Workers,180,49433,48130,37467,55416
10,9,Southern Tier,21-1099,"Community and Social Service Specialists, All Other",320,71898,72288,55328,80184
10,9,Southern Tier,21-2011,Clergy,160,66813,60740,43288,78575
10,9,Southern Tier,21-2021,"Directors, Religious Activities and Education",110,49124,38954,36356,55508
10,9,Southern Tier,21-2099,"Religious Workers, All Other",,38358,32706,32240,41501
10,9,Southern Tier,23-0000,Legal Occupations,1490,109871,86651,52019,138797
10,9,Southern Tier,23-1011,Lawyers,750,135072,106984,70723,167246
10,9,Southern Tier,23-1012,Judicial Law Clerks,,87526,62587,41258,110660
10,9,Southern Tier,23-1023,"Judges, Magistrate Judges, and Magistrates",140,165974,176490,99533,199195
10,9,Southern Tier,23-2011,Paralegals and Legal Assistants,480,59723,58962,44999,67086
10,9,Southern Tier,23-2093,"Title Examiners, Abstractors, and Searchers",,62446,60102,39802,73768
10,9,Southern Tier,23-2099,"Legal Support Workers, All Other",60,97995,87975,60135,116925
10,9,Southern Tier,25-0000,"Education, Training, and Library Occupations",25560,74576,62697,36808,93460
10,9,Southern Tier,25-1011,"Business Teachers, Postsecondary",630,106085,98839,55564,131345
10,9,Southern Tier,25-1021,"Computer Science Teachers, Postsecondary",190,101359,102376,57371,123352
10,9,Southern Tier,25-1022,"Mathematical Science Teachers, Postsecondary",190,92895,86002,57125,110780
10,9,Southern Tier,25-1032,"Engineering Teachers, Postsecondary",180,119017,107171,73148,141951
10,9,Southern Tier,25-1042,"Biological Science Teachers, Postsecondary",190,109302,85948,62347,132779
10,9,Southern Tier,25-1051,"Atmospheric, Earth, Marine, and Space Sciences Teachers, Postsecondary",80,90168,80456,47991,111257
10,9,Southern Tier,25-1052,"Chemistry Teachers, Postsecondary",110,103800,88567,60233,125584
10,9,Southern Tier,25-1053,"Environmental Science Teachers, Postsecondary",,90698,79506,58976,106559
10,9,Southern Tier,25-1054,"Physics Teachers, Postsecondary",60,102337,83308,68026,119493
10,9,Southern Tier,25-1061,"Anthropology and Archeology Teachers, Postsecondary",50,107213,104476,57803,131917
10,9,Southern Tier,25-1062,"Area, Ethnic, and Cultural Studies Teachers, Postsecondary",140,92706,83801,60126,108996
10,9,Southern Tier,25-1063,"Economics Teachers, Postsecondary",80,156821,141393,88295,191085
10,9,Southern Tier,25-1065,"Political Science Teachers, Postsecondary",90,128714,107815,71413,157364
10,9,Southern Tier,25-1066,"Psychology Teachers, Postsecondary",200,110284,86467,64060,133395
10,9,Southern Tier,25-1067,"Sociology Teachers, Postsecondary",60,95943,84125,68448,109691
10,9,Southern Tier,25-1069,"Social Sciences Teachers, Postsecondary, All Other",140,63327,52523,41648,74165
10,9,Southern Tier,25-1071,"Health Specialties Teachers, Postsecondary",1200,172104,141782,69658,223327
10,9,Southern Tier,25-1072,"Nursing Instructors and Teachers, Postsecondary",290,86112,82921,49644,104347
10,9,Southern Tier,25-1081,"Education Teachers, Postsecondary",250,103599,85959,60821,124988
10,9,Southern Tier,25-1111,"Criminal Justice and Law Enforcement Teachers, Postsecondary",,94246,71142,51525,115606
10,9,Southern Tier,25-1121,"Art, Drama, and Music Teachers, Postsecondary",1270,141734,105827,65722,179740
10,9,Southern Tier,25-1122,"Communications Teachers, Postsecondary",130,92254,81466,56179,110291
10,9,Southern Tier,25-1123,"English Language and Literature Teachers, Postsecondary",320,105756,76542,58543,129363
10,9,Southern Tier,25-1124,"Foreign Language and Literature Teachers, Postsecondary",90,101858,78193,55646,124963
10,9,Southern Tier,25-1125,"History Teachers, Postsecondary",100,107155,99242,70322,125571
10,9,Southern Tier,25-1126,"Philosophy and Religion Teachers, Postsecondary",140,107397,95040,61810,130190
10,9,Southern Tier,25-1193,"Recreation and Fitness Studies Teachers, Postsecondary",50,96251,84232,63350,112701
10,9,Southern Tier,25-1194,"Vocational Education Teachers, Postsecondary",90,78217,70112,54164,90245
10,9,Southern Tier,25-1199,"Postsecondary Teachers, All Other",90,91886,78230,53885,110887
10,9,Southern Tier,25-2011,"Preschool Teachers, Except Special Education",620,47533,38756,33950,54324
10,9,Southern Tier,25-2012,"Kindergarten Teachers, Except Special Education",250,68852,64743,50245,78155
10,9,Southern Tier,25-2021,"Elementary School Teachers, Except Special Education",3280,71515,65920,52999,80773
10,9,Southern Tier,25-2022,"Middle School Teachers, Except Special and Career/Technical Education",1050,73070,73692,55796,81707
10,9,Southern Tier,25-2023,"Career/Technical  Education Teachers, Middle School",60,75435,74342,57773,84266
10,9,Southern Tier,25-2031,"Secondary School Teachers, Except Special and Career/Technical Education",2410,74371,76875,54198,84457
10,9,Southern Tier,25-2032,"Career/Technical Education Teachers, Secondary School",410,71632,70113,57153,78872
10,9,Southern Tier,25-2051,"Special Education Teachers, Preschool",70,58810,51484,47561,64435
10,9,Southern Tier,25-2052,"Special Education Teachers, Kindergarten and Elementary School",750,70881,65348,55943,78351
10,9,Southern Tier,25-2057,"Special Education Teachers, Middle School",210,70667,65904,55852,78075
10,9,Southern Tier,25-2058,"Special Education Teachers, Secondary School",550,74078,74480,58127,82053
10,9,Southern Tier,25-3011,Adult Basic and Secondary Education and Literacy Teachers and Instructors,,60251,60376,41994,69379
10,9,Southern Tier,25-3021,Self-Enrichment Education Teachers,530,50116,46477,34667,57840
10,9,Southern Tier,25-3031,"Substitute Teachers, Short-Term",1460,42603,37837,33204,47303
10,9,Southern Tier,25-3041,Tutors,220,55627,50061,32240,67410
10,9,Southern Tier,25-4011,Archivists,,71344,67298,49830,82100
10,9,Southern Tier,25-4012,Curators,,69348,64125,40431,83806
10,9,Southern Tier,25-4013,Museum Technicians and Conservators,,51020,46213,36395,58331
10,9,Southern Tier,25-4022,Librarians and Media Collections Specialists,310,70898,71792,50526,81083
10,9,Southern Tier,25-4031,Library Technicians,190,47719,45980,33334,54911
10,9,Southern Tier,25-9031,Instructional Coordinators,540,76881,69715,52757,88942
10,9,Southern Tier,25-9044,"Teaching Assistants, Postsecondary",910,45817,49126,33902,51775
10,9,Southern Tier,25-9045,"Teaching Assistants, Except Postsecondary",4780,36059,32747,32240,38064
10,9,Southern Tier,27-0000,"Arts, Design, Entertainment, Sports, and Media Occupations",2950,73694,57972,37038,92022
10,9,Southern Tier,27-1011,Art Directors,,135163,123454,80150,162670
10,9,Southern Tier,27-1013,"Fine Artists, Including Painters, Sculptors, and Illustrators",,74240,67448,50365,86178
10,9,Southern Tier,27-1021,Commercial and Industrial Designers,50,81332,79993,53256,95370
10,9,Southern Tier,27-1023,Floral Designers,70,39630,37007,34266,42311
10,9,Southern Tier,27-1024,Graphic Designers,270,64077,56203,40653,75789
10,9,Southern Tier,27-1025,Interior Designers,60,58048,53880,38931,67606
10,9,Southern Tier,27-1026,Merchandise Displayers and Window Trimmers,300,40201,36594,33851,43376
10,9,Southern Tier,27-1027,Set and Exhibit Designers,,59721,66319,41960,68601
10,9,Southern Tier,27-2012,Producers and Directors,270,154137,78944,48108,207152
10,9,Southern Tier,27-2022,Coaches and Scouts,440,60433,48590,35107,73096
10,9,Southern Tier,27-2041,Music Directors and Composers,,86950,60421,33209,113820
10,9,Southern Tier,27-3011,Radio and Television Announcers,50,44863,36450,32240,51272
10,9,Southern Tier,27-3023,"News Analysts, Reporters, and Journalist",,77410,47070,37975,97128
10,9,Southern Tier,27-3031,Public Relations Specialists,460,75668,65600,48595,89204
10,9,Southern Tier,27-3041,Editors,110,81046,69805,49714,96712
10,9,Southern Tier,27-3042,Technical Writers,50,88968,83786,67783,99560
10,9,Southern Tier,27-3043,Writers and Authors,,71229,62979,42051,85818
10,9,Southern Tier,27-3091,Interpreters and Translators,50,67071,62623,46892,77161
10,9,Southern Tier,27-3092,Court Reporters and Simultaneous Captioners,,77054,64758,51425,89868
10,9,Southern Tier,27-4011,Audio and Video Equipment Technicians,130,58889,53721,37283,69692
10,9,Southern Tier,27-4012,Broadcast Technicians,,57912,46465,33104,70316
10,9,Southern Tier,27-4014,Sound Engineering Technicians,,67250,66792,51096,75328
10,9,Southern Tier,27-4021,Photographers,80,44015,37312,34104,48970
10,9,Southern Tier,27-4032,Film and Video Editors,70,83236,66442,42675,103517
10,9,Southern Tier,29-0000,Healthcare Practitioners and Technical Occupations,16260,107163,84497,52898,134296
10,9,Southern Tier,29-1011,Chiropractors,50,85473,77548,48576,103922
10,9,Southern Tier,29-1021,"Dentists, General",180,195207,167425,91482,247069
10,9,Southern Tier,29-1023,Orthodontists,,206693,104870,82982,268548
10,9,Southern Tier,29-1031,Dietitians and Nutritionists,170,72812,74413,56709,80864
10,9,Southern Tier,29-1041,Optometrists,60,139629,133579,93774,162557
10,9,Southern Tier,29-1051,Pharmacists,500,133465,137477,97530,151432
10,9,Southern Tier,29-1071,Physician Assistants,480,140803,136003,113267,154572
10,9,Southern Tier,29-1081,Podiatrists,,132501,129867,75046,161229
10,9,Southern Tier,29-1122,Occupational Therapists,300,84876,82533,61231,96698
10,9,Southern Tier,29-1123,Physical Therapists,470,91576,91339,68174,103278
10,9,Southern Tier,29-1124,Radiation Therapists,,100143,101523,82878,108775
10,9,Southern Tier,29-1125,Recreational Therapists,,67049,69080,51611,74768
10,9,Southern Tier,29-1126,Respiratory Therapists,190,91722,92533,76946,99110
10,9,Southern Tier,29-1127,Speech-Language Pathologists,300,86395,82236,63957,97615
10,9,Southern Tier,29-1128,Exercise Physiologists,,60003,57988,50100,64955
10,9,Southern Tier,29-1131,Veterinarians,110,122941,123878,82952,142935
10,9,Southern Tier,29-1141,Registered Nurses,5290,96015,96385,73358,107344
10,9,Southern Tier,29-1161,Nurse Midwives,,128515,132069,101331,142108
10,9,Southern Tier,29-1171,Nurse Practitioners,710,139674,134388,114396,152312
10,9,Southern Tier,29-1181,Audiologists,,94860,94607,79421,102579
10,9,Southern Tier,29-1213,Dermatologists,,389800,,211016,
10,9,Southern Tier,29-1214,Emergency Medicine Physicians,80,345870,,140827,
10,9,Southern Tier,29-1215,Family Medicine Physicians,190,210666,216717,71860,280068
10,9,Southern Tier,29-1216,General Internal Medicine Physicians,230,239358,218543,84188,316943
10,9,Southern Tier,29-1218,Obstetricians and Gynecologists,80,319450,,242470,
10,9,Southern Tier,29-1221,"Pediatricians, General",70,353182,,169464,445040
10,9,Southern Tier,29-1222,"Physicians, Pathologists",,440582,,261145,
10,9,Southern Tier,29-1223,Psychiatrists,60,284146,240388,178692,336873
10,9,Southern Tier,29-1224,Radiologists,60,454840,,89945,637287
10,9,Southern Tier,29-1229,"Physicians, All Other",270,309517,,161550,
10,9,Southern Tier,29-1241,"Ophthalmologists, Except Pediatric",,249985,,196413,
10,9,Southern Tier,29-1249,"Surgeons, All Other",,430590,,188381,
10,9,Southern Tier,29-1292,Dental Hygienists,350,77993,77882,63041,85467
10,9,Southern Tier,29-2010,Clinical Laboratory Technologists and Technicians,450,73059,73875,46752,86213
10,9,Southern Tier,29-2031,Cardiovascular Technologists and Technicians,80,76067,82025,50150,89025
10,9,Southern Tier,29-2032,Diagnostic Medical Sonographers,160,91131,86439,77990,97702
10,9,Southern Tier,29-2033,Nuclear Medicine Technologists,,99968,100719,91857,104023
10,9,Southern Tier,29-2034,Radiologic Technologists,420,78799,80056,60153,88122
10,9,Southern Tier,29-2035,Magnetic Resonance Imaging Technologists,70,92152,92782,76772,99843
10,9,Southern Tier,29-2042,Emergency Medical Technicians,380,43042,41346,37981,45572
10,9,Southern Tier,29-2043,Paramedics,210,58454,58039,50201,62581
10,9,Southern Tier,29-2051,Dietetic Technicians,50,45981,44649,39145,49399
10,9,Southern Tier,29-2052,Pharmacy Technicians,640,42614,39313,35250,46296
10,9,Southern Tier,29-2055,Surgical Technologists,130,66655,65441,50253,74856
10,9,Southern Tier,29-2056,Veterinary Technologists and Technicians,230,51675,49749,43949,55539
10,9,Southern Tier,29-2057,Ophthalmic Medical Technicians,170,46341,45722,36299,51362
10,9,Southern Tier,29-2061,Licensed Practical and Licensed Vocational Nurses,1650,59644,60732,50191,64371
10,9,Southern Tier,29-2072,Medical Records Specialists,270,54718,49689,40998,61577
10,9,Southern Tier,29-2081,"Opticians, Dispensing",130,58797,59774,46503,64944
10,9,Southern Tier,29-2099,"Health Technologists and Technicians, All Other",200,61017,49653,39131,71960
10,9,Southern Tier,29-9021,Health Information Technologists and Medical Registrars,60,76964,69073,50612,90141
10,9,Southern Tier,29-9091,Athletic Trainers,60,67483,59794,53022,74715
10,9,Southern Tier,29-9099,"Healthcare Practitioners and Technical Workers, All Other",,102887,86154,62599,123030
10,9,Southern Tier,31-0000,Healthcare Support Occupations,11460,42643,39823,35040,46445
10,9,Southern Tier,31-1120,Home Health & Personal Care Aides,5620,40681,37659,33907,44067
10,9,Southern Tier,31-1131,Nursing Assistants,2920,42084,40289,36776,44739
10,9,Southern Tier,31-1132,Orderlies,120,40812,39861,36378,43030
10,9,Southern Tier,31-1133,Psychiatric Aides,240,55501,55270,46065,60220
10,9,Southern Tier,31-2011,Occupational Therapy Assistants,60,65597,65458,47712,74540
10,9,Southern Tier,31-2021,Physical Therapist Assistants,160,60034,58702,48003,66049
10,9,Southern Tier,31-2022,Physical Therapist Aides,70,38141,36244,32392,41016
10,9,Southern Tier,31-9011,Massage Therapists,50,56043,47645,35955,66088
10,9,Southern Tier,31-9091,Dental Assistants,510,45952,46712,37388,50235
10,9,Southern Tier,31-9092,Medical Assistants,850,45894,42524,37923,49880
10,9,Southern Tier,31-9093,Medical Equipment Preparers,170,46061,47272,37327,50428
10,9,Southern Tier,31-9094,Medical Transcriptionists,50,42074,41261,36197,45012
10,9,Southern Tier,31-9095,Pharmacy Aides,110,39041,39548,33142,41991
10,9,Southern Tier,31-9096,Veterinary Assistants and Laboratory Animal Caretakers,200,40746,38459,35889,43175
10,9,Southern Tier,31-9097,Phlebotomists,180,44520,41558,39073,47243
10,9,Southern Tier,31-9099,"Healthcare Support Workers, All Other",140,47135,43742,38480,51464
10,9,Southern Tier,33-0000,Protective Service Occupations,5880,64241,61294,37736,77493
10,9,Southern Tier,33-1011,First-Line Supervisors of Correctional Officers,120,83369,83095,64682,92712
10,9,Southern Tier,33-1012,First-Line Supervisors of Police and Detectives,240,108441,105283,79420,122951
10,9,Southern Tier,33-1021,First-Line Supervisors of Fire Fighting and Prevention Workers,70,98569,100100,81540,107082
10,9,Southern Tier,33-1091,First-Line Supervisors of Security Workers,70,81588,73137,48253,98257
10,9,Southern Tier,33-1099,"First-Line Supervisors of Protective Service Workers, All Other",50,76388,79882,43760,92701
10,9,Southern Tier,33-2011,Firefighters,330,70937,70956,51812,80499
10,9,Southern Tier,33-2021,Fire Inspectors and Investigators,50,73940,78265,52191,84815
10,9,Southern Tier,33-3011,Bailiffs,100,74757,77072,49954,87158
10,9,Southern Tier,33-3012,Correctional Officers and Jailers,950,67637,70657,52317,75297
10,9,Southern Tier,33-3021,Detectives and Criminal Investigators,230,92325,103081,58924,109026
10,9,Southern Tier,33-3031,Fish and Game Wardens,,84551,84323,76961,88346
10,9,Southern Tier,33-3051,Police and Sheriff's Patrol Officers,1220,77487,78249,56055,88202
10,9,Southern Tier,33-9011,Animal Control Workers,110,57007,48979,36562,67229
10,9,Southern Tier,33-9021,Private Detectives and Investigators,60,53330,47013,38716,60637
10,9,Southern Tier,33-9032,Security Guards,1330,46324,41565,35203,51884
10,9,Southern Tier,33-9091,Crossing Guards,190,42989,33584,32346,48312
10,9,Southern Tier,33-9092,"Lifeguards, Ski Patrol, and Other Recreational Protective Service",230,34416,34080,32240,35556
10,9,Southern Tier,33-9093,Transportation Security Screeners,,63116,63725,53091,68129
10,9,Southern Tier,33-9094,School Bus Monitors,420,35935,34699,32240,37799
10,9,Southern Tier,35-0000,Food Preparation and Serving Related Occupations,21600,41772,36325,32249,46533
10,9,Southern Tier,35-1011,Chefs and Head Cooks,330,65156,61222,44501,75485
10,9,Southern Tier,35-1012,First-Line Supervisors of Food Preparation and Serving Workers,1960,46785,43703,36440,51958
10,9,Southern Tier,35-2011,"Cooks, Fast Food",630,34863,33120,32240,36251
10,9,Southern Tier,35-2012,"Cooks, Institution and Cafeteria",700,42964,40846,36064,46413
10,9,Southern Tier,35-2014,"Cooks, Restaurant",1540,39915,38086,33554,43096
10,9,Southern Tier,35-2015,"Cooks, Short Order",590,37878,36735,32414,40611
10,9,Southern Tier,35-2019,"Cooks, All Other",50,41959,36960,35197,45339
10,9,Southern Tier,35-2021,Food Preparation Workers,1390,36709,35248,32240,39019
10,9,Southern Tier,35-3011,Bartenders,1660,52697,46616,33134,62477
10,9,Southern Tier,35-3023,Fast Food and Counter Workers,5850,34990,34340,32240,36442
10,9,Southern Tier,35-3031,Waiters and Waitresses,3550,52333,46756,33023,61988
10,9,Southern Tier,35-3041,"Food Servers, Nonrestaurant",450,37183,36126,33007,39271
10,9,Southern Tier,35-9011,Dining Room and Cafeteria Attendants and Bartender Helpers,1470,36746,33312,32240,39070
10,9,Southern Tier,35-9021,Dishwashers,930,34164,32706,32240,35203
10,9,Southern Tier,35-9031,"Hosts and Hostesses, Restaurant, Lounge, and Coffee Shop",490,39241,35921,32240,42796
10,9,Southern Tier,37-0000,Building and Grounds Cleaning and Maintenance Occupations,8050,40806,37314,32859,44780
10,9,Southern Tier,37-1011,First-Line Supervisors of Housekeeping and Janitorial Workers,270,54704,54464,39893,62110
10,9,Southern Tier,37-1012,"First-Line Supervisors of Landscaping, Lawn Service, and Groundskeeping Workers",150,58801,60839,43857,66272
10,9,Southern Tier,37-2011,"Janitors and Cleaners, Except Maids and Housekeeping Cleaners",4820,39309,36724,32636,42644
10,9,Southern Tier,37-2012,Maids and Housekeeping Cleaners,1120,39330,35736,32426,42782
10,9,Southern Tier,37-2021,Pest Control Workers,,49252,46293,36574,55591
10,9,Southern Tier,37-3011,Landscaping and Groundskeeping Workers,1590,41452,38864,33902,45226
10,9,Southern Tier,37-3013,Tree Trimmers and Pruners,,58909,53811,45031,65847
10,9,Southern Tier,37-3019,"Grounds Maintenance Workers, All Other",,59878,54422,50245,64696
10,9,Southern Tier,39-0000,Personal Care and Service Occupations,4730,40625,35850,32240,44878
10,9,Southern Tier,39-1014,"First-Line Supervisors of Entertainment and Recreation Workers, Except Gambling Services",60,49805,45436,38304,55555
10,9,Southern Tier,39-1022,First-Line Supervisors of Personal Service Workers,220,56932,54290,39979,65407
10,9,Southern Tier,39-2011,Animal Trainers,,40213,35813,33363,43637
10,9,Southern Tier,39-2021,Nonfarm Animal Caretakers,380,36224,35016,32240,38278
10,9,Southern Tier,39-3031,"Ushers, Lobby Attendants, and Ticket Takers",130,34417,33130,32240,35583
10,9,Southern Tier,39-3091,Amusement and Recreation Attendants,360,35358,32240,32240,36994
10,9,Southern Tier,39-4021,Funeral Attendants,80,37532,36924,32240,40204
10,9,Southern Tier,39-4031,"Morticians, Undertakers, and Funeral Directors",60,60195,61217,41685,69449
10,9,Southern Tier,39-5012,"Hairdressers, Hairstylists, and Cosmetologists",320,38287,32240,32240,41387
10,9,Southern Tier,39-5092,Manicurists and Pedicurists,210,33446,32240,32240,34125
10,9,Southern Tier,39-5094,Skincare Specialists,50,41856,39189,32907,46332
10,9,Southern Tier,39-6011,Baggage Porters and Bellhops,50,37530,34433,32746,39921
10,9,Southern Tier,39-6012,Concierges,,43634,37402,33501,48700
10,9,Southern Tier,39-7010,Tour and Travel Guides,50,46238,32240,32240,53314
10,9,Southern Tier,39-9011,Childcare Workers,1370,36228,35629,32240,38270
10,9,Southern Tier,39-9031,Fitness Trainers and Aerobics Instructors,430,49559,41100,32437,58120
10,9,Southern Tier,39-9032,Recreation Workers,530,39249,35474,32240,42790
10,9,Southern Tier,39-9041,Residential Advisors,240,48189,47430,36352,54109
10,9,Southern Tier,41-0000,Sales and Related Occupations,18760,49164,36374,32240,57713
10,9,Southern Tier,41-1011,First-Line Supervisors of Retail Sales Workers,1750,55137,49246,37258,64076
10,9,Southern Tier,41-1012,First-Line Supervisors of Non-Retail Sales Workers,220,105860,95581,64944,126317
10,9,Southern Tier,41-2011,Cashiers,5960,34100,32480,32240,35199
10,9,Southern Tier,41-2021,Counter and Rental Clerks,620,46976,40068,33425,53752
10,9,Southern Tier,41-2022,Parts Salespersons,330,45164,39629,33864,50815
10,9,Southern Tier,41-2031,Retail Salespersons,6170,39975,35204,32240,43995
10,9,Southern Tier,41-3011,Advertising Sales Agents,120,68841,60355,37384,84569
10,9,Southern Tier,41-3021,Insurance Sales Agents,360,95922,59303,41512,123127
10,9,Southern Tier,41-3031,"Securities, Commodities, and Financial Services Sales Agents",270,107726,80865,54124,134527
10,9,Southern Tier,41-3041,Travel Agents,,48362,46799,37295,53896
10,9,Southern Tier,41-3091,"Sales Representatives of Services, Except Advertising, Insurance, Financial Services, and Travel",910,79161,66526,41926,97779
10,9,Southern Tier,41-4011,"Sales Representatives, Wholesale and Manufacturing, Technical and Scientific Products",160,119346,106703,63814,147112
10,9,Southern Tier,41-4012,"Sales Representatives, Wholesale and Manufacturing, Except Technical and Scientific Products",1460,82211,71078,47840,99396
10,9,Southern Tier,41-9012,Models,,47163,34675,32435,54526
10,9,Southern Tier,41-9021,Real Estate Brokers,,89244,91982,64872,101430
10,9,Southern Tier,41-9022,Real Estate Sales Agents,90,84090,78963,43857,104207
10,9,Southern Tier,41-9031,Sales Engineers,,109737,100639,73683,127764
10,9,Southern Tier,41-9041,Telemarketers,120,39732,36374,33744,42726
10,9,Southern Tier,41-9099,"Sales and Related Workers, All Other",50,46295,41056,33335,52775
10,9,Southern Tier,43-0000,Office and Administrative Support Occupations,31240,50336,46214,36022,57493
10,9,Southern Tier,43-1011,First-Line Supervisors of Office and Administrative Support Workers,2050,73040,65441,51983,83569
10,9,Southern Tier,43-2011,"Switchboard Operators, Including Answering Service",80,39616,37728,34980,41934
10,9,Southern Tier,43-3011,Bill and Account Collectors,150,47563,42705,36361,53163
10,9,Southern Tier,43-3021,Billing and Posting Clerks,890,47937,45519,38417,52697
10,9,Southern Tier,43-3031,"Bookkeeping, Accounting, and Auditing Clerks",2640,50999,48346,38547,57225
10,9,Southern Tier,43-3051,Payroll and Timekeeping Clerks,260,56887,55409,41981,64340
10,9,Southern Tier,43-3061,Procurement Clerks,80,50407,47327,38845,56187
10,9,Southern Tier,43-3071,Tellers,670,40304,38560,36631,42140
10,9,Southern Tier,43-3099,"Financial Clerks, All Other",80,48449,45155,42283,51532
10,9,Southern Tier,43-4011,Brokerage Clerks,,60430,57353,47836,66728
10,9,Southern Tier,43-4021,Correspondence Clerks,,46973,50237,34634,53143
10,9,Southern Tier,43-4031,"Court, Municipal, and License Clerks",710,44470,38516,32240,50768
10,9,Southern Tier,43-4041,"Credit Authorizers, Checkers, and Clerks",,48615,43968,37434,54206
10,9,Southern Tier,43-4051,Customer Service Representatives,3500,47191,44027,35395,53089
10,9,Southern Tier,43-4061,"Eligibility Interviewers, Government Programs",240,53963,50758,43974,58958
10,9,Southern Tier,43-4071,File Clerks,100,40717,38233,33106,44523
10,9,Southern Tier,43-4081,"Hotel, Motel, and Resort Desk Clerks",380,38202,35626,32674,40967
10,9,Southern Tier,43-4111,"Interviewers, Except Eligibility and Loan",220,43479,39944,36912,46762
10,9,Southern Tier,43-4121,"Library Assistants, Clerical",220,38764,35811,32240,42203
10,9,Southern Tier,43-4131,Loan Interviewers and Clerks,180,47708,48579,40183,51470
10,9,Southern Tier,43-4141,New Accounts Clerks,220,48023,46432,41251,51410
10,9,Southern Tier,43-4151,Order Clerks,80,48498,47761,35678,54909
10,9,Southern Tier,43-4161,"Human Resources Assistants, Except Payroll and Timekeeping",240,52211,50458,40514,58058
10,9,Southern Tier,43-4171,Receptionists and Information Clerks,1760,39595,38144,33265,42759
10,9,Southern Tier,43-4199,"Information and Record Clerks, All Other",140,46852,45079,40612,49972
10,9,Southern Tier,43-5011,Cargo and Freight Agents,,52395,51011,38259,59463
10,9,Southern Tier,43-5021,Couriers and Messengers,190,37388,36493,32240,40132
10,9,Southern Tier,43-5031,"Police, Fire, and Ambulance Dispatchers",190,55992,53258,42065,62956
10,9,Southern Tier,43-5032,"Dispatchers, Except Police, Fire, and Ambulance",260,49760,45427,35587,56847
10,9,Southern Tier,43-5041,"Meter Readers, Utilities",50,53981,50249,43511,59216
10,9,Southern Tier,43-5051,Postal Service Clerks,240,61056,62957,46854,68158
10,9,Southern Tier,43-5052,Postal Service Mail Carriers,750,59439,56583,43570,67374
10,9,Southern Tier,43-5053,"Postal Service Mail Sorters, Processors, and Processing Machine Operators",,61441,58198,49035,67645
10,9,Southern Tier,43-5061,"Production, Planning, and Expediting Clerks",1160,56323,51057,41895,63538
10,9,Southern Tier,43-5071,"Shipping, Receiving, and Traffic Clerks",1140,45134,42987,35888,49757
10,9,Southern Tier,43-5111,"Weighers, Measurers, Checkers, and Samplers, Recordkeeping",70,41314,39098,33890,45026
10,9,Southern Tier,43-6011,Executive Secretaries and Executive Administrative Assistants,1830,74413,70501,58428,82405
10,9,Southern Tier,43-6012,Legal Secretaries,230,51486,49757,37992,58233
10,9,Southern Tier,43-6013,Medical Secretaries,1230,43926,43891,37537,47120
10,9,Southern Tier,43-6014,"Secretaries and Administrative Assistants, Except Legal, Medical, and Executive",3790,48202,46908,37576,53515
10,9,Southern Tier,43-9021,Data Entry Keyers,160,41991,38485,32386,46794
10,9,Southern Tier,43-9022,Word Processors and Typists,520,43827,40557,35131,48175
10,9,Southern Tier,43-9041,Insurance Claims and Policy Processing Clerks,160,51288,48114,40316,56774
10,9,Southern Tier,43-9051,"Mail Clerks and Mail Machine Operators, Except Postal Service",110,40689,38761,33120,44473
10,9,Southern Tier,43-9061,"Office Clerks, General",3870,43627,40393,33181,48850
10,9,Southern Tier,43-9071,"Office Machine Operators, Except Computer",100,42595,37921,32698,47542
10,9,Southern Tier,43-9111,Statistical Assistants,,59126,50034,45937,65720
10,9,Southern Tier,43-9199,"Office and Administrative Support Workers, All Other",,49061,43110,36727,55229
10,9,Southern Tier,45-0000,"Farming, Fishing, and Forestry Occupations",320,48764,42204,34645,55824
10,9,Southern Tier,45-1011,"First-Line Supervisors of Farming, Fishing, and Forestry Workers",,67820,62393,48757,77351
10,9,Southern Tier,45-2011,Agricultural Inspectors,,68190,68298,48516,78027
10,9,Southern Tier,45-2092,"Farmworkers and Laborers, Crop, Nursery, and Greenhouse",140,40071,37799,33314,43450
10,9,Southern Tier,45-2093,"Farmworkers, Farm, Ranch, and Aquacultural Animals",,41515,35100,34752,44896
10,9,Southern Tier,45-4021,Fallers,,36507,35993,33954,37785
10,9,Southern Tier,45-4022,Logging Equipment Operators,50,44478,44369,34375,49529
10,9,Southern Tier,45-4023,Log Graders and Scalers,,44036,44115,39272,46418
10,9,Southern Tier,47-0000,Construction and Extraction Occupations,8680,64623,58826,43193,75338
10,9,Southern Tier,47-1011,Supervisors of Construction and Extraction Workers,950,81545,78827,57635,93501
10,9,Southern Tier,47-2021,Brickmasons and Blockmasons,50,68916,71588,50279,78235
10,9,Southern Tier,47-2031,Carpenters,980,61633,58100,46050,69424
10,9,Southern Tier,47-2044,Tile and Marble Setters,50,60525,53528,39776,70901
10,9,Southern Tier,47-2051,Cement Masons and Concrete Finishers,190,66467,62918,47575,75913
10,9,Southern Tier,47-2061,Construction Laborers,1310,56562,49316,38563,65561
10,9,Southern Tier,47-2071,"Paving, Surfacing, and Tamping Equipment Operators",80,59958,49185,42632,68621
10,9,Southern Tier,47-2073,Operating Engineers and Other Construction Equipment Operators,650,73324,59853,47727,86122
10,9,Southern Tier,47-2081,Drywall and Ceiling Tile Installers,50,65308,59364,46743,74591
10,9,Southern Tier,47-2111,Electricians,760,73620,74078,47579,86641
10,9,Southern Tier,47-2121,Glaziers,,59552,59439,45254,66701
10,9,Southern Tier,47-2132,"Insulation Workers, Mechanical",60,53197,48830,46469,56562
10,9,Southern Tier,47-2141,"Painters, Construction and Maintenance",270,55515,52031,41532,62507
10,9,Southern Tier,47-2152,"Plumbers, Pipefitters, and Steamfitters",540,73370,66117,46320,86896
10,9,Southern Tier,47-2161,Plasterers and Stucco Masons,,74898,91384,42395,91149
10,9,Southern Tier,47-2181,Roofers,220,65971,62984,42351,77781
10,9,Southern Tier,47-2211,Sheet Metal Workers,390,70101,75818,45679,82311
10,9,Southern Tier,47-3011,"Helpers--Brickmasons, Blockmasons, Stonemasons, and Tile and Marble Setters",,51889,56259,41731,56968
10,9,Southern Tier,47-3012,Helpers--Carpenters,,41933,41519,37352,44224
10,9,Southern Tier,47-3013,Helpers--Electricians,,49490,47126,38589,54940
10,9,Southern Tier,47-3015,"Helpers--Pipelayers, Plumbers, Pipefitters, and Steamfitters",50,42213,41626,32805,46918
10,9,Southern Tier,47-4011,Construction and Building Inspectors,260,70587,65232,47582,82089
10,9,Southern Tier,47-4041,Hazardous Materials Removal Workers,50,61841,49802,45943,69790
10,9,Southern Tier,47-4051,Highway Maintenance Workers,1070,50289,48719,41465,54701
10,9,Southern Tier,47-4071,Septic Tank Servicers and Sewer Pipe Cleaners,90,48942,47899,37063,54880
10,9,Southern Tier,47-4090,Miscellaneous Construction and Related Workers,,50045,49403,37592,56272
10,9,Southern Tier,47-5022,"Excavating and Loading Machine and Dragline Operators, Surface Mining",90,54013,50200,42943,59548
10,9,Southern Tier,47-5023,"Earth Drillers, Except Oil and Gas",,71520,69197,49513,82524
10,9,Southern Tier,47-5081,Helpers--Extraction Workers,,45308,44411,32240,51903
10,9,Southern Tier,49-0000,"Installation, Maintenance, and Repair Occupations",10280,60222,55222,39900,70383
10,9,Southern Tier,49-1011,"First-Line Supervisors of Mechanics, Installers, and Repairers",850,81035,75622,54267,94419
10,9,Southern Tier,49-2011,"Computer, Automated Teller, and Office Machine Repairers",80,49076,46859,36301,55464
10,9,Southern Tier,49-2022,"Telecommunications Equipment Installers and Repairers, Except Line Installers",210,68121,63673,43231,80567
10,9,Southern Tier,49-2094,"Electrical and Electronics Repairers, Commercial and Industrial Equipment",50,73604,69705,48047,86383
10,9,Southern Tier,49-2095,"Electrical and Electronics Repairers, Powerhouse, Substation, and Relay",50,114310,111781,95515,123708
10,9,Southern Tier,49-2098,Security and Fire Alarm Systems Installers,110,53612,48741,39886,60474
10,9,Southern Tier,49-3011,Aircraft Mechanics and Service Technicians,120,85340,81033,59755,98132
10,9,Southern Tier,49-3021,Automotive Body and Related Repairers,230,51541,49315,37669,58476
10,9,Southern Tier,49-3022,Automotive Glass Installers and Repairers,,51038,47339,40888,56112
10,9,Southern Tier,49-3023,Automotive Service Technicians and Mechanics,1340,51082,48801,36067,58590
10,9,Southern Tier,49-3031,Bus and Truck Mechanics and Diesel Engine Specialists,620,59080,58974,45431,65905
10,9,Southern Tier,49-3042,"Mobile Heavy Equipment Mechanics, Except Engines",160,62778,59732,50065,69134
10,9,Southern Tier,49-3051,Motorboat Mechanics and Service Technicians,,54341,50351,44547,59237
10,9,Southern Tier,49-3052,Motorcycle Mechanics,,47810,50199,35784,53823
10,9,Southern Tier,49-3053,Outdoor Power Equipment and Other Small Engine Mechanics,70,45558,44647,35675,50501
10,9,Southern Tier,49-3092,Recreational Vehicle Service Technicians,,50533,52285,41711,54944
10,9,Southern Tier,49-3093,Tire Repairers and Changers,70,39126,37760,33570,41904
10,9,Southern Tier,49-9012,"Control and Valve Installers and Repairers, Except Mechanical Door",130,87015,94047,61510,99767
10,9,Southern Tier,49-9021,"Heating, Air Conditioning, and Refrigeration Mechanics and Installers",660,64555,62377,45469,74097
10,9,Southern Tier,49-9031,Home Appliance Repairers,50,45759,40675,33321,51979
10,9,Southern Tier,49-9041,Industrial Machinery Mechanics,820,67285,68911,54266,73793
10,9,Southern Tier,49-9043,"Maintenance Workers, Machinery",130,59872,61841,48327,65643
10,9,Southern Tier,49-9044,Millwrights,,75908,80248,66410,80657
10,9,Southern Tier,49-9051,Electrical Power-Line Installers and Repairers,220,107023,125427,69176,125946
10,9,Southern Tier,49-9052,Telecommunications Line Installers and Repairers,240,77802,73192,49007,92200
10,9,Southern Tier,49-9062,Medical Equipment Repairers,90,73542,67344,57371,81627
10,9,Southern Tier,49-9063,Musical Instrument Repairers and Tuners,,54283,53317,38055,62396
10,9,Southern Tier,49-9069,"Precision Instrument and Equipment Repairers, All Other",,63756,64200,49197,71036
10,9,Southern Tier,49-9071,"Maintenance and Repair Workers, General",3290,51231,48411,37477,58108
10,9,Southern Tier,49-9091,"Coin, Vending, and Amusement Machine Servicers and Repairers",,46082,42688,34333,51957
10,9,Southern Tier,49-9094,Locksmiths and Safe Repairers,,51066,50197,35443,58878
10,9,Southern Tier,49-9096,Riggers,,50710,40352,40174,55979
10,9,Southern Tier,49-9098,"Helpers--Installation, Maintenance, and Repair Workers",140,42211,39198,34069,46283
10,9,Southern Tier,49-9099,"Installation, Maintenance, and Repair Workers, All Other",130,53480,49130,38716,60862
10,9,Southern Tier,51-0000,Production Occupations,16730,52898,49307,37321,60686
10,9,Southern Tier,51-1011,First-Line Supervisors of Production and Operating Workers,1140,79381,78497,54777,91682
10,9,Southern Tier,51-2021,"Coil Winders, Tapers, and Finishers",80,40934,36494,34476,44163
10,9,Southern Tier,51-2028,"Electrical, electronic, and electromechanical assemblers, except coil winders, tapers, and finishers?(OES-specific code and title)",1250,46073,43119,37124,50549
10,9,Southern Tier,51-2041,Structural Metal Fabricators and Fitters,50,56763,52948,44547,62871
10,9,Southern Tier,51-2090,Miscellaneous Assemblers and Fabricators,2510,49873,48590,37530,56044
10,9,Southern Tier,51-3011,Bakers,380,39825,37651,33093,43191
10,9,Southern Tier,51-3021,Butchers and Meat Cutters,150,44263,39644,34528,49130
10,9,Southern Tier,51-3022,"Meat, Poultry, and Fish Cutters and Trimmers",90,38998,37499,33103,41945
10,9,Southern Tier,51-3091,"Food and Tobacco Roasting, Baking, and Drying Machine Operators and Tenders",,38339,36564,33526,40745
10,9,Southern Tier,51-3092,Food Batchmakers,270,42738,38906,33876,47169
10,9,Southern Tier,51-4031,"Cutting, Punching, and Press Machine Setters, Operators, and Tenders, Metal and Plastic",310,46169,44724,35276,51616
10,9,Southern Tier,51-4033,"Grinding, Lapping, Polishing, and Buffing Machine Tool Setters, Operators, and Tenders, Metal and Plastic",130,45321,42972,36825,49569
10,9,Southern Tier,51-4034,"Lathe and Turning Machine Tool Setters, Operators, and Tenders, Metal and Plastic",,55421,58579,40178,63043
10,9,Southern Tier,51-4035,"Milling and Planing Machine Setters, Operators, and Tenders, Metal and Plastic",,41226,39149,35178,44249
10,9,Southern Tier,51-4041,Machinists,720,61543,61627,47703,68462
10,9,Southern Tier,51-4072,"Molding, Coremaking, and Casting Machine Setters, Operators, and Tenders, Metal and Plastic",190,44788,45828,34215,50074
10,9,Southern Tier,51-4081,"Multiple Machine Tool Setters, Operators, and Tenders, Metal and Plastic",750,55314,55514,41810,62066
10,9,Southern Tier,51-4111,Tool and Die Makers,170,67037,64838,54466,73323
10,9,Southern Tier,51-4121,"Welders, Cutters, Solderers, and Brazers",580,53254,53477,41670,59047
10,9,Southern Tier,51-4191,"Heat Treating Equipment Setters, Operators, and Tenders, Metal and Plastic",80,51347,51772,38774,57634
10,9,Southern Tier,51-4193,"Plating and Coating Machine Setters, Operators, and Tenders, Metal and Plastic",170,55687,64859,39624,63718
10,9,Southern Tier,51-5111,Prepress Technician and Workers,50,46248,46489,35036,51854
10,9,Southern Tier,51-5112,Printing Press Operators,270,44083,40130,35367,48441
10,9,Southern Tier,51-5113,Print Binding and Finishing Workers,,40806,40561,32240,45144
10,9,Southern Tier,51-6011,Laundry and Dry-Cleaning Workers,280,35782,34569,32240,37661
10,9,Southern Tier,51-6021,"Pressers, Textile, Garment, and Related Materials",60,33898,32240,32240,34842
10,9,Southern Tier,51-6031,Sewing Machine Operators,200,41075,41106,35160,44032
10,9,Southern Tier,51-6052,"Tailors, Dressmakers, and Custom Sewers",,40401,39512,34861,43171
10,9,Southern Tier,51-6063,"Textile Knitting and Weaving Machine Setters, Operators, and Tenders",,37180,38481,32402,39570
10,9,Southern Tier,51-6093,Upholsterers,,52121,51217,39171,58596
10,9,Southern Tier,51-7011,Cabinetmakers and Bench Carpenters,110,52355,48679,39783,58642
10,9,Southern Tier,51-7021,Furniture Finishers,,39847,37041,33336,43101
10,9,Southern Tier,51-7041,"Sawing Machine Setters, Operators, and Tenders, Wood",130,44269,42681,36963,47922
10,9,Southern Tier,51-8021,Stationary Engineers and Boiler Operators,130,73045,69390,58298,80419
10,9,Southern Tier,51-8031,Water and Wastewater Treatment Plant and System Operators,310,61605,62485,47112,68851
10,9,Southern Tier,51-8092,Gas Plant Operators,,85079,81420,75668,89785
10,9,Southern Tier,51-8093,"Petroleum Pump System Operators, Refinery Operators, and Gaugers",,83706,81352,60503,95308
10,9,Southern Tier,51-9011,Chemical Equipment Operators and Tenders,250,62819,70273,45330,71564
10,9,Southern Tier,51-9012,"Separating, Filtering, Clarifying, Precipitating, and Still Machine Setters, Operators, and Tenders",270,52016,52372,41719,57164
10,9,Southern Tier,51-9021,"Crushing, Grinding, and Polishing Machine Setters, Operators, and Tenders",90,55124,58286,46490,59441
10,9,Southern Tier,51-9022,"Grinding and Polishing Workers, Hand",,39323,38227,35277,41345
10,9,Southern Tier,51-9023,"Mixing and Blending Machine Setters, Operators, and Tenders",290,52051,53816,41876,57139
10,9,Southern Tier,51-9032,"Cutting and Slicing Machine Setters, Operators, and Tenders",100,47545,47838,37714,52460
10,9,Southern Tier,51-9041,"Extruding, Forming, Pressing, and Compacting Machine Setters, Operators, and Tenders",190,51949,54042,33494,61177
10,9,Southern Tier,51-9051,"Furnace, Kiln, Oven, Drier, and Kettle Operators and Tenders",80,54651,56777,40077,61937
10,9,Southern Tier,51-9061,"Inspectors, Testers, Sorters, Samplers, and Weighers",1400,52692,51174,39526,59276
10,9,Southern Tier,51-9071,Jewelers and Precious Stone and Metal Workers,,53332,49203,35984,62006
10,9,Southern Tier,51-9081,Dental Laboratory Technicians,,57977,49542,44087,64922
10,9,Southern Tier,51-9111,Packaging and Filling Machine Operators and Tenders,900,46192,41274,35983,51297
10,9,Southern Tier,51-9123,"Painting, Coating, and Decorating Workers",,52479,56744,41641,57898
10,9,Southern Tier,51-9124,"Coating, Painting, and Spraying Machine Setters, Operators, and Tenders",220,50162,46091,38894,55796
10,9,Southern Tier,51-9161,Computer Numerically Controlled Tool Operators,270,55211,50626,41261,62185
10,9,Southern Tier,51-9162,Computer Numerically Controlled Tool Programmers,60,71039,66367,50762,81178
10,9,Southern Tier,51-9192,"Cleaning, Washing, and Metal Pickling Equipment Operators and Tenders",,51277,51742,46845,53493
10,9,Southern Tier,51-9195,"Molders, Shapers, and Casters, Except Metal and Plastic",190,56032,53379,45966,61065
10,9,Southern Tier,51-9196,"Paper Goods Machine Setters, Operators, and Tenders",190,46001,47212,35679,51162
10,9,Southern Tier,51-9198,Helpers--Production Workers,150,40815,38399,33841,44302
10,9,Southern Tier,51-9199,"Production Workers, All Other",210,43275,43645,32371,48728
10,9,Southern Tier,53-0000,Transportation and Material Moving Occupations,19030,46530,42355,34795,52398
10,9,Southern Tier,53-1047,"First-Line Supervisors of Transportation and Material Moving Workers, Except Aircraft Cargo Handling Supervisors",870,62502,59145,45723,70892
10,9,Southern Tier,53-2012,Commercial Pilots,,184070,173761,126018,213097
10,9,Southern Tier,53-3011,"Ambulance Drivers and Attendants, Except Emergency Medical Technicians",,38022,37141,32240,41054
10,9,Southern Tier,53-3031,Driver/Sales Workers,680,41150,36851,32240,45663
10,9,Southern Tier,53-3032,Heavy and Tractor-Trailer Truck Drivers,2670,59313,57015,45138,66401
10,9,Southern Tier,53-3033,Light Truck or Delivery Services Drivers,1610,43555,40530,34436,48114
10,9,Southern Tier,53-3051,"Bus Drivers, School",1530,51988,49686,42731,56616
10,9,Southern Tier,53-3052,"Bus Drivers, Transit and Intercity",190,48802,48531,36226,55090
10,9,Southern Tier,53-3053,Shuttle Drivers and Chauffeurs,400,37141,34250,32240,39733
10,9,Southern Tier,53-3099,"Motor Vehicle Operators, All Other",50,44220,42020,34266,49199
10,9,Southern Tier,53-6021,Parking Lot Attendants,100,36893,36066,32328,39174
10,9,Southern Tier,53-6031,Automotive and Watercraft Service Attendants,130,36718,37772,32240,39086
10,9,Southern Tier,53-6032,Aircraft Service Attendants,60,37900,36629,35187,39257
10,9,Southern Tier,53-6041,Traffic Technicians,,63419,66254,50455,69901
10,9,Southern Tier,53-6061,"Transportation Attendants, Except Flight Attendants",90,33782,34625,32240,34693
10,9,Southern Tier,53-7041,Hoist and Winch Operators,,58138,50181,40883,66766
10,9,Southern Tier,53-7051,Industrial Truck and Tractor Operators,720,48027,47342,40595,51743
10,9,Southern Tier,53-7061,Cleaners of Vehicles and Equipment,560,38094,35510,32505,40887
10,9,Southern Tier,53-7062,"Laborers and Freight, Stock, and Material Movers, Hand",2930,41590,38616,34876,44948
10,9,Southern Tier,53-7063,Machine Feeders and Offbearers,60,40693,36912,32240,45060
10,9,Southern Tier,53-7064,"Packers and Packagers, Hand",670,37413,35815,32624,39807
10,9,Southern Tier,53-7065,Stockers and Order Fillers,5190,41111,39834,34049,44641
10,9,Southern Tier,53-7081,Refuse and Recyclable Material Collectors,150,49560,48679,36544,56068
10,10,Western New York,00-0000,"Total, All Occupations",619270,65868,50836,35421,81092
10,10,Western New York,11-0000,Management Occupations,34200,138845,116591,67740,174396
10,10,Western New York,11-1011,Chief Executives,470,279276,192232,119900,358964
10,10,Western New York,11-1021,General and Operations Managers,13840,129427,99780,59172,164555
10,10,Western New York,11-1031,Legislators,100,99320,48980,41066,128448
10,10,Western New York,11-2011,Advertising and Promotions Managers,,168626,137112,78587,213645
10,10,Western New York,11-2021,Marketing Managers,1320,160027,139995,84004,198039
10,10,Western New York,11-2022,Sales Managers,1380,177306,162431,92576,219670
10,10,Western New York,11-2032,Public Relations Managers,150,155310,132024,96992,184469
10,10,Western New York,11-2033,Fundraising Managers,130,136642,127983,84219,162854
10,10,Western New York,11-3012,Administrative Services Managers,650,127526,109962,70454,156063
10,10,Western New York,11-3013,Facilities Managers,550,115106,106070,73522,135899
10,10,Western New York,11-3021,Computer and Information Systems Managers,1590,176236,169996,117395,205657
10,10,Western New York,11-3031,Financial Managers,2740,179409,163651,103464,217381
10,10,Western New York,11-3051,Industrial Production Managers,970,132050,126287,87393,154378
10,10,Western New York,11-3061,Purchasing Managers,310,154908,140392,100378,182173
10,10,Western New York,11-3071,"Transportation, Storage, and Distribution Managers",470,116015,102277,75911,136067
10,10,Western New York,11-3111,Compensation and Benefits Managers,90,154488,140789,102938,180264
10,10,Western New York,11-3121,Human Resources Managers,670,158083,140689,96080,189084
10,10,Western New York,11-3131,Training and Development Managers,130,138719,130140,94247,160955
10,10,Western New York,11-9021,Construction Managers,330,128303,119267,80910,151998
10,10,Western New York,11-9031,"Education Administrators, Preschool and Childcare Center/Program",230,70299,62524,49153,80872
10,10,Western New York,11-9032,"Education Administrators, Elementary and Secondary School",1140,117825,111020,85970,133752
10,10,Western New York,11-9033,"Education Administrators, Postsecondary",470,137108,134356,80100,165612
10,10,Western New York,11-9039,"Education Administrators, All Other",80,96013,93988,63175,112431
10,10,Western New York,11-9041,Architectural and Engineering Managers,650,166685,165742,120896,189580
10,10,Western New York,11-9051,Food Service Managers,840,76570,68109,54976,87367
10,10,Western New York,11-9081,Lodging Managers,230,81290,68107,47436,98216
10,10,Western New York,11-9111,Medical and Health Services Managers,1580,153399,129258,87810,186194
10,10,Western New York,11-9121,Natural Sciences Managers,180,152018,134533,86673,184692
10,10,Western New York,11-9131,Postmasters and Mail Superintendents,80,97503,94955,87651,102430
10,10,Western New York,11-9141,"Property, Real Estate, and Community Association Managers",410,95388,78424,56792,114686
10,10,Western New York,11-9151,Social and Community Service Managers,1200,83443,76029,57913,96208
10,10,Western New York,11-9161,Emergency Management Directors,50,131058,102002,68594,162290
10,10,Western New York,11-9171,Funeral Home Managers,50,99271,78517,58001,119906
10,10,Western New York,11-9199,"Managers, All Other",930,139291,134269,85690,166090
10,10,Western New York,13-0000,Business and Financial Operations Occupations,36740,88551,79721,53401,106127
10,10,Western New York,13-1020,Buyers and Purchasing Agents,2050,78193,73762,50645,91968
10,10,Western New York,13-1031,"Claims Adjusters, Examiners, and Investigators",1910,77074,72264,55273,87974
10,10,Western New York,13-1032,"Insurance Appraisers, Auto Damage",50,75823,78804,65313,81078
10,10,Western New York,13-1041,Compliance Officers,2410,87463,82779,51914,105238
10,10,Western New York,13-1051,Cost Estimators,730,79797,77118,52396,93497
10,10,Western New York,13-1071,Human Resources Specialists,3030,78792,71136,51107,92634
10,10,Western New York,13-1075,Labor Relations Specialists,550,100289,100794,63707,118581
10,10,Western New York,13-1081,Logisticians,530,79853,72216,56859,91349
10,10,Western New York,13-1082,Project Management Specialists,3210,104557,101497,67366,123153
10,10,Western New York,13-1111,Management Analysts,2670,99613,85578,59950,119444
10,10,Western New York,13-1121,"Meeting, Convention, and Event Planners",420,63784,57837,40627,75363
10,10,Western New York,13-1131,Fundraisers,550,71803,64933,44062,85673
10,10,Western New York,13-1141,"Compensation, Benefits, and Job Analysis Specialists",410,81103,74678,56065,93622
10,10,Western New York,13-1151,Training and Development Specialists,,67754,64363,41287,80988
10,10,Western New York,13-1161,Market Research Analysts and Marketing Specialists,2920,82379,74015,48570,99282
10,10,Western New York,13-1199,"Business Operations Specialists, All Other",2200,79920,72710,46110,96825
10,10,Western New York,13-2011,Accountants and Auditors,5700,92169,81726,59137,108684
10,10,Western New York,13-2020,Appraisers and Assessors of Real Estate,280,82222,77720,51996,97336
10,10,Western New York,13-2031,Budget Analysts,90,90059,85622,60184,104997
10,10,Western New York,13-2041,Credit Analysts,430,110716,97662,69405,131372
10,10,Western New York,13-2051,Financial Analysts,1000,102077,90731,65991,120121
10,10,Western New York,13-2052,Personal Financial Advisors,740,149201,114195,60415,193594
10,10,Western New York,13-2053,Insurance Underwriters,260,97579,86665,63225,114756
10,10,Western New York,13-2054,Financial Risk Specialists,490,105251,101446,71104,122324
10,10,Western New York,13-2071,Credit Counselors,150,59646,56624,48374,65281
10,10,Western New York,13-2072,Loan Officers,970,100266,80923,50208,125295
10,10,Western New York,13-2081,"Tax Examiners and Collectors, and Revenue Agents",110,93633,92475,60997,109953
10,10,Western New York,13-2082,Tax Preparers,360,56090,52954,36059,66105
10,10,Western New York,13-2099,"Financial Specialists, All Other",270,90603,79721,63118,104345
10,10,Western New York,15-0000,Computer and Mathematical Occupations,14010,103003,97886,59270,124870
10,10,Western New York,15-1211,Computer Systems Analysts,1150,105124,102876,70820,122276
10,10,Western New York,15-1212,Information Security Analysts,360,121853,115778,77139,144210
10,10,Western New York,15-1221,Computer and Information Research Scientists,60,257486,,154261,
10,10,Western New York,15-1231,Computer Network Support Specialists,610,78122,72692,56024,89170
10,10,Western New York,15-1232,Computer User Support Specialists,2530,64807,60641,43876,75272
10,10,Western New York,15-1241,Computer Network Architects,510,127945,132902,90733,146550
10,10,Western New York,15-1242,Database Administrators,240,89305,79826,57930,104993
10,10,Western New York,15-1243,Database Architects,170,115792,109705,74866,136254
10,10,Western New York,15-1244,Network and Computer Systems Administrators,1120,96064,91141,65598,111296
10,10,Western New York,15-1251,Computer Programmers,500,92691,88353,70419,103828
10,10,Western New York,15-1252,Software Developers,3820,128011,131671,82170,150931
10,10,Western New York,15-1253,Software Quality Assurance Analysts and Testers,340,95475,98214,58943,113741
10,10,Western New York,15-1254,Web Developers,150,80268,73940,43381,98711
10,10,Western New York,15-1255,Web and Digital Interface Designers,580,102011,99644,59629,123203
10,10,Western New York,15-1299,"Computer Occupations, All Other",700,105613,104295,65394,125722
10,10,Western New York,15-2011,Actuaries,110,119797,110890,81744,138823
10,10,Western New York,15-2031,Operations Research Analysts,280,103585,95356,62864,123945
10,10,Western New York,15-2041,Statisticians,60,105276,97592,66651,124589
10,10,Western New York,15-2051,Data Scientists,660,106681,97891,63037,128503
10,10,Western New York,17-0000,Architecture and Engineering Occupations,10090,92598,82995,61246,108274
10,10,Western New York,17-1011,"Architects, Except Landscape and Naval",400,107926,92287,63949,129913
10,10,Western New York,17-1012,Landscape Architects,,88972,81436,58274,104321
10,10,Western New York,17-1021,Cartographers and Photogrammetrists,,94871,93259,75954,104329
10,10,Western New York,17-1022,Surveyors,90,79949,74656,53538,93156
10,10,Western New York,17-2011,Aerospace Engineers,50,112821,105862,83047,127708
10,10,Western New York,17-2031,Biomedical Engineers,50,134844,121073,88815,157859
10,10,Western New York,17-2041,Chemical Engineers,70,118296,112728,83053,135916
10,10,Western New York,17-2051,Civil Engineers,1050,106639,97806,74219,122850
10,10,Western New York,17-2061,Computer Hardware Engineers,90,114987,106286,68523,138219
10,10,Western New York,17-2071,Electrical Engineers,590,106636,103759,74608,122650
10,10,Western New York,17-2072,"Electronics Engineers, Except Computer",160,109299,104201,71202,128348
10,10,Western New York,17-2081,Environmental Engineers,230,105755,99763,72416,122425
10,10,Western New York,17-2111,"Health and Safety Engineers, Except Mining Safety Engineers and Inspectors",90,117367,119671,83894,134104
10,10,Western New York,17-2112,Industrial Engineers,2040,105063,103708,75397,119895
10,10,Western New York,17-2131,Materials Engineers,130,104047,106349,74735,118703
10,10,Western New York,17-2141,Mechanical Engineers,880,105137,99521,72995,121207
10,10,Western New York,17-2171,Petroleum Engineers,,108257,86630,75859,124456
10,10,Western New York,17-2199,"Engineers, All Other",410,107187,100216,68473,126544
10,10,Western New York,17-3011,Architectural and Civil Drafters,380,66493,62514,47688,75896
10,10,Western New York,17-3012,Electrical and Electronics Drafters,50,67154,65842,46732,77365
10,10,Western New York,17-3013,Mechanical Drafters,220,69410,65449,51457,78387
10,10,Western New York,17-3019,"Drafters, All Other",100,63909,60824,50578,70574
10,10,Western New York,17-3022,Civil Engineering Technicians,130,61424,60982,42307,70983
10,10,Western New York,17-3023,Electrical and Electronic Engineering Technicians,410,73796,79629,54258,83565
10,10,Western New York,17-3024,Electro-Mechanical Technicians,60,65102,63651,49750,72779
10,10,Western New York,17-3025,Environmental Engineering Technicians,,57153,51667,44370,63545
10,10,Western New York,17-3027,Mechanical Engineering Technicians,400,74606,77741,62926,80445
10,10,Western New York,17-3028,Calibration Technologists and Technicians,120,62816,55359,40165,74142
10,10,Western New York,17-3029,"Engineering Technicians, Except Drafters, All Other",280,68842,68768,52899,76814
10,10,Western New York,17-3031,Surveying and Mapping Technicians,120,57484,49514,43324,64564
10,10,Western New York,19-0000,"Life, Physical, and Social Science Occupations",5610,79679,66958,47159,95938
10,10,Western New York,19-1012,Food Scientists and Technologists,140,96606,94854,63044,113387
10,10,Western New York,19-1021,Biochemists and Biophysicists,90,105337,88467,65652,125179
10,10,Western New York,19-1022,Microbiologists,80,95153,84715,62662,111398
10,10,Western New York,19-1023,Zoologists and Wildlife Biologists,,79154,77958,59248,89108
10,10,Western New York,19-1029,"Biological Scientists, All Other",210,97888,93053,63647,115009
10,10,Western New York,19-1031,Conservation Scientists,50,81910,67544,53013,96360
10,10,Western New York,19-1032,Foresters,,82558,78169,59488,94094
10,10,Western New York,19-1041,Epidemiologists,,142067,134168,75721,175238
10,10,Western New York,19-1042,"Medical Scientists, Except Epidemiologists",300,111280,99671,75289,129276
10,10,Western New York,19-1099,"Life Scientists, All Other",,82782,81860,50217,99065
10,10,Western New York,19-2012,Physicists,,177533,179978,89335,221632
10,10,Western New York,19-2021,Atmospheric and Space Scientists,,90445,93259,52637,109349
10,10,Western New York,19-2031,Chemists,370,80269,76806,41981,99412
10,10,Western New York,19-2041,"Environmental Scientists and Specialists, Including Health",290,79957,72177,54370,92750
10,10,Western New York,19-2042,"Geoscientists, Except Hydrologists and Geographers",50,100032,99750,68978,115558
10,10,Western New York,19-3011,Economists,,120010,103769,79942,140044
10,10,Western New York,19-3033,Clinical and Counseling Psychologists,280,104739,97262,65232,124493
10,10,Western New York,19-3034,School Psychologists,400,85959,81893,57592,100143
10,10,Western New York,19-3051,Urban and Regional Planners,150,95184,83285,59334,113110
10,10,Western New York,19-3093,Historians,50,53300,47275,34012,62944
10,10,Western New York,19-4013,Food Science Technicians,120,54309,52747,45584,58671
10,10,Western New York,19-4021,Biological Technicians,830,55898,62266,40410,63642
10,10,Western New York,19-4031,Chemical Technicians,250,59605,56319,45623,66597
10,10,Western New York,19-4042,"Environmental Science and Protection Technicians, Including Health",160,58293,53114,40646,67116
10,10,Western New York,19-4071,Forest and Conservation Technicians,,55999,56580,38928,64534
10,10,Western New York,19-4092,Forensic Science Technicians,,78736,80657,60334,87938
10,10,Western New York,19-4099,"Life, Physical, and Social Science Technicians, All Other",500,58486,60986,40049,67705
10,10,Western New York,19-5011,Occupational Health and Safety Specialists,470,90555,88362,63668,104000
10,10,Western New York,19-5012,Occupational Health and Safety Technicians,110,59299,55610,46304,65797
10,10,Western New York,21-0000,Community and Social Service Occupations,12930,62078,58846,42975,71630
10,10,Western New York,21-1012,"Educational, Guidance, School, and Vocational Counselors",1920,66354,61540,45742,76659
10,10,Western New York,21-1015,Rehabilitation Counselors,190,48825,45939,37145,54664
10,10,Western New York,21-1018,"Substance abuse, behavioral disorder, and mental health counselors?(OES-specific code and title)",1610,61794,57798,45861,69760
10,10,Western New York,21-1019,"Counselors, All Other",50,67505,58206,38800,81859
10,10,Western New York,21-1021,"Child, Family, and School Social Workers",1810,68162,66132,50576,76955
10,10,Western New York,21-1022,Healthcare Social Workers,1250,63800,61034,47080,72159
10,10,Western New York,21-1023,Mental Health and Substance Abuse Social Workers,770,72257,69888,52272,82249
10,10,Western New York,21-1029,"Social Workers, All Other",250,78342,80397,55354,89836
10,10,Western New York,21-1091,Health Educators,210,62798,59162,41953,73220
10,10,Western New York,21-1092,Probation Officers and Correctional Treatment Specialists,460,78617,82416,59926,87962
10,10,Western New York,21-1093,Social and Human Service Assistants,2460,47231,45942,36536,52578
10,10,Western New York,21-1094,Community Health Workers,470,56738,52508,42254,63981
10,10,Western New York,21-1099,"Community and Social Service Specialists, All Other",410,67284,64402,53336,74259
10,10,Western New York,21-2011,Clergy,570,61123,50925,42117,70626
10,10,Western New York,21-2021,"Directors, Religious Activities and Education",450,60927,57968,42093,70344
10,10,Western New York,21-2099,"Religious Workers, All Other",,51808,51871,34734,60345
10,10,Western New York,23-0000,Legal Occupations,5520,106781,83466,51738,134302
10,10,Western New York,23-1011,Lawyers,2930,136530,114374,72594,168498
10,10,Western New York,23-1012,Judicial Law Clerks,,92188,63813,45056,115755
10,10,Western New York,23-1021,"Administrative Law Judges, Adjudicators, and Hearing Officers",70,123134,117543,93541,137931
10,10,Western New York,23-1023,"Judges, Magistrate Judges, and Magistrates",220,174548,174323,132324,195661
10,10,Western New York,23-2011,Paralegals and Legal Assistants,1960,59770,59127,44283,67513
10,10,Western New York,23-2093,"Title Examiners, Abstractors, and Searchers",130,57986,48696,42743,65607
10,10,Western New York,23-2099,"Legal Support Workers, All Other",120,82691,63091,52244,97914
10,10,Western New York,25-0000,"Education, Training, and Library Occupations",46480,66788,57840,36179,82092
10,10,Western New York,25-1011,"Business Teachers, Postsecondary",600,106305,85837,46153,136381
10,10,Western New York,25-1021,"Computer Science Teachers, Postsecondary",230,92133,84544,45717,115341
10,10,Western New York,25-1022,"Mathematical Science Teachers, Postsecondary",310,90989,81980,51796,110587
10,10,Western New York,25-1031,"Architecture Teachers, Postsecondary",,118794,99666,68198,144092
10,10,Western New York,25-1032,"Engineering Teachers, Postsecondary",400,116817,110598,67730,141360
10,10,Western New York,25-1041,"Agricultural Sciences Teachers, Postsecondary",,62832,51200,48340,70079
10,10,Western New York,25-1042,"Biological Science Teachers, Postsecondary",300,97215,80959,54670,118487
10,10,Western New York,25-1052,"Chemistry Teachers, Postsecondary",150,104480,85838,56893,128273
10,10,Western New York,25-1054,"Physics Teachers, Postsecondary",80,103977,111294,62290,124821
10,10,Western New York,25-1061,"Anthropology and Archeology Teachers, Postsecondary",,102726,95643,58280,124950
10,10,Western New York,25-1062,"Area, Ethnic, and Cultural Studies Teachers, Postsecondary",60,94624,80003,53905,114983
10,10,Western New York,25-1063,"Economics Teachers, Postsecondary",70,107574,104610,75431,123645
10,10,Western New York,25-1065,"Political Science Teachers, Postsecondary",80,94637,81150,49937,116986
10,10,Western New York,25-1066,"Psychology Teachers, Postsecondary",260,88722,79608,51883,107142
10,10,Western New York,25-1067,"Sociology Teachers, Postsecondary",90,82317,79621,56371,95289
10,10,Western New York,25-1069,"Social Sciences Teachers, Postsecondary, All Other",170,91060,83256,53854,109664
10,10,Western New York,25-1071,"Health Specialties Teachers, Postsecondary",1130,111801,100061,57605,138899
10,10,Western New York,25-1072,"Nursing Instructors and Teachers, Postsecondary",400,93576,77312,50611,115058
10,10,Western New York,25-1081,"Education Teachers, Postsecondary",600,90622,77661,54246,108810
10,10,Western New York,25-1111,"Criminal Justice and Law Enforcement Teachers, Postsecondary",130,73146,65363,48839,85300
10,10,Western New York,25-1112,"Law Teachers, Postsecondary",140,116548,130651,56512,146565
10,10,Western New York,25-1121,"Art, Drama, and Music Teachers, Postsecondary",700,91959,77007,52578,111649
10,10,Western New York,25-1122,"Communications Teachers, Postsecondary",280,82193,72566,47865,99357
10,10,Western New York,25-1123,"English Language and Literature Teachers, Postsecondary",480,84506,75913,50523,101498
10,10,Western New York,25-1124,"Foreign Language and Literature Teachers, Postsecondary",,74963,67604,49392,87749
10,10,Western New York,25-1125,"History Teachers, Postsecondary",140,96458,82290,55736,116820
10,10,Western New York,25-1126,"Philosophy and Religion Teachers, Postsecondary",140,82394,68944,53085,97048
10,10,Western New York,25-1193,"Recreation and Fitness Studies Teachers, Postsecondary",50,70499,63936,48206,81645
10,10,Western New York,25-1194,"Vocational Education Teachers, Postsecondary",360,81025,75827,49137,96969
10,10,Western New York,25-1199,"Postsecondary Teachers, All Other",120,75715,53691,48320,89413
10,10,Western New York,25-2011,"Preschool Teachers, Except Special Education",1670,46185,37199,33193,52681
10,10,Western New York,25-2012,"Kindergarten Teachers, Except Special Education",600,75783,73575,48780,89284
10,10,Western New York,25-2021,"Elementary School Teachers, Except Special Education",7710,74482,75024,49401,87022
10,10,Western New York,25-2022,"Middle School Teachers, Except Special and Career/Technical Education",2240,79684,80732,52131,93460
10,10,Western New York,25-2023,"Career/Technical  Education Teachers, Middle School",100,73895,64305,46211,87738
10,10,Western New York,25-2031,"Secondary School Teachers, Except Special and Career/Technical Education",4500,80804,80421,52448,94983
10,10,Western New York,25-2032,"Career/Technical Education Teachers, Secondary School",450,76429,75384,55204,87042
10,10,Western New York,25-2051,"Special Education Teachers, Preschool",190,82428,65259,51804,97740
10,10,Western New York,25-2052,"Special Education Teachers, Kindergarten and Elementary School",1650,71953,65267,51518,82170
10,10,Western New York,25-2057,"Special Education Teachers, Middle School",670,71005,61741,50770,81121
10,10,Western New York,25-2058,"Special Education Teachers, Secondary School",1040,75963,72842,53153,87368
10,10,Western New York,25-2059,"Special Education Teachers, All Other",100,54301,45744,39297,61803
10,10,Western New York,25-3011,Adult Basic and Secondary Education and Literacy Teachers and Instructors,140,58713,59362,44748,65696
10,10,Western New York,25-3021,Self-Enrichment Education Teachers,1370,56404,46113,35085,67063
10,10,Western New York,25-3031,"Substitute Teachers, Short-Term",3710,47598,39519,34586,54105
10,10,Western New York,25-3041,Tutors,400,46626,36321,32240,53913
10,10,Western New York,25-3099,"Teachers and Instructors, All Other",130,98240,78084,56966,118877
10,10,Western New York,25-4012,Curators,60,61735,54909,38771,73217
10,10,Western New York,25-4013,Museum Technicians and Conservators,,49969,46213,34339,57785
10,10,Western New York,25-4022,Librarians and Media Collections Specialists,620,66105,60656,43853,77230
10,10,Western New York,25-4031,Library Technicians,190,43710,36562,32240,49454
10,10,Western New York,25-9031,Instructional Coordinators,900,71827,67383,46461,84511
10,10,Western New York,25-9044,"Teaching Assistants, Postsecondary",480,54157,49516,37197,62637
10,10,Western New York,25-9045,"Teaching Assistants, Except Postsecondary",9530,36390,35206,32240,38561
10,10,Western New York,25-9099,"Education, Training, and Library Workers, All Other",,61113,45401,41691,70825
10,10,Western New York,27-0000,"Arts, Design, Entertainment, Sports, and Media Occupations",7430,74648,59268,39001,92472
10,10,Western New York,27-1011,Art Directors,120,118627,103695,69240,143320
10,10,Western New York,27-1013,"Fine Artists, Including Painters, Sculptors, and Illustrators",,58874,55617,38426,69097
10,10,Western New York,27-1014,Multimedia Artists and Animators,,97309,81282,56347,117790
10,10,Western New York,27-1019,"Artists and Related Workers, All Other",,42606,32634,32562,47628
10,10,Western New York,27-1021,Commercial and Industrial Designers,200,87180,76710,55186,103176
10,10,Western New York,27-1023,Floral Designers,150,40031,38057,34899,42597
10,10,Western New York,27-1024,Graphic Designers,720,63529,58398,44459,73064
10,10,Western New York,27-1025,Interior Designers,170,63606,55460,47908,71456
10,10,Western New York,27-1026,Merchandise Displayers and Window Trimmers,610,43110,38500,35025,47152
10,10,Western New York,27-1027,Set and Exhibit Designers,,118336,85679,69010,143000
10,10,Western New York,27-1029,"Designers, All Other",,77470,75505,57195,87608
10,10,Western New York,27-2012,Producers and Directors,410,105249,79345,49635,133055
10,10,Western New York,27-2022,Coaches and Scouts,1050,62810,50428,35506,76461
10,10,Western New York,27-2023,"Umpires, Referees, and Other Sports Officials",50,38734,35165,33258,41471
10,10,Western New York,27-2041,Music Directors and Composers,120,100271,64098,40152,130330
10,10,Western New York,27-3011,Radio and Television Announcers,100,75184,40654,34538,95508
10,10,Western New York,27-3023,"News Analysts, Reporters, and Journalist",130,85634,60852,38693,109105
10,10,Western New York,27-3031,Public Relations Specialists,870,76309,66598,47444,90742
10,10,Western New York,27-3041,Editors,220,73850,65188,39038,91256
10,10,Western New York,27-3042,Technical Writers,90,85410,79206,57227,99502
10,10,Western New York,27-3043,Writers and Authors,140,68885,64018,40145,83255
10,10,Western New York,27-3091,Interpreters and Translators,60,77322,75071,46110,92928
10,10,Western New York,27-3092,Court Reporters and Simultaneous Captioners,70,97545,100116,68482,112076
10,10,Western New York,27-3099,"Media and Communication Workers, All Other",,81573,71838,54536,95092
10,10,Western New York,27-4011,Audio and Video Equipment Technicians,460,62936,50544,40104,74353
10,10,Western New York,27-4012,Broadcast Technicians,60,76309,75485,36012,96457
10,10,Western New York,27-4014,Sound Engineering Technicians,70,86033,85342,56585,100758
10,10,Western New York,27-4015,Lighting Technicians,50,71592,67787,47231,83772
10,10,Western New York,27-4021,Photographers,130,50393,41096,34965,58107
10,10,Western New York,27-4031,"Camera Operators, Television, Video, and Motion Picture",130,119712,101585,63001,148069
10,10,Western New York,27-4032,Film and Video Editors,120,91572,70975,44373,115171
10,10,Western New York,27-4099,"Media and Communication Equipment Workers, All Other",,95550,98558,75887,105382
10,10,Western New York,29-0000,Healthcare Practitioners and Technical Occupations,44250,102651,86708,54254,126849
10,10,Western New York,29-1011,Chiropractors,160,70399,56775,38989,86104
10,10,Western New York,29-1021,"Dentists, General",520,177474,162251,72107,230157
10,10,Western New York,29-1022,Oral and Maxillofacial Surgeons,,222290,,80392,293241
10,10,Western New York,29-1029,"Dentists, All Other Specialists",,211141,205662,94472,269477
10,10,Western New York,29-1031,Dietitians and Nutritionists,400,74111,76137,53313,84510
10,10,Western New York,29-1041,Optometrists,210,156602,164750,111767,179020
10,10,Western New York,29-1051,Pharmacists,1720,133487,138549,92364,154049
10,10,Western New York,29-1071,Physician Assistants,1280,128021,124434,95162,144451
10,10,Western New York,29-1081,Podiatrists,100,129484,128386,70060,159196
10,10,Western New York,29-1122,Occupational Therapists,1040,82328,79513,59735,93625
10,10,Western New York,29-1123,Physical Therapists,1370,90417,90272,68724,101264
10,10,Western New York,29-1124,Radiation Therapists,70,107738,92579,83174,120020
10,10,Western New York,29-1125,Recreational Therapists,60,71601,69866,54756,80023
10,10,Western New York,29-1126,Respiratory Therapists,540,86126,85957,72308,93035
10,10,Western New York,29-1127,Speech-Language Pathologists,1010,88857,80791,54960,105804
10,10,Western New York,29-1128,Exercise Physiologists,,79613,61423,47985,95429
10,10,Western New York,29-1129,"Therapists, All Other",50,68058,66438,46192,78990
10,10,Western New York,29-1131,Veterinarians,230,136092,132062,88355,159960
10,10,Western New York,29-1141,Registered Nurses,15410,98192,95390,76489,109043
10,10,Western New York,29-1151,Nurse Anesthetists,50,255446,245010,238322,264008
10,10,Western New York,29-1161,Nurse Midwives,,144608,148053,116162,158831
10,10,Western New York,29-1171,Nurse Practitioners,1440,140117,136306,105916,157219
10,10,Western New York,29-1181,Audiologists,90,85349,87454,62753,96648
10,10,Western New York,29-1212,Cardiologists,120,416382,,258388,
10,10,Western New York,29-1213,Dermatologists,70,265594,192067,186457,305162
10,10,Western New York,29-1214,Emergency Medicine Physicians,240,245697,,116082,310504
10,10,Western New York,29-1215,Family Medicine Physicians,210,210998,214086,122664,255165
10,10,Western New York,29-1216,General Internal Medicine Physicians,490,294474,,134092,374665
10,10,Western New York,29-1217,Neurologists,60,318461,,143716,405834
10,10,Western New York,29-1218,Obstetricians and Gynecologists,110,310287,,185115,
10,10,Western New York,29-1221,"Pediatricians, General",250,205726,165609,128205,244487
10,10,Western New York,29-1222,"Physicians, Pathologists",,286712,,188555,
10,10,Western New York,29-1223,Psychiatrists,90,250067,230359,142032,304085
10,10,Western New York,29-1224,Radiologists,100,437535,,197433,
10,10,Western New York,29-1229,"Physicians, All Other",1760,164206,102681,65652,213482
10,10,Western New York,29-1241,"Ophthalmologists, Except Pediatric",70,332628,,179311,
10,10,Western New York,29-1243,Pediatric Surgeons,,319200,,214250,
10,10,Western New York,29-1249,"Surgeons, All Other",130,327028,213065,151171,414956
10,10,Western New York,29-1291,Acupuncturists,,88065,85174,67327,98434
10,10,Western New York,29-1292,Dental Hygienists,770,79372,80395,67431,85342
10,10,Western New York,29-1299,"Healthcare Diagnosing or Treating Practitioners, All Other",80,102193,90781,64964,120806
10,10,Western New York,29-2010,Clinical Laboratory Technologists and Technicians,870,74985,78415,47815,88570
10,10,Western New York,29-2031,Cardiovascular Technologists and Technicians,180,77605,81599,45526,93645
10,10,Western New York,29-2032,Diagnostic Medical Sonographers,370,90273,89223,75567,97626
10,10,Western New York,29-2033,Nuclear Medicine Technologists,80,98433,100893,84834,105233
10,10,Western New York,29-2034,Radiologic Technologists,1080,78794,82096,61277,87551
10,10,Western New York,29-2035,Magnetic Resonance Imaging Technologists,160,88408,87456,74829,95198
10,10,Western New York,29-2042,Emergency Medical Technicians,630,42480,41170,37791,44824
10,10,Western New York,29-2043,Paramedics,340,60626,58523,50115,65882
10,10,Western New York,29-2051,Dietetic Technicians,170,46893,41085,37898,51391
10,10,Western New York,29-2052,Pharmacy Technicians,2210,41722,38825,34793,45187
10,10,Western New York,29-2053,Psychiatric Technicians,50,44883,41812,38000,48324
10,10,Western New York,29-2055,Surgical Technologists,490,75137,70001,59287,83062
10,10,Western New York,29-2056,Veterinary Technologists and Technicians,430,53578,50010,45901,57415
10,10,Western New York,29-2057,Ophthalmic Medical Technicians,300,44182,45875,36662,47942
10,10,Western New York,29-2061,Licensed Practical and Licensed Vocational Nurses,4070,61547,62052,50388,67128
10,10,Western New York,29-2072,Medical Records Specialists,810,59289,54700,40874,68496
10,10,Western New York,29-2081,"Opticians, Dispensing",420,62106,59775,47378,69470
10,10,Western New York,29-2092,Hearing Aid Specialists,,68728,59494,46101,80042
10,10,Western New York,29-2099,"Health Technologists and Technicians, All Other",490,57675,50947,40321,66353
10,10,Western New York,29-9021,Health Information Technologists and Medical Registrars,100,80987,78710,49418,96771
10,10,Western New York,29-9091,Athletic Trainers,90,75930,53533,45057,91365
10,10,Western New York,29-9092,Genetic Counselors,,124838,106626,87946,143284
10,10,Western New York,29-9093,Surgical Assistants,,71778,63839,53674,80831
10,10,Western New York,29-9099,"Healthcare Practitioners and Technical Workers, All Other",140,83859,86355,47918,101829
10,10,Western New York,31-0000,Healthcare Support Occupations,31580,41386,37985,34665,44747
10,10,Western New York,31-1120,Home Health & Personal Care Aides,18610,38626,36943,33990,40944
10,10,Western New York,31-1131,Nursing Assistants,5510,41857,40177,36927,44321
10,10,Western New York,31-1132,Orderlies,200,39497,39701,35514,41489
10,10,Western New York,31-1133,Psychiatric Aides,300,47904,43682,38390,52661
10,10,Western New York,31-2011,Occupational Therapy Assistants,320,55308,50768,41555,62184
10,10,Western New York,31-2012,Occupational Therapy Aides,,47253,43837,37718,52021
10,10,Western New York,31-2021,Physical Therapist Assistants,390,59999,56750,46715,66639
10,10,Western New York,31-2022,Physical Therapist Aides,180,39383,35831,32240,43031
10,10,Western New York,31-9011,Massage Therapists,310,69169,64545,42038,82735
10,10,Western New York,31-9091,Dental Assistants,1590,47780,47573,41170,51085
10,10,Western New York,31-9092,Medical Assistants,2270,45938,45289,37342,50235
10,10,Western New York,31-9093,Medical Equipment Preparers,420,46511,46276,37902,50815
10,10,Western New York,31-9094,Medical Transcriptionists,160,41920,38889,35125,45318
10,10,Western New York,31-9095,Pharmacy Aides,130,38065,36797,33498,40348
10,10,Western New York,31-9096,Veterinary Assistants and Laboratory Animal Caretakers,450,40213,38213,35079,42779
10,10,Western New York,31-9097,Phlebotomists,460,46547,46782,37682,50979
10,10,Western New York,31-9099,"Healthcare Support Workers, All Other",260,52677,51577,40407,58812
10,10,Western New York,33-0000,Protective Service Occupations,15440,64932,61280,37167,78815
10,10,Western New York,33-1011,First-Line Supervisors of Correctional Officers,240,92012,90790,81380,97328
10,10,Western New York,33-1012,First-Line Supervisors of Police and Detectives,610,111626,102185,87885,123496
10,10,Western New York,33-1021,First-Line Supervisors of Fire Fighting and Prevention Workers,330,98437,100959,88993,103159
10,10,Western New York,33-1091,First-Line Supervisors of Security Workers,180,60913,56602,43513,69612
10,10,Western New York,33-2011,Firefighters,990,69613,74454,53135,77852
10,10,Western New York,33-2021,Fire Inspectors and Investigators,,81519,82519,63028,90763
10,10,Western New York,33-3011,Bailiffs,220,67559,74055,40846,80914
10,10,Western New York,33-3012,Correctional Officers and Jailers,2130,71864,74466,61374,77109
10,10,Western New York,33-3021,Detectives and Criminal Investigators,950,102801,98167,72486,117959
10,10,Western New York,33-3031,Fish and Game Wardens,,84218,84323,73467,89593
10,10,Western New York,33-3041,Parking Enforcement Workers,,41023,38696,37091,42988
10,10,Western New York,33-3051,Police and Sheriff's Patrol Officers,2750,81527,82333,59881,92350
10,10,Western New York,33-9011,Animal Control Workers,130,56437,47606,36432,66440
10,10,Western New York,33-9021,Private Detectives and Investigators,100,61975,48451,42158,71884
10,10,Western New York,33-9032,Security Guards,4040,44956,39093,35861,49502
10,10,Western New York,33-9091,Crossing Guards,400,39351,38247,33286,42383
10,10,Western New York,33-9092,"Lifeguards, Ski Patrol, and Other Recreational Protective Service",510,35623,34275,32240,37315
10,10,Western New York,33-9093,Transportation Security Screeners,210,60262,64388,48320,66233
10,10,Western New York,33-9094,School Bus Monitors,1400,36731,36060,32794,38701
10,10,Western New York,33-9099,"Protective Service Workers, All Other",70,53386,46172,40197,59980
10,10,Western New York,35-0000,Food Preparation and Serving Related Occupations,56880,42536,36365,32575,47517
10,10,Western New York,35-1011,Chefs and Head Cooks,870,72566,67422,48809,84445
10,10,Western New York,35-1012,First-Line Supervisors of Food Preparation and Serving Workers,5200,47474,43703,36999,52712
10,10,Western New York,35-2011,"Cooks, Fast Food",1150,34969,35002,32240,36410
10,10,Western New York,35-2012,"Cooks, Institution and Cafeteria",1340,42117,39533,35842,45254
10,10,Western New York,35-2014,"Cooks, Restaurant",4790,41144,38769,34913,44260
10,10,Western New York,35-2015,"Cooks, Short Order",1550,37517,35013,32772,39890
10,10,Western New York,35-2019,"Cooks, All Other",90,40659,38594,35181,43398
10,10,Western New York,35-2021,Food Preparation Workers,3240,36375,35261,32240,38495
10,10,Western New York,35-3011,Bartenders,3810,55462,49341,33411,66487
10,10,Western New York,35-3023,Fast Food and Counter Workers,16390,35196,35078,32249,36670
10,10,Western New York,35-3031,Waiters and Waitresses,9830,53695,47882,33115,63985
10,10,Western New York,35-3041,"Food Servers, Nonrestaurant",1380,35093,34370,32240,36574
10,10,Western New York,35-9011,Dining Room and Cafeteria Attendants and Bartender Helpers,3270,38491,34752,32240,41657
10,10,Western New York,35-9021,Dishwashers,2310,34594,33603,32240,35848
10,10,Western New York,35-9031,"Hosts and Hostesses, Restaurant, Lounge, and Coffee Shop",1590,39460,35923,32240,43105
10,10,Western New York,37-0000,Building and Grounds Cleaning and Maintenance Occupations,19550,41628,37970,33084,45901
10,10,Western New York,37-1011,First-Line Supervisors of Housekeeping and Janitorial Workers,710,53761,49887,40027,60629
10,10,Western New York,37-1012,"First-Line Supervisors of Landscaping, Lawn Service, and Groundskeeping Workers",480,61353,62451,49871,67095
10,10,Western New York,37-2011,"Janitors and Cleaners, Except Maids and Housekeeping Cleaners",10960,39159,36709,32705,42385
10,10,Western New York,37-2012,Maids and Housekeeping Cleaners,3130,39657,35513,32495,43238
10,10,Western New York,37-2021,Pest Control Workers,160,49754,46622,39109,55077
10,10,Western New York,37-3011,Landscaping and Groundskeeping Workers,3940,44469,40228,35072,49169
10,10,Western New York,37-3012,"Pesticide Handlers, Sprayers, and Applicators, Vegetation",,53868,50802,39528,61038
10,10,Western New York,37-3013,Tree Trimmers and Pruners,140,55437,48569,45657,60327
10,10,Western New York,39-0000,Personal Care and Service Occupations,12450,41602,35268,32240,46352
10,10,Western New York,39-1014,"First-Line Supervisors of Entertainment and Recreation Workers, Except Gambling Services",240,52476,48414,38076,59677
10,10,Western New York,39-1022,First-Line Supervisors of Personal Service Workers,510,54217,50852,37153,62749
10,10,Western New York,39-2011,Animal Trainers,50,41164,37905,34292,44600
10,10,Western New York,39-2021,Nonfarm Animal Caretakers,1030,36154,34714,32240,38135
10,10,Western New York,39-3012,Gaming and Sports Book Writers and Runners,,47206,38224,37903,51858
10,10,Western New York,39-3031,"Ushers, Lobby Attendants, and Ticket Takers",440,33694,32679,32240,34485
10,10,Western New York,39-3091,Amusement and Recreation Attendants,1250,35947,34150,32240,37876
10,10,Western New York,39-3092,Costume Attendants,,58339,56857,38186,68415
10,10,Western New York,39-3093,"Locker Room, Coatroom, and Dressing Room Attendants",50,37306,33399,32240,39916
10,10,Western New York,39-4021,Funeral Attendants,130,39062,37357,33006,42091
10,10,Western New York,39-4031,"Morticians, Undertakers, and Funeral Directors",140,61793,60553,43371,71004
10,10,Western New York,39-5012,"Hairdressers, Hairstylists, and Cosmetologists",1100,46588,32240,32240,53838
10,10,Western New York,39-5092,Manicurists and Pedicurists,750,34026,32240,32240,34995
10,10,Western New York,39-5093,Shampooers,80,32240,32240,32240,32240
10,10,Western New York,39-5094,Skincare Specialists,350,47895,35845,32918,55384
10,10,Western New York,39-6011,Baggage Porters and Bellhops,120,40738,36903,32542,44835
10,10,Western New York,39-6012,Concierges,130,39344,34971,32240,42945
10,10,Western New York,39-7010,Tour and Travel Guides,90,42752,32468,32240,48085
10,10,Western New York,39-9011,Childcare Workers,2680,36100,34737,32240,38105
10,10,Western New York,39-9031,Fitness Trainers and Aerobics Instructors,1020,51002,42783,33350,59827
10,10,Western New York,39-9032,Recreation Workers,1500,37364,33045,32240,40003
10,10,Western New York,39-9041,Residential Advisors,260,43713,39631,35483,47828
10,10,Western New York,41-0000,Sales and Related Occupations,52480,54363,36897,32305,65391
10,10,Western New York,41-1011,First-Line Supervisors of Retail Sales Workers,3820,57724,50776,38296,67437
10,10,Western New York,41-1012,First-Line Supervisors of Non-Retail Sales Workers,870,110746,101693,68089,132075
10,10,Western New York,41-2011,Cashiers,13950,33974,32390,32240,35010
10,10,Western New York,41-2012,Gaming Change Persons and Booth Cashiers,180,61098,50421,38027,72633
10,10,Western New York,41-2021,Counter and Rental Clerks,1640,49085,41069,34181,56537
10,10,Western New York,41-2022,Parts Salespersons,820,45451,42104,34060,51146
10,10,Western New York,41-2031,Retail Salespersons,17170,40307,35120,32240,44466
10,10,Western New York,41-3011,Advertising Sales Agents,310,85420,65414,43599,106330
10,10,Western New York,41-3021,Insurance Sales Agents,1530,98055,68165,46527,123819
10,10,Western New York,41-3031,"Securities, Commodities, and Financial Services Sales Agents",2470,107880,84120,51944,135848
10,10,Western New York,41-3041,Travel Agents,220,48455,44296,33255,56054
10,10,Western New York,41-3091,"Sales Representatives of Services, Except Advertising, Insurance, Financial Services, and Travel",3570,81351,70538,43023,100515
10,10,Western New York,41-4011,"Sales Representatives, Wholesale and Manufacturing, Technical and Scientific Products",410,133447,107822,64150,168095
10,10,Western New York,41-4012,"Sales Representatives, Wholesale and Manufacturing, Except Technical and Scientific Products",4460,83566,71818,48609,101045
10,10,Western New York,41-9022,Real Estate Sales Agents,250,93873,80198,47541,117039
10,10,Western New York,41-9031,Sales Engineers,160,109940,99978,71222,129299
10,10,Western New York,41-9041,Telemarketers,310,36111,36254,32240,38214
10,10,Western New York,41-9099,"Sales and Related Workers, All Other",80,57260,49087,34379,68701
10,10,Western New York,43-0000,Office and Administrative Support Occupations,78630,51758,47884,36923,59176
10,10,Western New York,43-1011,First-Line Supervisors of Office and Administrative Support Workers,5170,73651,67771,50968,84993
10,10,Western New York,43-2011,"Switchboard Operators, Including Answering Service",190,43402,40994,36362,46922
10,10,Western New York,43-3011,Bill and Account Collectors,2270,45337,40040,35939,50036
10,10,Western New York,43-3021,Billing and Posting Clerks,2440,50535,47370,39271,56168
10,10,Western New York,43-3031,"Bookkeeping, Accounting, and Auditing Clerks",6680,53454,50855,40189,60086
10,10,Western New York,43-3051,Payroll and Timekeeping Clerks,770,57359,55950,42939,64569
10,10,Western New York,43-3061,Procurement Clerks,180,50783,49378,39403,56472
10,10,Western New York,43-3071,Tellers,1260,41602,40957,37007,43898
10,10,Western New York,43-3099,"Financial Clerks, All Other",120,54218,53358,43260,59698
10,10,Western New York,43-4011,Brokerage Clerks,290,69032,59822,55801,75649
10,10,Western New York,43-4021,Correspondence Clerks,60,48268,48870,36731,54036
10,10,Western New York,43-4031,"Court, Municipal, and License Clerks",950,54326,51262,38332,62323
10,10,Western New York,43-4041,"Credit Authorizers, Checkers, and Clerks",170,53932,48396,41588,60104
10,10,Western New York,43-4051,Customer Service Representatives,10970,49485,46566,36154,56151
10,10,Western New York,43-4061,"Eligibility Interviewers, Government Programs",1240,58945,60449,46240,65297
10,10,Western New York,43-4071,File Clerks,240,41923,38713,33299,46234
10,10,Western New York,43-4081,"Hotel, Motel, and Resort Desk Clerks",890,39435,35740,33585,42360
10,10,Western New York,43-4111,"Interviewers, Except Eligibility and Loan",730,47246,44775,39478,51131
10,10,Western New York,43-4121,"Library Assistants, Clerical",460,36627,32307,32240,38860
10,10,Western New York,43-4131,Loan Interviewers and Clerks,370,55157,51576,43419,61026
10,10,Western New York,43-4141,New Accounts Clerks,400,48174,46453,43675,50422
10,10,Western New York,43-4151,Order Clerks,320,48213,46675,38941,52849
10,10,Western New York,43-4161,"Human Resources Assistants, Except Payroll and Timekeeping",570,51071,50670,37693,57760
10,10,Western New York,43-4171,Receptionists and Information Clerks,4890,40378,38887,33794,43670
10,10,Western New York,43-4181,Reservation and Transportation Ticket Agents and Travel Clerks,70,40570,37277,32521,44595
10,10,Western New York,43-4199,"Information and Record Clerks, All Other",480,45871,48615,33385,52115
10,10,Western New York,43-5011,Cargo and Freight Agents,940,50061,45172,38951,55616
10,10,Western New York,43-5021,Couriers and Messengers,620,39178,38272,34267,41633
10,10,Western New York,43-5031,"Police, Fire, and Ambulance Dispatchers",500,57995,57430,43355,65315
10,10,Western New York,43-5032,"Dispatchers, Except Police, Fire, and Ambulance",600,51617,49890,36089,59382
10,10,Western New York,43-5041,"Meter Readers, Utilities",80,52289,43270,42129,57370
10,10,Western New York,43-5051,Postal Service Clerks,440,61701,62957,49027,68038
10,10,Western New York,43-5052,Postal Service Mail Carriers,1710,60639,59643,44398,68761
10,10,Western New York,43-5053,"Postal Service Mail Sorters, Processors, and Processing Machine Operators",350,58014,56604,45407,64317
10,10,Western New York,43-5061,"Production, Planning, and Expediting Clerks",2710,57663,53554,42260,65364
10,10,Western New York,43-5071,"Shipping, Receiving, and Traffic Clerks",2850,47329,45780,36380,52803
10,10,Western New York,43-5111,"Weighers, Measurers, Checkers, and Samplers, Recordkeeping",190,45770,47722,36367,50472
10,10,Western New York,43-6011,Executive Secretaries and Executive Administrative Assistants,3230,76968,74430,58656,86124
10,10,Western New York,43-6013,Medical Secretaries,2510,46537,46492,37898,50856
10,10,Western New York,43-6014,"Secretaries and Administrative Assistants, Except Legal, Medical, and Executive",7660,48300,47433,36812,54044
10,10,Western New York,43-9021,Data Entry Keyers,570,43769,40781,33974,48666
10,10,Western New York,43-9022,Word Processors and Typists,1630,47092,46945,37541,51868
10,10,Western New York,43-9031,Desktop Publishers,,51519,46939,41485,56537
10,10,Western New York,43-9041,Insurance Claims and Policy Processing Clerks,570,56365,51211,43359,62869
10,10,Western New York,43-9051,"Mail Clerks and Mail Machine Operators, Except Postal Service",260,40406,38565,32460,44379
10,10,Western New York,43-9061,"Office Clerks, General",7790,45649,43978,34406,51270
10,10,Western New York,43-9071,"Office Machine Operators, Except Computer",120,44717,42975,33908,50122
10,10,Western New York,43-9081,Proofreaders and Copy Markers,,49250,45614,38389,54680
10,10,Western New York,43-9111,Statistical Assistants,,51070,50015,38149,57529
10,10,Western New York,43-9199,"Office and Administrative Support Workers, All Other",80,60477,54905,36982,72224
10,10,Western New York,45-0000,"Farming, Fishing, and Forestry Occupations",400,44734,39738,34176,50014
10,10,Western New York,45-1011,"First-Line Supervisors of Farming, Fishing, and Forestry Workers",,68123,62393,52098,76136
10,10,Western New York,45-2011,Agricultural Inspectors,,62533,64952,42371,72614
10,10,Western New York,45-2092,"Farmworkers and Laborers, Crop, Nursery, and Greenhouse",270,39494,37936,33615,42433
10,10,Western New York,45-2093,"Farmworkers, Farm, Ranch, and Aquacultural Animals",,39728,37117,33991,42597
10,10,Western New York,45-4022,Logging Equipment Operators,,49219,43967,36383,55638
10,10,Western New York,47-0000,Construction and Extraction Occupations,22400,67979,62228,44265,79836
10,10,Western New York,47-1011,Supervisors of Construction and Extraction Workers,2090,86256,81899,58812,99979
10,10,Western New York,47-2021,Brickmasons and Blockmasons,220,72067,80000,53611,81295
10,10,Western New York,47-2022,Stonemasons,,57456,65345,37485,67442
10,10,Western New York,47-2031,Carpenters,2700,65032,60502,44780,75158
10,10,Western New York,47-2041,Carpet Installers,,56272,50411,42996,62909
10,10,Western New York,47-2042,"Floor Layers, Except Carpet, Wood, and Hard Tiles",70,56312,50766,43534,62701
10,10,Western New York,47-2044,Tile and Marble Setters,170,64126,63113,43290,74544
10,10,Western New York,47-2051,Cement Masons and Concrete Finishers,600,61746,62773,45124,70057
10,10,Western New York,47-2061,Construction Laborers,3300,57694,49778,39386,66848
10,10,Western New York,47-2073,Operating Engineers and Other Construction Equipment Operators,1410,76371,66904,49938,89587
10,10,Western New York,47-2081,Drywall and Ceiling Tile Installers,170,59922,51643,47102,66333
10,10,Western New York,47-2111,Electricians,2490,76827,79308,49249,90614
10,10,Western New York,47-2121,Glaziers,140,65538,63650,46855,74880
10,10,Western New York,47-2131,"Insulation Workers, Floor, Ceiling, and Wall",130,65423,54097,43718,76276
10,10,Western New York,47-2132,"Insulation Workers, Mechanical",120,69490,67935,49503,79484
10,10,Western New York,47-2141,"Painters, Construction and Maintenance",820,55935,50599,42311,62748
10,10,Western New York,47-2151,Pipelayers,50,79936,76688,61348,89229
10,10,Western New York,47-2152,"Plumbers, Pipefitters, and Steamfitters",1540,75196,71498,45613,89988
10,10,Western New York,47-2161,Plasterers and Stucco Masons,,65758,59765,49881,73695
10,10,Western New York,47-2171,Reinforcing Iron and Rebar Workers,,77491,84027,64592,83940
10,10,Western New York,47-2181,Roofers,670,66709,64734,44971,77577
10,10,Western New York,47-2211,Sheet Metal Workers,510,69866,65083,45724,81938
10,10,Western New York,47-2221,Structural Iron and Steel Workers,170,80147,77157,59092,90674
10,10,Western New York,47-2231,Solar Photovoltaic Installers,80,55679,49960,46775,60130
10,10,Western New York,47-3011,"Helpers--Brickmasons, Blockmasons, Stonemasons, and Tile and Marble Setters",,57703,60101,50359,61375
10,10,Western New York,47-3013,Helpers--Electricians,110,43105,39616,36676,46320
10,10,Western New York,47-3015,"Helpers--Pipelayers, Plumbers, Pipefitters, and Steamfitters",160,44955,46005,35167,49849
10,10,Western New York,47-4011,Construction and Building Inspectors,710,78694,77280,53022,91531
10,10,Western New York,47-4021,Elevator Installers and Repairers,120,103457,125155,61972,124200
10,10,Western New York,47-4031,Fence Erectors,120,47526,46696,34950,53815
10,10,Western New York,47-4041,Hazardous Materials Removal Workers,430,70813,60739,46440,82999
10,10,Western New York,47-4051,Highway Maintenance Workers,2090,54344,51831,44552,59240
10,10,Western New York,47-4071,Septic Tank Servicers and Sewer Pipe Cleaners,180,53712,49034,41618,59757
10,10,Western New York,47-5013,"Service Unit Operators, Oil, Gas, and Mining",,54445,63201,40029,61652
10,10,Western New York,47-5022,"Excavating and Loading Machine and Dragline Operators, Surface Mining",140,59151,50975,43286,67084
10,10,Western New York,47-5023,"Earth Drillers, Except Oil and Gas",60,73395,66737,54729,82727
10,10,Western New York,47-5071,"Roustabouts, Oil and Gas",,54952,47574,47070,58893
10,10,Western New York,49-0000,"Installation, Maintenance, and Repair Occupations",24150,61540,58630,40800,71910
10,10,Western New York,49-1011,"First-Line Supervisors of Mechanics, Installers, and Repairers",2130,85199,80716,56922,99337
10,10,Western New York,49-2011,"Computer, Automated Teller, and Office Machine Repairers",310,52689,47804,35410,61330
10,10,Western New York,49-2022,"Telecommunications Equipment Installers and Repairers, Except Line Installers",390,67010,63990,46699,77166
10,10,Western New York,49-2091,Avionics Technicians,,78498,77839,69778,82858
10,10,Western New York,49-2092,"Electric Motor, Power Tool, and Related Repairers",70,64070,66752,49809,71201
10,10,Western New York,49-2093,"Electrical and Electronics Installers and Repairers, Transportation Equipment",,53295,53427,44800,57543
10,10,Western New York,49-2094,"Electrical and Electronics Repairers, Commercial and Industrial Equipment",130,67576,67112,45324,78702
10,10,Western New York,49-2095,"Electrical and Electronics Repairers, Powerhouse, Substation, and Relay",50,102527,104842,81016,113282
10,10,Western New York,49-2097,Electronic Home Entertainment Equipment Installers and Repairers,,58566,63263,44502,65596
10,10,Western New York,49-2098,Security and Fire Alarm Systems Installers,270,62531,62189,45646,70972
10,10,Western New York,49-3011,Aircraft Mechanics and Service Technicians,120,79624,80530,59862,89506
10,10,Western New York,49-3021,Automotive Body and Related Repairers,690,53600,50327,38448,61177
10,10,Western New York,49-3022,Automotive Glass Installers and Repairers,70,52151,47107,39587,58432
10,10,Western New York,49-3023,Automotive Service Technicians and Mechanics,3110,52222,48833,36382,60143
10,10,Western New York,49-3031,Bus and Truck Mechanics and Diesel Engine Specialists,1320,63407,62482,48695,70762
10,10,Western New York,49-3042,"Mobile Heavy Equipment Mechanics, Except Engines",400,65635,62150,52896,72005
10,10,Western New York,49-3043,Rail Car Repairers,,52547,47355,45825,55907
10,10,Western New York,49-3051,Motorboat Mechanics and Service Technicians,110,56849,53386,46346,62099
10,10,Western New York,49-3052,Motorcycle Mechanics,50,51139,49579,36293,58562
10,10,Western New York,49-3053,Outdoor Power Equipment and Other Small Engine Mechanics,200,49674,47700,37073,55975
10,10,Western New York,49-3091,Bicycle Repairers,,40058,39654,35748,42213
10,10,Western New York,49-3092,Recreational Vehicle Service Technicians,50,50976,51122,41997,55466
10,10,Western New York,49-3093,Tire Repairers and Changers,170,41494,38420,34383,45051
10,10,Western New York,49-9011,Mechanical Door Repairers,70,54918,48060,43335,60710
10,10,Western New York,49-9012,"Control and Valve Installers and Repairers, Except Mechanical Door",450,85784,93386,63188,97082
10,10,Western New York,49-9021,"Heating, Air Conditioning, and Refrigeration Mechanics and Installers",1630,63311,61813,43914,73010
10,10,Western New York,49-9031,Home Appliance Repairers,200,44069,39667,33122,49543
10,10,Western New York,49-9041,Industrial Machinery Mechanics,1910,70022,68482,52457,78805
10,10,Western New York,49-9043,"Maintenance Workers, Machinery",330,62669,63904,46552,70729
10,10,Western New York,49-9044,Millwrights,250,79527,85481,62188,88198
10,10,Western New York,49-9051,Electrical Power-Line Installers and Repairers,300,109748,120665,79106,125070
10,10,Western New York,49-9052,Telecommunications Line Installers and Repairers,450,82651,98034,48041,99956
10,10,Western New York,49-9062,Medical Equipment Repairers,140,68323,63702,48678,78146
10,10,Western New York,49-9063,Musical Instrument Repairers and Tuners,,43411,40964,36140,47046
10,10,Western New York,49-9071,"Maintenance and Repair Workers, General",7600,53255,49633,38380,60693
10,10,Western New York,49-9091,"Coin, Vending, and Amusement Machine Servicers and Repairers",150,49050,50433,38756,54197
10,10,Western New York,49-9094,Locksmiths and Safe Repairers,60,52778,51228,39317,59508
10,10,Western New York,49-9098,"Helpers--Installation, Maintenance, and Repair Workers",360,43717,41145,34573,48289
10,10,Western New York,49-9099,"Installation, Maintenance, and Repair Workers, All Other",330,55187,50130,41429,62067
10,10,Western New York,51-0000,Production Occupations,41570,52705,48593,36806,60656
10,10,Western New York,51-1011,First-Line Supervisors of Production and Operating Workers,2960,78518,77424,54257,90648
10,10,Western New York,51-2021,"Coil Winders, Tapers, and Finishers",50,47492,46091,37981,52248
10,10,Western New York,51-2028,"Electrical, electronic, and electromechanical assemblers, except coil winders, tapers, and finishers?(OES-specific code and title)",2400,48917,41730,36489,55132
10,10,Western New York,51-2041,Structural Metal Fabricators and Fitters,160,50337,48322,38992,56010
10,10,Western New York,51-2090,Miscellaneous Assemblers and Fabricators,4800,46450,44296,34770,52289
10,10,Western New York,51-3011,Bakers,930,41267,38771,34396,44703
10,10,Western New York,51-3021,Butchers and Meat Cutters,370,45826,48924,34886,51296
10,10,Western New York,51-3022,"Meat, Poultry, and Fish Cutters and Trimmers",250,38564,37483,32983,41355
10,10,Western New York,51-3023,Slaughterers and Meat Packers,,39996,40216,35770,42108
10,10,Western New York,51-3091,"Food and Tobacco Roasting, Baking, and Drying Machine Operators and Tenders",220,43148,37633,35939,46753
10,10,Western New York,51-3092,Food Batchmakers,980,42358,38250,33060,47008
10,10,Western New York,51-3093,Food Cooking Machine Operators and Tenders,100,46536,49064,39849,49880
10,10,Western New York,51-3099,"Food Processing Workers, All Other",80,42511,40760,38263,44636
10,10,Western New York,51-4021,"Extruding and Drawing Machine Setters, Operators, and Tenders, Metal and Plastic",390,46866,48815,37696,51452
10,10,Western New York,51-4023,"Rolling Machine Setters, Operators, and Tenders, Metal and Plastic",150,63277,55866,43122,73354
10,10,Western New York,51-4031,"Cutting, Punching, and Press Machine Setters, Operators, and Tenders, Metal and Plastic",1160,50879,47442,37602,57517
10,10,Western New York,51-4033,"Grinding, Lapping, Polishing, and Buffing Machine Tool Setters, Operators, and Tenders, Metal and Plastic",580,49384,48474,37299,55427
10,10,Western New York,51-4034,"Lathe and Turning Machine Tool Setters, Operators, and Tenders, Metal and Plastic",160,53495,52089,42350,59067
10,10,Western New York,51-4035,"Milling and Planing Machine Setters, Operators, and Tenders, Metal and Plastic",50,49631,49813,39703,54596
10,10,Western New York,51-4041,Machinists,1730,60491,60096,44250,68611
10,10,Western New York,51-4051,Metal-Refining Furnace Operators and Tenders,50,58658,58051,51728,62124
10,10,Western New York,51-4071,Foundry Mold and Coremakers,,58706,57091,41693,67214
10,10,Western New York,51-4072,"Molding, Coremaking, and Casting Machine Setters, Operators, and Tenders, Metal and Plastic",530,45111,40268,36592,49370
10,10,Western New York,51-4081,"Multiple Machine Tool Setters, Operators, and Tenders, Metal and Plastic",770,53056,52367,39436,59866
10,10,Western New York,51-4111,Tool and Die Makers,330,75739,81028,54015,86601
10,10,Western New York,51-4121,"Welders, Cutters, Solderers, and Brazers",1270,55336,54223,42518,61744
10,10,Western New York,51-4122,"Welding, Soldering, and Brazing Machine Setters, Operators, and Tenders",190,53755,50126,42586,59339
10,10,Western New York,51-4191,"Heat Treating Equipment Setters, Operators, and Tenders, Metal and Plastic",60,62731,59966,45765,71214
10,10,Western New York,51-4193,"Plating and Coating Machine Setters, Operators, and Tenders, Metal and Plastic",190,42620,40484,36121,45870
10,10,Western New York,51-4194,"Tool Grinders, Filers, and Sharpeners",,55095,57614,50022,57631
10,10,Western New York,51-5111,Prepress Technician and Workers,100,47642,46962,37476,52726
10,10,Western New York,51-5112,Printing Press Operators,800,46628,43457,34918,52483
10,10,Western New York,51-5113,Print Binding and Finishing Workers,110,43911,41986,34320,48706
10,10,Western New York,51-6011,Laundry and Dry-Cleaning Workers,760,36109,34478,32240,38119
10,10,Western New York,51-6021,"Pressers, Textile, Garment, and Related Materials",110,34211,32240,32240,35298
10,10,Western New York,51-6031,Sewing Machine Operators,360,40046,38468,33310,43414
10,10,Western New York,51-6052,"Tailors, Dressmakers, and Custom Sewers",70,45604,45725,38090,49361
10,10,Western New York,51-6062,"Textile Cutting Machine Setters, Operators, and Tenders",,47299,46667,40093,50904
10,10,Western New York,51-6092,Fabric and Apparel Patternmakers,,87336,93128,51376,105317
10,10,Western New York,51-6093,Upholsterers,,46241,40352,34685,52018
10,10,Western New York,51-7011,Cabinetmakers and Bench Carpenters,270,51506,49893,37546,58487
10,10,Western New York,51-7021,Furniture Finishers,70,39002,35562,32240,42498
10,10,Western New York,51-7041,"Sawing Machine Setters, Operators, and Tenders, Wood",210,42699,40181,35645,46225
10,10,Western New York,51-7042,"Woodworking Machine Setters, Operators, and Tenders, Except Sawing",170,44008,39393,35902,48062
10,10,Western New York,51-8013,Power Plant Operators,120,101605,106328,70043,117387
10,10,Western New York,51-8021,Stationary Engineers and Boiler Operators,320,72093,68980,55240,80519
10,10,Western New York,51-8031,Water and Wastewater Treatment Plant and System Operators,700,64510,64574,48306,72612
10,10,Western New York,51-8091,Chemical Plant and System Operators,,78382,83857,62355,86396
10,10,Western New York,51-8092,Gas Plant Operators,60,88324,88670,73485,95743
10,10,Western New York,51-8099,"Plant and System Operators, All Other",,61258,67243,49505,67135
10,10,Western New York,51-9011,Chemical Equipment Operators and Tenders,720,58947,60686,40386,68227
10,10,Western New York,51-9012,"Separating, Filtering, Clarifying, Precipitating, and Still Machine Setters, Operators, and Tenders",720,56436,57614,48304,60502
10,10,Western New York,51-9021,"Crushing, Grinding, and Polishing Machine Setters, Operators, and Tenders",130,53225,50820,40878,59400
10,10,Western New York,51-9022,"Grinding and Polishing Workers, Hand",,42687,40418,36075,45992
10,10,Western New York,51-9023,"Mixing and Blending Machine Setters, Operators, and Tenders",760,53602,53049,39084,60861
10,10,Western New York,51-9031,"Cutters and Trimmers, Hand",,43006,38128,37025,45996
10,10,Western New York,51-9032,"Cutting and Slicing Machine Setters, Operators, and Tenders",470,51188,49828,39448,57059
10,10,Western New York,51-9041,"Extruding, Forming, Pressing, and Compacting Machine Setters, Operators, and Tenders",530,55314,54977,35322,65310
10,10,Western New York,51-9051,"Furnace, Kiln, Oven, Drier, and Kettle Operators and Tenders",150,56524,55040,46361,61607
10,10,Western New York,51-9061,"Inspectors, Testers, Sorters, Samplers, and Weighers",3100,51648,48366,36322,59310
10,10,Western New York,51-9071,Jewelers and Precious Stone and Metal Workers,110,55784,48619,34015,66669
10,10,Western New York,51-9081,Dental Laboratory Technicians,340,50887,47928,39413,56626
10,10,Western New York,51-9082,Medical Appliance Technicians,80,41163,37509,33037,45227
10,10,Western New York,51-9083,Ophthalmic Laboratory Technicians,60,42484,39178,37361,45044
10,10,Western New York,51-9111,Packaging and Filling Machine Operators and Tenders,2380,45597,44233,34919,50937
10,10,Western New York,51-9123,"Painting, Coating, and Decorating Workers",,46570,47269,37610,51050
10,10,Western New York,51-9124,"Coating, Painting, and Spraying Machine Setters, Operators, and Tenders",440,49222,47212,37671,54998
10,10,Western New York,51-9161,Computer Numerically Controlled Tool Operators,1200,53476,51217,42143,59143
10,10,Western New York,51-9162,Computer Numerically Controlled Tool Programmers,170,73842,69847,54820,83353
10,10,Western New York,51-9191,Adhesive Bonding Machine Operators and Tenders,60,47442,46650,37135,52597
10,10,Western New York,51-9192,"Cleaning, Washing, and Metal Pickling Equipment Operators and Tenders",130,53627,57004,41140,59870
10,10,Western New York,51-9194,Etchers and Engravers,,48076,47328,36719,53755
10,10,Western New York,51-9195,"Molders, Shapers, and Casters, Except Metal and Plastic",130,51515,51090,39972,57286
10,10,Western New York,51-9196,"Paper Goods Machine Setters, Operators, and Tenders",270,52441,48726,38438,59441
10,10,Western New York,51-9198,Helpers--Production Workers,680,44542,41927,34628,49499
10,10,Western New York,51-9199,"Production Workers, All Other",680,46282,43734,34849,51998
10,10,Western New York,53-0000,Transportation and Material Moving Occupations,46470,47346,43279,34487,53775
10,10,Western New York,53-1047,"First-Line Supervisors of Transportation and Material Moving Workers, Except Aircraft Cargo Handling Supervisors",2250,63966,61576,45235,73332
10,10,Western New York,53-2012,Commercial Pilots,60,175069,152715,96401,214403
10,10,Western New York,53-3011,"Ambulance Drivers and Attendants, Except Emergency Medical Technicians",,33648,32240,32240,34492
10,10,Western New York,53-3031,Driver/Sales Workers,1840,41503,35726,32240,46259
10,10,Western New York,53-3032,Heavy and Tractor-Trailer Truck Drivers,5740,60746,58901,45831,68204
10,10,Western New York,53-3033,Light Truck or Delivery Services Drivers,3960,47815,44742,35067,54188
10,10,Western New York,53-3051,"Bus Drivers, School",3740,52838,52259,45055,56728
10,10,Western New York,53-3052,"Bus Drivers, Transit and Intercity",320,45432,47853,37504,49396
10,10,Western New York,53-3053,Shuttle Drivers and Chauffeurs,1430,37449,35180,32240,40187
10,10,Western New York,53-3099,"Motor Vehicle Operators, All Other",170,41557,37072,32512,46081
10,10,Western New York,53-5011,Sailors and Marine Oilers,60,49326,47556,39195,54390
10,10,Western New York,53-5021,"Captains, Mates, and Pilots of Water Vessels",90,83945,83819,45886,102975
10,10,Western New York,53-5031,Ship Engineers,,105080,91952,67377,123930
10,10,Western New York,53-6011,Bridge and Lock Tenders,,50104,49472,34205,58054
10,10,Western New York,53-6021,Parking Lot Attendants,430,35120,34110,32240,36701
10,10,Western New York,53-6031,Automotive and Watercraft Service Attendants,360,38568,39032,33005,41349
10,10,Western New York,53-6032,Aircraft Service Attendants,110,38977,35167,34661,41135
10,10,Western New York,53-6041,Traffic Technicians,,65999,66254,48022,74989
10,10,Western New York,53-6051,Transportation Inspectors,50,76755,66565,57392,86435
10,10,Western New York,53-6061,"Transportation Attendants, Except Flight Attendants",80,35586,35167,34083,36337
10,10,Western New York,53-6099,"Transportation Workers, All Other",,61464,76207,33654,75369
10,10,Western New York,53-7011,Conveyor Operators and Tenders,80,41391,38513,37995,43090
10,10,Western New York,53-7021,Crane and Tower Operators,60,124776,73925,49660,162334
10,10,Western New York,53-7051,Industrial Truck and Tractor Operators,1840,53726,51025,40586,60295
10,10,Western New York,53-7061,Cleaners of Vehicles and Equipment,1660,36601,34886,32240,38904
10,10,Western New York,53-7062,"Laborers and Freight, Stock, and Material Movers, Hand",8270,44087,41745,34833,48714
10,10,Western New York,53-7063,Machine Feeders and Offbearers,220,44905,42411,33577,50568
10,10,Western New York,53-7064,"Packers and Packagers, Hand",1360,37669,36423,32240,40388
10,10,Western New York,53-7065,Stockers and Order Fillers,11540,40552,38276,33614,44023
10,10,Western New York,53-7073,Wellhead Pumpers,,46873,45740,35580,52520
10,10,Western New York,53-7081,Refuse and Recyclable Material Collectors,340,47399,48664,36261,52968
10,10,Western New York,53-7121,"Tank Car, Truck, and Ship Loaders",,45836,40555,37796,49855
