date,city,AWND,PRCP,RHMN,SNWD,TMAX,TMIN,PM25,aqi,state,wind_direction
2023-01-01,Albany,10.3,0.0,62.0,0.0,51.0,34.0,7.275,40.0,New York,306
2023-01-01,Syracuse,8.3,0.0,65.0,0.0,50.0,38.0,9.2,51.0,New York,264
2023-01-02,Albany,2.0,0.0,59.0,0.0,51.0,29.0,13.941667,60.0,New York,165
2023-01-02,Syracuse,4.9,0.0,68.0,0.0,46.0,39.0,11.6,56.0,New York,248
2023-01-03,Albany,0.4,0.3,89.0,0.0,37.0,27.0,14.0,60.0,New York,278
2023-01-03,Syracuse,5.1,0.23,76.0,0.0,41.0,35.0,9.6,52.0,New York,67
2023-01-04,Albany,3.8,0.08,89.0,0.0,43.0,37.0,8.379167,46.0,New York,320
2023-01-04,Syracuse,5.1,0.61,92.0,0.0,45.0,41.0,5.341667,29.0,New York,18
2023-01-05,Albany,3.8,0.03,77.0,0.0,49.0,38.0,6.529167,36.0,New York,174
2023-01-05,Syracuse,5.4,0.15,59.0,0.0,48.0,35.0,7.933333,44.0,New York,244
2023-01-06,Albany,3.1,0.33,76.0,0.0,44.0,30.0,3.5,19.0,New York,152
2023-01-06,Syracuse,6.3,0.06,68.0,0.0,41.0,31.0,6.1,34.0,New York,245
2023-01-07,Albany,9.6,0.0,63.0,0.0,42.0,27.0,6.875,38.0,New York,309
2023-01-07,Syracuse,9.2,0.0,67.0,0.0,38.0,24.0,7.354167,41.0,New York,293
2023-01-08,Albany,3.8,0.0,50.0,0.0,35.0,19.0,5.6625,31.0,New York,330
2023-01-08,Syracuse,3.4,0.0,61.0,0.0,33.0,21.0,6.6125,37.0,New York,320
2023-01-09,Albany,4.7,0.0,66.0,0.0,36.0,18.0,10.0,53.0,New York,331
2023-01-09,Syracuse,8.9,0.0,59.0,0.0,37.0,21.0,9.7,52.0,New York,265
2023-01-10,Albany,9.6,0.0,54.0,0.0,38.0,22.0,5.879167,32.0,New York,315
2023-01-10,Syracuse,7.6,0.02,64.0,0.0,35.0,20.0,6.533333,36.0,New York,301
2023-01-11,Albany,4.5,0.0,52.0,0.0,33.0,19.0,7.9875,44.0,New York,343
2023-01-11,Syracuse,7.4,0.0,64.0,0.0,33.0,16.0,9.76,52.0,New York,90
2023-01-12,Albany,5.4,0.33,61.0,0.0,38.0,32.0,7.3,41.0,New York,163
2023-01-12,Syracuse,8.7,0.51,67.0,0.0,44.0,29.0,6.8,38.0,New York,133
2023-01-13,Albany,6.7,0.28,70.0,0.0,43.0,30.0,7.208333,40.0,New York,288
2023-01-13,Syracuse,11.4,0.5,78.0,0.0,39.0,24.0,3.954167,22.0,New York,315
2023-01-14,Albany,12.3,0.0,69.0,0.0,30.0,26.0,3.866667,21.0,New York,358
2023-01-14,Syracuse,11.0,0.0,77.0,0.0,24.0,19.0,3.5,19.0,New York,331
2023-01-15,Albany,11.6,0.0,50.0,0.0,33.0,19.0,4.0,22.0,New York,353
2023-01-15,Syracuse,8.5,0.0,74.0,0.0,25.0,13.0,3.7,21.0,New York,321
2023-01-16,Albany,8.1,0.0,47.0,0.0,34.0,19.0,6.454167,36.0,New York,352
2023-01-16,Syracuse,6.9,0.0,50.0,0.0,35.0,19.0,7.954167,44.0,New York,275
2023-01-17,Albany,1.6,0.05,45.0,0.0,33.0,18.0,7.675,42.0,New York,65
2023-01-17,Syracuse,4.3,0.13,66.0,0.0,34.0,19.0,8.429167,47.0,New York,164
2023-01-18,Albany,8.5,0.02,71.0,0.0,44.0,32.0,6.0,33.0,New York,303
2023-01-18,Syracuse,11.0,0.16,86.0,0.0,43.0,34.0,2.8,16.0,New York,262
2023-01-19,Albany,3.1,0.54,72.0,0.0,39.0,29.0,8.35,46.0,New York,331
2023-01-19,Syracuse,6.7,0.62,88.0,0.0,36.0,29.0,4.9,27.0,New York,104
2023-01-20,Albany,7.8,0.23,72.0,1.2,38.0,32.0,5.925,33.0,New York,289
2023-01-20,Syracuse,9.8,0.41,92.0,0.0,39.0,31.0,4.375,24.0,New York,274
2023-01-21,Albany,6.5,0.0,69.0,0.0,33.0,30.0,2.4,13.0,New York,321
2023-01-21,Syracuse,4.9,0.02,72.0,1.2,33.0,30.0,2.5,14.0,New York,286
2023-01-22,Albany,3.8,0.24,64.0,0.0,36.0,30.0,8.2625,46.0,New York,172
2023-01-22,Syracuse,7.2,0.12,62.0,0.0,38.0,32.0,6.795833,37.0,New York,170
2023-01-23,Albany,9.2,0.56,72.0,3.9,34.0,30.0,7.258333,40.0,New York,335
2023-01-23,Syracuse,9.2,0.16,75.0,3.1,33.0,31.0,8.004167,44.0,New York,315
2023-01-24,Albany,7.4,0.0,64.0,7.1,36.0,31.0,4.2,23.0,New York,262
2023-01-24,Syracuse,15.0,0.01,70.0,3.1,36.0,30.0,6.5,36.0,New York,259
2023-01-25,Albany,5.6,0.24,70.0,7.1,36.0,28.0,6.45,36.0,New York,168
2023-01-25,Syracuse,8.3,0.2,75.0,2.0,34.0,27.0,6.291667,34.0,New York,123
2023-01-26,Albany,10.1,0.05,55.0,5.9,41.0,28.0,5.617391,31.0,New York,297
2023-01-26,Syracuse,12.8,0.02,69.0,3.1,39.0,29.0,3.9,22.0,New York,253
2023-01-27,Albany,3.1,0.0,59.0,5.1,36.0,27.0,3.9,22.0,New York,173
2023-01-27,Syracuse,9.2,0.02,52.0,3.9,35.0,25.0,4.5,25.0,New York,214
2023-01-28,Albany,8.1,0.0,41.0,3.9,45.0,25.0,8.529167,47.0,New York,203
2023-01-28,Syracuse,11.2,0.0,49.0,2.0,41.0,27.0,7.554167,42.0,New York,236
2023-01-29,Albany,6.3,0.0,58.0,3.1,44.0,22.0,12.183333,57.0,New York,178
2023-01-29,Syracuse,7.4,0.05,65.0,2.0,45.0,29.0,6.65,37.0,New York,209
2023-01-30,Albany,5.8,0.03,66.0,2.0,41.0,28.0,5.9,33.0,New York,340
2023-01-30,Syracuse,4.5,0.05,78.0,0.0,30.0,26.0,4.6,26.0,New York,294
2023-01-31,Albany,7.6,0.0,48.0,2.0,30.0,18.0,4.766667,26.0,New York,325
2023-01-31,Syracuse,7.2,0.02,42.0,3.1,29.0,17.0,5.2625,29.0,New York,303
2023-02-01,Albany,4.0,0.0,42.0,2.0,29.0,12.0,7.208333,40.0,New York,320
2023-02-01,Syracuse,8.7,0.0,48.0,2.0,25.0,15.0,7.720833,43.0,New York,249
2023-02-02,Albany,8.9,0.0,35.0,2.0,36.0,19.0,10.7,54.0,New York,192
2023-02-02,Syracuse,13.2,0.01,34.0,1.2,37.0,23.0,6.5,36.0,New York,230
2023-02-03,Albany,21.7,0.0,38.0,2.0,33.0,-10.0,4.133333,23.0,New York,315
2023-02-03,Syracuse,19.9,0.07,47.0,2.0,25.0,-7.0,2.745833,15.0,New York,312
2023-02-04,Albany,7.4,0.0,39.0,2.0,18.0,-13.0,4.433333,24.0,New York,317
2023-02-04,Syracuse,7.6,0.0,51.0,7.1,27.0,-13.0,4.245833,23.0,New York,181
2023-02-05,Albany,11.6,0.0,41.0,2.0,41.0,18.0,8.15,45.0,New York,168
2023-02-05,Syracuse,7.4,0.0,40.0,5.1,45.0,23.0,4.6,26.0,New York,194
2023-02-06,Albany,6.3,0.0,49.0,1.2,41.0,21.0,13.95,60.0,New York,360
2023-02-06,Syracuse,8.5,0.05,61.0,3.1,37.0,20.0,11.016667,55.0,New York,298
2023-02-07,Albany,9.8,0.05,34.0,1.2,40.0,13.0,10.025,53.0,New York,169
2023-02-07,Syracuse,8.9,0.05,42.0,2.0,46.0,18.0,9.1375,51.0,New York,183
2023-02-08,Albany,6.7,0.0,47.0,1.2,46.0,26.0,12.758333,58.0,New York,309
2023-02-08,Syracuse,8.1,0.0,46.0,1.2,47.0,26.0,8.7,48.0,New York,269
2023-02-09,Albany,7.2,0.15,71.0,0.0,48.0,25.0,14.808333,62.0,New York,168
2023-02-09,Syracuse,9.4,0.84,70.0,0.0,56.0,25.0,13.0875,58.0,New York,163
2023-02-10,Albany,11.6,0.0,54.0,0.0,51.0,34.0,7.254167,40.0,New York,260
2023-02-10,Syracuse,15.9,0.05,63.0,0.0,53.0,33.0,4.045833,22.0,New York,261
2023-02-11,Albany,11.0,0.0,44.0,0.0,38.0,23.0,2.5,14.0,New York,306
2023-02-11,Syracuse,10.3,0.02,61.0,1.2,34.0,23.0,7.3,41.0,New York,265
2023-02-12,Albany,2.5,0.0,32.0,0.0,47.0,23.0,8.883333,49.0,New York,148
2023-02-12,Syracuse,2.5,0.0,34.0,0.0,49.0,21.0,8.841667,49.0,New York,210
2023-02-13,Albany,4.3,0.0,31.0,0.0,52.0,24.0,12.3,57.0,New York,303
2023-02-13,Syracuse,6.9,0.0,25.0,0.0,54.0,22.0,8.258333,46.0,New York,252
2023-02-14,Albany,9.6,0.0,35.0,0.0,50.0,30.0,5.5,31.0,New York,304
2023-02-14,Syracuse,8.1,0.0,35.0,0.0,50.0,30.0,5.2,29.0,New York,247
2023-02-15,Albany,11.6,0.0,36.0,0.0,64.0,31.0,8.120833,45.0,New York,171
2023-02-15,Syracuse,13.2,0.0,31.0,0.0,69.0,37.0,6.158333,34.0,New York,195
2023-02-16,Albany,3.8,0.0,47.0,0.0,57.0,40.0,9.9625,52.0,New York,41
2023-02-16,Syracuse,5.1,0.0,58.0,0.0,49.0,42.0,8.766667,48.0,New York,255
2023-02-17,Albany,12.5,0.08,60.0,0.0,55.0,23.0,6.4,36.0,New York,297
2023-02-17,Syracuse,11.2,0.03,71.0,0.0,51.0,22.0,2.9,16.0,New York,286
2023-02-18,Albany,8.3,0.0,29.0,0.0,40.0,19.0,4.108333,23.0,New York,305
2023-02-18,Syracuse,7.8,0.01,34.0,1.2,43.0,18.0,5.379167,29.0,New York,252
2023-02-19,Albany,10.5,0.0,33.0,0.0,47.0,23.0,8.5375,47.0,New York,172
2023-02-19,Syracuse,9.8,0.0,26.0,0.0,51.0,24.0,6.683333,37.0,New York,184
2023-02-20,Albany,8.5,0.0,40.0,0.0,56.0,35.0,4.5,25.0,New York,228
2023-02-20,Syracuse,9.2,0.0,41.0,0.0,48.0,28.0,3.5,19.0,New York,245
2023-02-21,Albany,6.9,0.18,52.0,0.0,46.0,27.0,7.258333,40.0,New York,228
2023-02-21,Syracuse,10.1,0.03,50.0,0.0,47.0,23.0,8.904167,49.0,New York,237
2023-02-22,Albany,6.3,0.31,46.0,0.0,38.0,25.0,5.691667,31.0,New York,323
2023-02-22,Syracuse,8.9,0.55,48.0,0.0,35.0,30.0,3.754167,21.0,New York,37
2023-02-23,Albany,6.0,0.7,85.0,3.1,35.0,23.0,4.4,24.0,New York,139
2023-02-23,Syracuse,7.4,0.23,88.0,3.1,33.0,29.0,6.7,37.0,New York,18
2023-02-24,Albany,16.3,0.0,52.0,2.0,38.0,19.0,4.434783,24.0,New York,314
2023-02-24,Syracuse,12.3,0.04,68.0,2.0,32.0,15.0,5.15,28.0,New York,299
2023-02-25,Albany,4.7,0.08,59.0,2.0,21.0,12.0,4.791667,26.0,New York,320
2023-02-25,Syracuse,4.0,0.15,67.0,3.9,23.0,10.0,4.829167,27.0,New York,202
2023-02-26,Albany,9.2,0.0,51.0,3.9,39.0,16.0,10.5,54.0,New York,291
2023-02-26,Syracuse,8.9,0.01,56.0,5.9,36.0,13.0,10.2,53.0,New York,268
2023-02-27,Albany,7.6,0.18,42.0,3.1,35.0,23.0,6.495833,36.0,New York,322
2023-02-27,Syracuse,9.8,0.2,43.0,3.1,35.0,19.0,5.133333,28.0,New York,94
2023-02-28,Albany,4.7,0.16,72.0,5.9,36.0,26.0,7.0375,39.0,New York,170
2023-02-28,Syracuse,11.4,0.24,64.0,5.9,37.0,29.0,4.954167,27.0,New York,185
2023-03-01,Albany,4.3,0.01,50.0,5.9,39.0,20.0,5.2,29.0,New York,173
2023-03-01,Syracuse,8.9,0.0,57.0,5.9,38.0,26.0,5.1,28.0,New York,137
2023-03-02,Albany,9.4,0.18,67.0,5.1,41.0,35.0,7.541667,42.0,New York,287
2023-03-02,Syracuse,9.6,0.02,76.0,3.9,37.0,31.0,12.095833,56.0,New York,277
2023-03-03,Albany,6.5,0.26,36.0,2.0,40.0,27.0,5.279167,29.0,New York,339
2023-03-03,Syracuse,8.3,0.41,36.0,3.9,40.0,21.0,6.341667,35.0,New York,104
2023-03-04,Albany,6.5,0.73,78.0,9.1,37.0,32.0,2.2,12.0,New York,349
2023-03-04,Syracuse,9.2,0.19,82.0,5.1,36.0,32.0,2.6,14.0,New York,12
2023-03-05,Albany,8.7,0.0,60.0,5.9,42.0,33.0,7.15,39.0,New York,309
2023-03-05,Syracuse,7.4,0.0,67.0,3.9,40.0,32.0,9.0375,50.0,New York,266
2023-03-06,Albany,12.8,0.0,37.0,3.9,44.0,33.0,5.195833,28.0,New York,309
2023-03-06,Syracuse,7.4,0.0,36.0,3.1,42.0,28.0,7.879167,43.0,New York,287
2023-03-07,Albany,15.2,0.0,50.0,2.0,36.0,27.0,2.1,12.0,New York,323
2023-03-07,Syracuse,13.0,0.0,49.0,2.0,34.0,26.0,2.2,12.0,New York,323
2023-03-08,Albany,12.8,0.0,52.0,2.0,39.0,26.0,3.466667,19.0,New York,321
2023-03-08,Syracuse,10.5,0.0,66.0,2.0,31.0,26.0,3.958333,22.0,New York,315
2023-03-09,Albany,9.8,0.0,47.0,1.2,43.0,28.0,4.395833,24.0,New York,329
2023-03-09,Syracuse,6.5,0.0,66.0,2.0,33.0,23.0,5.0,28.0,New York,307
2023-03-10,Albany,3.4,0.1,45.0,0.0,44.0,20.0,4.5,25.0,New York,323
2023-03-10,Syracuse,5.4,0.1,57.0,1.2,38.0,20.0,4.7,26.0,New York,65
2023-03-11,Albany,8.3,0.15,57.0,2.0,41.0,28.0,6.929167,38.0,New York,346
2023-03-11,Syracuse,8.7,0.17,64.0,2.0,33.0,24.0,6.679167,37.0,New York,315
2023-03-12,Albany,2.5,0.0,39.0,1.2,46.0,21.0,6.741667,37.0,New York,342
2023-03-12,Syracuse,2.0,0.0,57.0,3.1,39.0,16.0,6.7,37.0,New York,207
2023-03-13,Albany,5.8,0.37,60.0,0.0,43.0,33.0,5.0,28.0,New York,135
2023-03-13,Syracuse,6.9,0.12,67.0,2.0,40.0,32.0,3.5,19.0,New York,173
2023-03-14,Albany,12.8,1.61,82.0,5.9,35.0,32.0,1.654167,9.0,New York,334
2023-03-14,Syracuse,14.3,0.66,88.0,3.9,32.0,29.0,3.816667,21.0,New York,300
2023-03-15,Albany,19.9,0.0,54.0,7.1,37.0,29.0,2.208333,12.0,New York,311
2023-03-15,Syracuse,13.9,0.01,42.0,9.1,36.0,26.0,2.575,14.0,New York,298
2023-03-16,Albany,6.9,0.0,31.0,5.1,51.0,28.0,6.2,34.0,New York,319
2023-03-16,Syracuse,6.7,0.0,31.0,9.1,49.0,28.0,4.5,25.0,New York,231
2023-03-17,Albany,4.3,0.07,48.0,3.1,47.0,32.0,13.345833,59.0,New York,171
2023-03-17,Syracuse,9.6,0.5,57.0,7.1,49.0,35.0,7.741667,43.0,New York,205
2023-03-18,Albany,11.4,0.0,40.0,2.0,44.0,28.0,5.195833,28.0,New York,309
2023-03-18,Syracuse,12.1,0.03,46.0,2.0,42.0,24.0,5.404167,30.0,New York,261
2023-03-19,Albany,14.1,0.0,43.0,0.0,33.0,22.0,3.2,18.0,New York,281
2023-03-19,Syracuse,19.0,0.0,45.0,1.2,33.0,23.0,2.3,13.0,New York,263
2023-03-20,Albany,6.0,0.0,15.0,0.0,52.0,21.0,8.504167,47.0,New York,216
2023-03-20,Syracuse,10.5,0.0,18.0,1.2,50.0,27.0,5.791667,32.0,New York,231
2023-03-21,Albany,4.0,0.0,24.0,0.0,59.0,24.0,12.482609,57.0,New York,276
2023-03-21,Syracuse,8.1,0.0,29.0,0.0,56.0,29.0,11.283333,55.0,New York,231
2023-03-22,Albany,6.7,0.0,20.0,0.0,63.0,34.0,6.8,38.0,New York,190
2023-03-22,Syracuse,5.6,0.0,31.0,0.0,60.0,30.0,7.0,39.0,New York,177
2023-03-23,Albany,10.7,0.11,66.0,0.0,56.0,39.0,10.6125,54.0,New York,202
2023-03-23,Syracuse,8.5,0.21,48.0,0.0,56.0,34.0,8.608333,48.0,New York,235
2023-03-24,Albany,9.6,0.0,39.0,0.0,51.0,34.0,6.2375,34.0,New York,315
2023-03-24,Syracuse,7.2,0.0,43.0,0.0,46.0,29.0,5.054167,28.0,New York,303
2023-03-25,Albany,5.8,0.19,58.0,0.0,41.0,29.0,7.6,42.0,New York,165
2023-03-25,Syracuse,11.6,0.61,57.0,0.0,46.0,27.0,2.7,15.0,New York,139
2023-03-26,Albany,9.6,0.01,29.0,0.0,56.0,31.0,4.345833,24.0,New York,277
2023-03-26,Syracuse,14.1,0.0,34.0,0.0,53.0,33.0,4.141667,23.0,New York,264
2023-03-27,Albany,4.5,0.23,33.0,0.0,52.0,27.0,6.745833,37.0,New York,350
2023-03-27,Syracuse,5.1,0.2,48.0,0.0,45.0,28.0,5.775,32.0,New York,27
2023-03-28,Albany,8.7,0.02,32.0,0.0,53.0,33.0,3.4,19.0,New York,322
2023-03-28,Syracuse,6.7,0.0,43.0,0.0,46.0,30.0,3.7,21.0,New York,293
2023-03-29,Albany,8.5,0.03,26.0,0.0,56.0,25.0,6.15,34.0,New York,239
2023-03-29,Syracuse,12.8,0.04,24.0,0.0,55.0,28.0,5.941667,33.0,New York,241
2023-03-30,Albany,12.3,0.0,29.0,0.0,39.0,24.0,3.808333,21.0,New York,316
2023-03-30,Syracuse,9.2,0.0,33.0,0.0,38.0,24.0,4.270833,23.0,New York,299
2023-03-31,Albany,6.9,0.15,34.0,0.0,48.0,20.0,5.8,32.0,New York,163
2023-03-31,Syracuse,7.6,0.04,49.0,0.0,50.0,24.0,6.3,35.0,New York,175
2023-04-01,Albany,10.5,0.45,26.0,0.0,74.0,41.0,9.52,,New York,192
2023-04-01,Syracuse,15.2,0.62,21.0,0.0,73.0,35.0,5.608333,31.0,New York,236
2023-04-02,Syracuse,11.4,0.0,29.0,0.0,38.0,26.0,3.825,21.0,New York,317
2023-04-03,Albany,11.6,0.0,23.0,0.0,63.0,24.0,4.6,26.0,New York,175
2023-04-03,Syracuse,10.5,0.06,25.0,0.0,69.0,27.0,3.1,17.0,New York,188
2023-04-04,Albany,6.9,0.01,51.0,0.0,58.0,45.0,5.675,31.0,New York,346
2023-04-04,Syracuse,6.3,0.14,64.0,0.0,53.0,44.0,5.433333,30.0,New York,77
2023-04-05,Albany,9.2,0.15,49.0,0.0,56.0,44.0,7.358333,41.0,New York,162
2023-04-05,Syracuse,12.5,0.94,50.0,0.0,75.0,46.0,7.608333,42.0,New York,151
2023-04-06,Albany,7.6,0.16,50.0,0.0,65.0,47.0,3.9,22.0,New York,185
2023-04-06,Syracuse,7.6,0.01,37.0,0.0,60.0,43.0,4.2,23.0,New York,252
2023-04-07,Albany,15.7,0.0,35.0,0.0,48.0,34.0,3.879167,21.0,New York,308
2023-04-07,Syracuse,12.3,0.0,40.0,0.0,44.0,30.0,3.854167,21.0,New York,288
2023-04-08,Albany,6.7,0.0,18.0,0.0,52.0,28.0,3.966667,22.0,New York,314
2023-04-08,Syracuse,4.7,0.0,21.0,0.0,50.0,26.0,3.875,21.0,New York,298
2023-04-09,Albany,3.6,0.0,17.0,0.0,55.0,29.0,3.6,20.0,New York,328
2023-04-09,Syracuse,2.7,0.0,22.0,0.0,55.0,27.0,4.5,25.0,New York,303
2023-04-10,Albany,2.2,0.0,14.0,0.0,67.0,30.0,9.095833,50.0,New York,173
2023-04-10,Syracuse,2.9,0.0,22.0,0.0,67.0,31.0,8.075,44.0,New York,217
2023-04-11,Albany,10.5,0.0,19.0,0.0,74.0,37.0,10.925,54.0,New York,239
2023-04-11,Syracuse,13.9,0.0,23.0,0.0,73.0,37.0,10.078261,53.0,New York,244
2023-04-12,Albany,11.9,0.0,24.0,0.0,78.0,56.0,7.8,43.0,New York,313
2023-04-12,Syracuse,12.3,0.0,29.0,0.0,81.0,51.0,8.5875,47.0,New York,273
2023-04-13,Albany,6.5,0.0,25.0,0.0,89.0,51.0,14.973913,62.0,New York,243
2023-04-13,Syracuse,11.0,0.0,23.0,0.0,86.0,61.0,10.2,53.0,New York,249
2023-04-14,Albany,3.1,0.0,19.0,0.0,89.0,58.0,17.416667,66.0,New York,355
2023-04-14,Syracuse,2.9,0.0,22.0,0.0,86.0,51.0,14.608333,61.0,New York,209
2023-04-15,Albany,7.4,0.0,36.0,0.0,84.0,52.0,7.1,39.0,New York,179
2023-04-15,Syracuse,4.7,0.0,26.0,0.0,88.0,52.0,8.7,48.0,New York,165
2023-04-16,Albany,8.5,0.0,48.0,0.0,78.0,57.0,4.491667,24.0,New York,166
2023-04-16,Syracuse,6.7,0.0,34.0,0.0,82.0,58.0,3.829167,21.0,New York,155
2023-04-17,Albany,6.0,0.48,73.0,0.0,64.0,49.0,4.291667,23.0,New York,173
2023-04-17,Syracuse,8.7,0.43,44.0,0.0,69.0,40.0,3.670833,20.0,New York,258
2023-04-18,Albany,8.1,0.0,43.0,0.0,51.0,38.0,1.8,10.0,New York,279
2023-04-18,Syracuse,13.0,0.04,60.0,0.0,46.0,38.0,1.5,8.0,New York,245
2023-04-19,Albany,8.7,0.0,56.0,0.0,47.0,35.0,3.575,19.0,New York,295
2023-04-19,Syracuse,11.2,0.06,51.0,0.0,44.0,34.0,4.483333,24.0,New York,276
2023-04-20,Albany,6.3,0.0,23.0,0.0,66.0,37.0,6.066667,33.0,New York,328
2023-04-20,Syracuse,3.8,0.01,35.0,0.0,60.0,35.0,5.175,28.0,New York,89
2023-04-21,Albany,10.1,0.0,28.0,0.0,79.0,45.0,6.0,33.0,New York,176
2023-04-21,Syracuse,7.8,0.0,20.0,0.0,88.0,50.0,9.281818,,New York,196
2023-04-22,Albany,12.3,0.77,55.0,0.0,68.0,53.0,6.875,38.0,New York,162
2023-04-22,Syracuse,11.6,0.63,36.0,0.0,77.0,49.0,9.141667,51.0,New York,154
2023-04-23,Albany,6.9,1.18,76.0,0.0,54.0,43.0,2.879167,16.0,New York,298
2023-04-23,Syracuse,6.0,0.0,45.0,0.0,56.0,43.0,6.8875,38.0,New York,302
2023-04-24,Albany,5.4,0.05,45.0,0.0,56.0,38.0,3.8,21.0,New York,312
2023-04-24,Syracuse,8.1,0.0,49.0,0.0,54.0,39.0,5.2,29.0,New York,267
2023-04-25,Albany,2.9,0.0,40.0,0.0,54.0,33.0,7.875,43.0,New York,314
2023-04-25,Syracuse,6.3,0.0,41.0,0.0,52.0,36.0,6.675,37.0,New York,253
2023-04-26,Albany,4.9,0.09,27.0,0.0,62.0,30.0,8.9625,49.0,New York,180
2023-04-26,Syracuse,5.1,0.0,48.0,0.0,55.0,36.0,8.35,46.0,New York,281
2023-04-27,Albany,3.4,0.0,32.0,0.0,62.0,40.0,6.2,34.0,New York,162
2023-04-27,Syracuse,2.7,0.0,25.0,0.0,61.0,34.0,4.3,24.0,New York,97
2023-04-28,Albany,4.9,0.0,32.0,0.0,66.0,39.0,9.470833,52.0,New York,166
2023-04-28,Syracuse,9.4,0.05,37.0,0.0,67.0,42.0,8.858333,49.0,New York,136
2023-04-29,Albany,5.1,0.15,43.0,0.0,56.0,46.0,5.504167,31.0,New York,151
2023-04-29,Syracuse,12.3,0.59,66.0,0.0,55.0,44.0,3.316667,18.0,New York,126
2023-04-30,Albany,5.4,0.77,67.0,0.0,59.0,48.0,1.5,8.0,New York,302
2023-04-30,Syracuse,11.4,1.1,86.0,0.0,53.0,45.0,1.6,9.0,New York,101
2023-05-01,Albany,9.8,0.5,42.0,0.0,59.0,45.0,2.504167,14.0,New York,222
2023-05-01,Syracuse,10.5,0.45,41.0,0.0,57.0,41.0,3.245833,18.0,New York,229
2023-05-02,Albany,4.9,0.05,49.0,0.0,56.0,44.0,2.8625,16.0,New York,176
2023-05-02,Syracuse,6.0,0.09,59.0,0.0,52.0,41.0,1.5125,8.0,New York,227
2023-05-03,Albany,4.5,0.27,51.0,0.0,56.0,44.0,2.0,11.0,New York,319
2023-05-03,Syracuse,6.5,0.21,73.0,0.0,48.0,40.0,0.9,5.0,New York,314
2023-05-04,Albany,5.8,0.0,53.0,0.0,60.0,45.0,2.091667,11.0,New York,350
2023-05-04,Syracuse,5.4,0.19,66.0,0.0,54.0,42.0,4.375,24.0,New York,314
2023-05-05,Albany,3.8,0.0,44.0,0.0,64.0,40.0,3.125,17.0,New York,334
2023-05-05,Syracuse,5.6,0.0,48.0,0.0,62.0,43.0,5.2,29.0,New York,294
2023-05-06,Albany,4.7,0.0,32.0,0.0,72.0,39.0,3.1,17.0,New York,318
2023-05-06,Syracuse,4.7,0.0,27.0,0.0,69.0,40.0,3.3,18.0,New York,284
2023-05-07,Albany,4.9,0.0,26.0,0.0,76.0,41.0,4.25,23.0,New York,333
2023-05-07,Syracuse,2.9,0.08,29.0,0.0,75.0,42.0,3.883333,21.0,New York,238
2023-05-08,Albany,10.1,0.0,23.0,0.0,71.0,47.0,4.321739,24.0,New York,308
2023-05-08,Syracuse,8.1,0.0,27.0,0.0,65.0,46.0,4.670833,26.0,New York,299
2023-05-09,Albany,4.7,0.0,25.0,0.0,66.0,41.0,3.5,19.0,New York,348
2023-05-09,Syracuse,5.4,0.0,27.0,0.0,63.0,41.0,3.7,21.0,New York,336
2023-05-10,Albany,6.5,0.0,26.0,0.0,72.0,36.0,6.154167,34.0,New York,292
2023-05-10,Syracuse,5.4,0.0,26.0,0.0,70.0,39.0,5.491304,30.0,New York,264
2023-05-11,Albany,6.3,0.0,26.0,0.0,80.0,43.0,8.0,44.0,New York,291
2023-05-11,Syracuse,4.7,0.0,32.0,0.0,78.0,44.0,6.875,38.0,New York,265
2023-05-12,Albany,7.4,0.01,28.0,0.0,84.0,50.0,7.5,42.0,New York,293
2023-05-12,Syracuse,6.7,0.0,27.0,0.0,84.0,56.0,7.9,44.0,New York,270
2023-05-13,Albany,9.2,0.0,19.0,0.0,79.0,54.0,9.120833,51.0,New York,333
2023-05-13,Syracuse,7.8,0.0,23.0,0.0,74.0,51.0,7.745833,43.0,New York,340
2023-05-14,Albany,7.8,0.0,26.0,0.0,68.0,47.0,4.433333,24.0,New York,347
2023-05-14,Syracuse,7.6,0.0,32.0,0.0,61.0,44.0,5.3125,29.0,New York,336
2023-05-15,Albany,6.3,0.0,25.0,0.0,74.0,37.0,4.1,23.0,New York,300
2023-05-15,Syracuse,8.7,0.0,24.0,0.0,72.0,38.0,4.9,27.0,New York,264
2023-05-16,Albany,10.7,0.0,16.0,0.0,80.0,47.0,7.533333,42.0,New York,277
2023-05-16,Syracuse,15.0,0.0,19.0,0.0,77.0,47.0,5.675,31.0,New York,266
2023-05-17,Albany,11.9,0.0,21.0,0.0,57.0,36.0,3.775,21.0,New York,341
2023-05-17,Syracuse,11.4,0.0,30.0,0.0,51.0,36.0,3.304167,18.0,New York,340
2023-05-18,Albany,6.3,0.0,23.0,0.0,64.0,32.0,3.8,21.0,New York,173
2023-05-18,Syracuse,4.5,0.0,24.0,0.0,66.0,31.0,3.1,17.0,New York,170
2023-05-19,Albany,14.1,0.0,44.0,0.0,72.0,48.0,8.2,46.0,New York,174
2023-05-19,Syracuse,12.3,0.0,37.0,0.0,77.0,54.0,8.866667,49.0,New York,187
2023-05-20,Albany,8.7,0.31,63.0,0.0,70.0,55.0,5.283333,29.0,New York,167
2023-05-20,Syracuse,8.5,0.2,43.0,0.0,76.0,51.0,8.941667,49.0,New York,201
2023-05-21,Albany,6.9,0.0,41.0,0.0,73.0,50.0,8.4,47.0,New York,324
2023-05-21,Syracuse,7.8,0.0,38.0,0.0,73.0,53.0,7.7,43.0,New York,286
2023-05-22,Albany,5.1,0.0,40.0,0.0,74.0,49.0,11.233333,55.0,New York,348
2023-05-22,Syracuse,4.0,0.0,34.0,0.0,72.0,47.0,8.65,48.0,New York,326
2023-05-23,Albany,8.5,0.0,40.0,0.0,77.0,46.0,12.783333,58.0,New York,173
2023-05-23,Syracuse,3.1,0.0,31.0,0.0,80.0,48.0,10.245833,53.0,New York,222
2023-05-24,Albany,8.5,0.02,46.0,0.0,75.0,45.0,5.4,30.0,New York,105
2023-05-24,Syracuse,9.8,0.06,51.0,0.0,70.0,44.0,8.2,46.0,New York,300
2023-05-25,Albany,7.4,0.0,34.0,0.0,67.0,41.0,3.525,19.0,New York,357
2023-05-25,Syracuse,7.6,0.0,41.0,0.0,62.0,37.0,2.7,15.0,New York,341
2023-05-26,Albany,1.1,0.0,21.0,0.0,75.0,40.0,5.691667,31.0,New York,342
2023-05-26,Syracuse,4.3,0.0,25.0,0.0,71.0,40.0,4.8375,27.0,New York,303
2023-05-27,Albany,2.0,0.0,24.0,0.0,81.0,44.0,9.5,52.0,New York,343
2023-05-27,Syracuse,2.7,0.0,22.0,0.0,81.0,43.0,5.7,32.0,New York,326
2023-05-28,Albany,2.7,0.0,24.0,0.0,90.0,53.0,9.9,52.0,New York,223
2023-05-28,Syracuse,4.0,0.0,25.0,0.0,83.0,49.0,6.8625,38.0,New York,305
2023-05-29,Albany,5.4,0.0,29.0,0.0,85.0,52.0,10.595833,54.0,New York,157
2023-05-29,Syracuse,4.0,0.0,26.0,0.0,87.0,50.0,8.341667,46.0,New York,10
2023-05-30,Albany,8.3,0.0,29.0,0.0,81.0,55.0,6.5,36.0,New York,164
2023-05-30,Syracuse,4.3,0.0,25.0,0.0,86.0,60.0,9.3,51.0,New York,198
2023-05-31,Albany,4.9,0.0,25.0,0.0,88.0,54.0,25.658333,82.0,New York,166
2023-05-31,Syracuse,4.3,0.0,23.0,0.0,89.0,58.0,11.1,55.0,New York,227
2023-06-01,Albany,2.0,0.0,26.0,0.0,92.0,58.0,14.85,62.0,New York,282
2023-06-01,Syracuse,2.9,0.0,22.0,0.0,91.0,58.0,14.741667,61.0,New York,300
2023-06-02,Albany,4.9,0.0,29.0,0.0,93.0,61.0,13.3,59.0,New York,351
2023-06-02,Syracuse,5.8,0.0,33.0,0.0,90.0,61.0,15.0,62.0,New York,319
2023-06-03,Albany,7.8,0.0,61.0,0.0,70.0,51.0,6.745833,37.0,New York,14
2023-06-03,Syracuse,7.2,0.0,29.0,0.0,80.0,56.0,12.029167,56.0,New York,41
2023-06-04,Albany,8.3,0.0,39.0,0.0,67.0,44.0,4.691667,26.0,New York,4
2023-06-04,Syracuse,8.1,0.0,21.0,0.0,72.0,44.0,8.4625,47.0,New York,340
2023-06-05,Albany,6.7,0.0,32.0,0.0,77.0,51.0,7.7,43.0,New York,346
2023-06-05,Syracuse,6.7,0.0,26.0,0.0,75.0,49.0,20.3,72.0,New York,312
2023-06-06,Albany,5.8,0.11,40.0,0.0,71.0,50.0,70.75,162.0,New York,309
2023-06-06,Syracuse,8.9,0.0,47.0,0.0,69.0,54.0,90.804167,176.0,New York,306
2023-06-07,Albany,6.5,0.01,47.0,0.0,66.0,48.0,105.508333,186.0,New York,314
2023-06-07,Syracuse,8.9,0.0,33.0,0.0,68.0,50.0,182.625,258.0,New York,305
2023-06-08,Albany,2.9,0.03,54.0,0.0,65.0,49.0,48.1,132.0,New York,317
2023-06-08,Syracuse,8.1,0.01,52.0,0.0,66.0,53.0,24.1,79.0,New York,304
2023-06-09,Albany,2.9,0.11,49.0,0.0,69.0,45.0,8.0875,44.0,New York,316
2023-06-09,Syracuse,4.5,0.24,56.0,0.0,66.0,51.0,11.275,55.0,New York,273
2023-06-10,Albany,3.4,0.0,39.0,0.0,75.0,46.0,6.679167,37.0,New York,316
2023-06-10,Syracuse,4.7,0.0,31.0,0.0,78.0,50.0,19.070833,69.0,New York,264
2023-06-11,Albany,3.4,0.0,31.0,0.0,85.0,50.0,15.0,62.0,New York,162
2023-06-11,Syracuse,5.8,0.0,39.0,0.0,84.0,54.0,16.5,65.0,New York,138
2023-06-12,Albany,7.4,0.0,34.0,0.0,85.0,64.0,25.895652,82.0,New York,157
2023-06-12,Syracuse,10.1,1.49,47.0,0.0,80.0,59.0,20.4875,72.0,New York,141
2023-06-13,Albany,6.7,0.34,46.0,0.0,76.0,57.0,9.208333,51.0,New York,303
2023-06-13,Syracuse,6.9,0.0,37.0,0.0,74.0,57.0,9.6125,52.0,New York,245
2023-06-14,Albany,4.0,0.17,51.0,0.0,75.0,52.0,8.3,46.0,New York,169
2023-06-14,Syracuse,8.3,0.71,72.0,0.0,64.0,56.0,6.2,34.0,New York,250
2023-06-15,Albany,8.5,0.01,42.0,0.0,81.0,59.0,8.3,46.0,New York,308
2023-06-15,Syracuse,8.7,0.0,40.0,0.0,77.0,57.0,8.308333,46.0,New York,280
2023-06-16,Albany,2.2,0.08,59.0,0.0,71.0,57.0,12.120833,57.0,New York,314
2023-06-16,Syracuse,3.4,0.54,80.0,0.0,65.0,58.0,10.708333,54.0,New York,245
2023-06-17,Albany,7.6,0.05,63.0,0.0,69.0,59.0,9.5,52.0,New York,315
2023-06-17,Syracuse,8.9,0.0,41.0,0.0,73.0,56.0,19.1,70.0,New York,300
2023-06-18,Albany,7.8,0.0,57.0,0.0,75.0,60.0,5.225,29.0,New York,333
2023-06-18,Syracuse,6.7,0.0,48.0,0.0,77.0,59.0,6.558333,36.0,New York,325
2023-06-19,Albany,4.7,0.0,37.0,0.0,78.0,56.0,5.104167,28.0,New York,4
2023-06-19,Syracuse,5.6,0.0,37.0,0.0,81.0,53.0,6.254167,34.0,New York,80
2023-06-20,Albany,4.9,0.0,32.0,0.0,82.0,59.0,5.6,31.0,New York,128
2023-06-20,Syracuse,6.3,0.0,32.0,0.0,85.0,60.0,7.8,43.0,New York,82
2023-06-21,Albany,5.8,0.0,38.0,0.0,80.0,60.0,5.666667,31.0,New York,147
2023-06-21,Syracuse,6.9,0.0,37.0,0.0,84.0,58.0,8.2,46.0,New York,101
2023-06-22,Albany,3.4,0.0,34.0,0.0,82.0,53.0,5.1125,28.0,New York,165
2023-06-22,Syracuse,7.2,0.0,42.0,0.0,82.0,56.0,4.395833,24.0,New York,100
2023-06-23,Albany,7.8,0.0,50.0,0.0,87.0,63.0,4.7,26.0,New York,172
2023-06-23,Syracuse,5.4,0.12,58.0,0.0,83.0,68.0,3.9,22.0,New York,151
2023-06-24,Albany,5.1,0.54,79.0,0.0,78.0,68.0,4.191667,23.0,New York,169
2023-06-24,Syracuse,4.3,0.1,62.0,0.0,80.0,67.0,3.641667,20.0,New York,270
2023-06-25,Albany,3.6,0.0,43.0,0.0,89.0,65.0,6.216667,34.0,New York,124
2023-06-25,Syracuse,4.0,0.3,51.0,0.0,86.0,64.0,4.529167,25.0,New York,168
2023-06-26,Albany,6.9,1.14,59.0,0.0,84.0,67.0,7.1,39.0,New York,160
2023-06-26,Syracuse,8.5,0.44,55.0,0.0,84.0,66.0,5.6,31.0,New York,156
2023-06-27,Albany,7.8,0.38,62.0,0.0,79.0,64.0,5.9375,33.0,New York,164
2023-06-27,Syracuse,5.6,1.73,51.0,0.0,83.0,63.0,5.204167,29.0,New York,191
2023-06-28,Albany,8.9,0.09,62.0,0.0,77.0,64.0,11.866667,56.0,New York,258
2023-06-28,Syracuse,8.5,0.05,86.0,0.0,68.0,60.0,34.0625,97.0,New York,273
2023-06-29,Albany,2.9,0.0,47.0,0.0,83.0,60.0,32.0,94.0,New York,321
2023-06-29,Syracuse,4.5,0.0,48.0,0.0,78.0,58.0,75.7,165.0,New York,285
2023-06-30,Albany,4.0,0.0,37.0,0.0,86.0,60.0,54.858333,149.0,New York,162
2023-06-30,Syracuse,6.3,0.0,39.0,0.0,86.0,58.0,78.733333,167.0,New York,165
2023-07-01,Albany,10.3,0.0,44.0,0.0,87.0,65.0,53.35,145.0,New York,171
2023-07-01,Syracuse,7.6,0.04,53.0,0.0,87.0,71.0,35.55,101.0,New York,190
2023-07-02,Albany,4.5,1.17,59.0,0.0,77.0,65.0,18.6,69.0,New York,158
2023-07-02,Syracuse,4.3,0.1,76.0,0.0,79.0,69.0,21.1,73.0,New York,109
2023-07-03,Albany,3.6,0.39,53.0,0.0,87.0,69.0,6.991667,38.0,New York,327
2023-07-03,Syracuse,2.9,0.09,65.0,0.0,80.0,69.0,11.033333,55.0,New York,334
2023-07-04,Albany,3.8,0.07,50.0,0.0,89.0,68.0,16.879167,65.0,New York,326
2023-07-04,Syracuse,3.8,0.0,53.0,0.0,86.0,67.0,14.908333,62.0,New York,314
2023-07-05,Albany,2.0,0.0,42.0,0.0,93.0,66.0,15.3,63.0,New York,337
2023-07-05,Syracuse,4.7,0.0,38.0,0.0,90.0,67.0,13.6,59.0,New York,272
2023-07-06,Albany,4.9,0.0,45.0,0.0,92.0,69.0,18.304167,68.0,New York,169
2023-07-06,Syracuse,5.6,0.0,36.0,0.0,94.0,66.0,9.558333,52.0,New York,197
2023-07-07,Albany,5.8,0.03,63.0,0.0,87.0,71.0,9.879167,52.0,New York,185
2023-07-07,Syracuse,4.7,0.51,63.0,0.0,83.0,67.0,7.0125,39.0,New York,283
2023-07-08,Albany,2.2,0.0,53.0,0.0,87.0,69.0,8.9,49.0,New York,241
2023-07-08,Syracuse,4.0,0.0,46.0,0.0,84.0,62.0,8.6,48.0,New York,259
2023-07-09,Albany,4.7,0.6,63.0,0.0,86.0,69.0,10.525,54.0,New York,161
2023-07-09,Syracuse,4.9,0.49,56.0,0.0,84.0,66.0,6.495833,36.0,New York,183
2023-07-10,Albany,8.9,1.65,71.0,0.0,74.0,65.0,4.116667,23.0,New York,328
2023-07-10,Syracuse,4.9,0.58,78.0,0.0,69.0,64.0,6.941667,38.0,New York,275
2023-07-11,Albany,5.4,0.36,39.0,0.0,90.0,64.0,9.8,52.0,New York,246
2023-07-11,Syracuse,6.7,0.0,40.0,0.0,88.0,65.0,9.8,52.0,New York,242
2023-07-12,Albany,3.4,0.02,53.0,0.0,86.0,67.0,14.270833,61.0,New York,164
2023-07-12,Syracuse,4.9,0.0,44.0,0.0,82.0,67.0,7.970833,44.0,New York,272
2023-07-13,Albany,9.6,0.92,44.0,0.0,90.0,67.0,14.1125,60.0,New York,172
2023-07-13,Syracuse,9.2,0.21,45.0,0.0,90.0,65.0,6.591667,36.0,New York,200
2023-07-14,Albany,5.4,0.43,57.0,0.0,86.0,67.0,5.8,32.0,New York,178
2023-07-14,Syracuse,3.8,0.0,48.0,0.0,84.0,63.0,5.9,33.0,New York,216
2023-07-15,Albany,5.8,0.03,53.0,0.0,88.0,68.0,8.383333,46.0,New York,166
2023-07-15,Syracuse,4.5,0.0,41.0,0.0,90.0,64.0,6.183333,34.0,New York,177
2023-07-16,Albany,7.8,1.43,67.0,0.0,85.0,70.0,5.708333,32.0,New York,166
2023-07-16,Syracuse,7.6,0.01,61.0,0.0,83.0,68.0,4.445833,24.0,New York,229
2023-07-17,Albany,6.7,0.0,51.0,0.0,87.0,67.0,27.6,85.0,New York,172
2023-07-17,Syracuse,6.9,0.0,46.0,0.0,86.0,67.0,39.0,110.0,New York,216
2023-07-18,Albany,6.0,2.31,51.0,0.0,87.0,68.0,33.75,97.0,New York,192
2023-07-18,Syracuse,4.9,0.15,51.0,0.0,84.0,67.0,31.145833,92.0,New York,228
2023-07-19,Albany,5.6,0.0,38.0,0.0,85.0,66.0,14.482609,61.0,New York,316
2023-07-19,Syracuse,3.4,0.0,38.0,0.0,83.0,61.0,8.970833,49.0,New York,293
2023-07-20,Albany,4.7,0.0,31.0,0.0,86.0,61.0,7.4,41.0,New York,171
2023-07-20,Syracuse,6.5,0.19,35.0,0.0,87.0,57.0,7.2,40.0,New York,177
2023-07-21,Albany,6.9,0.18,58.0,0.0,82.0,67.0,9.35625,,New York,176
2023-07-21,Syracuse,8.3,0.01,50.0,0.0,80.0,64.0,5.229167,29.0,New York,253
2023-07-22,Albany,9.6,0.0,38.0,0.0,83.0,63.0,6.645833,37.0,New York,306
2023-07-22,Syracuse,7.6,0.0,41.0,0.0,82.0,61.0,8.0,44.0,New York,284
2023-07-23,Albany,2.9,0.0,37.0,0.0,87.0,57.0,9.5,52.0,New York,165
2023-07-23,Syracuse,3.6,0.0,33.0,0.0,86.0,59.0,9.8,52.0,New York,233
2023-07-24,Albany,4.7,0.47,51.0,0.0,86.0,63.0,10.079167,53.0,New York,176
2023-07-24,Syracuse,4.9,1.18,42.0,0.0,88.0,63.0,8.404167,47.0,New York,181
2023-07-25,Albany,4.0,0.0,49.0,0.0,83.0,63.0,11.291667,55.0,New York,174
2023-07-25,Syracuse,2.7,0.0,49.0,0.0,83.0,62.0,10.125,53.0,New York,228
2023-07-26,Albany,7.4,0.0,49.0,0.0,87.0,66.0,14.5,61.0,New York,166
2023-07-26,Syracuse,6.9,0.0,36.0,0.0,89.0,65.0,22.3,76.0,New York,210
2023-07-27,Albany,9.8,0.34,65.0,0.0,87.0,74.0,13.45,59.0,New York,186
2023-07-27,Syracuse,10.5,0.09,62.0,0.0,85.0,71.0,8.1375,45.0,New York,237
2023-07-28,Albany,4.5,0.0,44.0,0.0,92.0,69.0,10.970833,54.0,New York,197
2023-07-28,Syracuse,6.3,0.0,45.0,0.0,91.0,71.0,14.416667,61.0,New York,243
2023-07-29,Albany,6.5,0.25,57.0,0.0,86.0,61.0,8.7,48.0,New York,329
2023-07-29,Syracuse,6.5,1.64,76.0,0.0,80.0,59.0,9.6,52.0,New York,287
2023-07-30,Albany,6.0,0.04,40.0,0.0,79.0,57.0,4.1125,23.0,New York,318
2023-07-30,Syracuse,5.6,0.12,40.0,0.0,77.0,59.0,4.220833,23.0,New York,289
2023-07-31,Albany,5.8,0.01,45.0,0.0,80.0,55.0,6.05,33.0,New York,302
2023-07-31,Syracuse,7.6,0.02,46.0,0.0,77.0,59.0,5.416667,30.0,New York,287
2023-08-01,Albany,3.8,0.0,37.0,0.0,77.0,56.0,3.8,21.0,New York,333
2023-08-01,Syracuse,4.7,0.05,33.0,0.0,76.0,55.0,3.5,19.0,New York,325
2023-08-02,Albany,2.2,0.0,40.0,0.0,78.0,52.0,6.8,38.0,New York,195
2023-08-02,Syracuse,4.7,0.0,31.0,0.0,81.0,52.0,4.925,27.0,New York,193
2023-08-03,Albany,11.2,0.04,54.0,0.0,80.0,60.0,7.991667,44.0,New York,168
2023-08-03,Syracuse,8.3,0.45,41.0,0.0,85.0,65.0,15.558333,63.0,New York,208
2023-08-04,Albany,7.8,0.45,69.0,0.0,77.0,62.0,8.4375,47.0,New York,171
2023-08-04,Syracuse,6.7,0.11,49.0,0.0,83.0,66.0,15.5,63.0,New York,214
2023-08-05,Albany,3.8,0.0,49.0,0.0,82.0,61.0,15.783333,63.0,New York,319
2023-08-05,Syracuse,4.9,0.0,40.0,0.0,79.0,61.0,13.020833,58.0,New York,311
2023-08-06,Albany,1.6,0.0,38.0,0.0,82.0,57.0,14.7,61.0,New York,80
2023-08-06,Syracuse,5.1,0.0,44.0,0.0,82.0,55.0,9.795833,52.0,New York,104
2023-08-07,Albany,7.6,1.06,73.0,0.0,76.0,65.0,10.8875,54.0,New York,158
2023-08-07,Syracuse,8.1,2.45,51.0,0.0,89.0,66.0,7.2,40.0,New York,179
2023-08-08,Albany,10.7,0.07,64.0,0.0,81.0,68.0,3.3875,18.0,New York,235
2023-08-08,Syracuse,10.5,0.7,76.0,0.0,71.0,66.0,3.595833,19.0,New York,257
2023-08-09,Albany,12.3,0.0,44.0,0.0,83.0,63.0,10.616667,54.0,New York,304
2023-08-09,Syracuse,8.9,0.0,41.0,0.0,84.0,64.0,11.558333,55.0,New York,270
2023-08-10,Albany,6.7,0.35,62.0,0.0,79.0,60.0,11.1,55.0,New York,178
2023-08-10,Syracuse,5.8,0.27,71.0,0.0,76.0,63.0,10.3,53.0,New York,236
2023-08-11,Albany,9.2,0.0,42.0,0.0,81.0,60.0,7.654545,42.0,New York,304
2023-08-11,Syracuse,8.5,0.0,42.0,0.0,78.0,61.0,6.4,36.0,New York,271
2023-08-12,Albany,7.2,0.0,52.0,0.0,81.0,55.0,7.2625,40.0,New York,172
2023-08-12,Syracuse,9.2,0.02,51.0,0.0,85.0,59.0,5.4625,30.0,New York,190
2023-08-13,Albany,8.3,0.43,45.0,0.0,83.0,64.0,4.1,23.0,New York,294
2023-08-13,Syracuse,7.6,0.0,50.0,0.0,80.0,65.0,3.7,21.0,New York,266
2023-08-14,Albany,3.8,0.02,48.0,0.0,84.0,62.0,5.379167,29.0,New York,307
2023-08-14,Syracuse,5.8,0.0,52.0,0.0,79.0,64.0,4.486957,24.0,New York,283
2023-08-15,Albany,4.3,0.53,79.0,0.0,73.0,67.0,5.6125,31.0,New York,340
2023-08-15,Syracuse,5.8,0.14,79.0,0.0,73.0,66.0,4.391667,24.0,New York,63
2023-08-16,Albany,6.3,0.0,61.0,0.0,82.0,68.0,4.1,23.0,New York,166
2023-08-16,Syracuse,4.9,0.06,58.0,0.0,80.0,64.0,4.5,25.0,New York,273
2023-08-17,Albany,9.6,0.01,62.0,0.0,81.0,71.0,4.8,27.0,New York,165
2023-08-17,Syracuse,7.8,0.0,48.0,0.0,84.0,61.0,5.975,33.0,New York,184
2023-08-18,Albany,8.7,0.72,43.0,0.0,79.0,63.0,6.8125,38.0,New York,225
2023-08-18,Syracuse,13.4,0.45,48.0,0.0,74.0,59.0,5.841667,32.0,New York,248
2023-08-19,Albany,9.4,0.0,48.0,0.0,76.0,57.0,6.0,33.0,New York,279
2023-08-19,Syracuse,13.4,0.05,40.0,0.0,76.0,59.0,7.7,43.0,New York,273
2023-08-20,Albany,4.5,0.0,52.0,0.0,79.0,55.0,14.791667,61.0,New York,175
2023-08-20,Syracuse,4.3,0.0,40.0,0.0,84.0,57.0,13.854167,60.0,New York,234
2023-08-21,Albany,6.3,0.0,63.0,0.0,84.0,63.0,16.770833,65.0,New York,352
2023-08-21,Syracuse,7.6,0.0,55.0,0.0,75.0,61.0,11.758333,56.0,New York,294
2023-08-22,Albany,5.6,0.0,39.0,0.0,80.0,55.0,6.3,35.0,New York,350
2023-08-22,Syracuse,4.9,0.0,43.0,0.0,80.0,55.0,4.9,27.0,New York,337
2023-08-23,Albany,1.6,0.0,37.0,0.0,80.0,57.0,9.166667,51.0,New York,223
2023-08-23,Syracuse,3.1,0.0,43.0,0.0,80.0,60.0,8.579167,47.0,New York,149
2023-08-24,Albany,7.4,0.35,68.0,0.0,71.0,57.0,7.1875,39.0,New York,160
2023-08-24,Syracuse,8.9,0.07,65.0,0.0,71.0,65.0,5.35,29.0,New York,166
2023-08-25,Albany,7.2,0.13,71.0,0.0,79.0,66.0,5.5,31.0,New York,172
2023-08-25,Syracuse,5.6,0.11,69.0,0.0,79.0,68.0,4.3,24.0,New York,250
2023-08-26,Albany,4.7,0.0,49.0,0.0,84.0,67.0,6.154167,34.0,New York,314
2023-08-26,Syracuse,8.7,0.0,54.0,0.0,80.0,64.0,5.245833,29.0,New York,304
2023-08-27,Albany,5.8,0.0,52.0,0.0,79.0,62.0,6.829167,38.0,New York,335
2023-08-27,Syracuse,5.1,0.0,46.0,0.0,75.0,59.0,5.458333,30.0,New York,335
2023-08-28,Albany,2.9,0.46,64.0,0.0,77.0,57.0,8.4,47.0,New York,165
2023-08-28,Syracuse,3.8,0.0,67.0,0.0,75.0,54.0,4.9,27.0,New York,132
2023-08-29,Albany,7.2,0.0,43.0,0.0,84.0,67.0,8.508333,47.0,New York,173
2023-08-29,Syracuse,4.3,0.07,66.0,0.0,78.0,65.0,6.728571,37.0,New York,188
2023-08-31,Albany,6.7,0.0,43.0,0.0,73.0,55.0,3.1,17.0,New York,340
2023-08-31,Syracuse,4.9,0.0,37.0,0.0,74.0,50.0,2.5,14.0,New York,334
2023-09-01,Albany,1.3,0.0,43.0,0.0,77.0,51.0,5.466667,30.0,New York,297
2023-09-02,Albany,5.8,0.02,47.0,0.0,81.0,55.0,6.0,33.0,New York,162
2023-09-03,Albany,4.0,0.0,51.0,0.0,86.0,64.0,10.2,53.0,New York,297
2023-09-03,Syracuse,4.9,0.0,46.0,0.0,87.0,64.0,10.0,53.0,New York,254
2023-09-04,Albany,3.1,0.0,53.0,0.0,89.0,68.0,15.0375,62.0,New York,275
2023-09-05,Albany,2.5,0.0,52.0,0.0,91.0,68.0,17.695833,67.0,New York,340
2023-09-06,Albany,1.6,0.0,47.0,0.0,93.0,70.0,14.9,62.0,New York,337
2023-09-06,Syracuse,3.8,0.0,44.0,0.0,92.0,67.0,10.5,54.0,New York,247
2023-09-07,Albany,5.1,0.51,44.0,0.0,93.0,70.0,14.891667,62.0,New York,169
2023-09-07,Syracuse,4.7,0.9,50.0,0.0,89.0,69.0,5.8125,,New York,210
2023-09-08,Albany,4.9,0.79,55.0,0.0,88.0,68.0,8.358333,46.0,New York,172
2023-09-08,Syracuse,6.7,0.0,69.0,0.0,79.0,67.0,5.608333,31.0,New York,274
2023-09-09,Albany,2.2,0.01,58.0,0.0,83.0,66.0,6.0,33.0,New York,327
2023-09-09,Syracuse,4.3,0.29,71.0,0.0,73.0,63.0,3.7,21.0,New York,336
2023-09-10,Albany,3.8,1.35,74.0,0.0,78.0,66.0,6.216667,34.0,New York,134
2023-09-10,Syracuse,2.9,0.01,76.0,0.0,72.0,66.0,2.775,15.0,New York,296
2023-09-11,Albany,5.1,0.01,73.0,0.0,76.0,64.0,3.945833,22.0,New York,339
2023-09-11,Syracuse,4.5,0.0,73.0,0.0,70.0,60.0,3.258333,18.0,New York,285
2023-09-12,Albany,2.0,0.0,53.0,0.0,82.0,64.0,5.4,30.0,New York,72
2023-09-12,Syracuse,4.3,0.66,45.0,0.0,83.0,58.0,5.4,30.0,New York,209
2023-09-13,Albany,2.9,0.19,69.0,0.0,75.0,63.0,5.666667,31.0,New York,307
2023-09-13,Syracuse,7.6,0.05,54.0,0.0,75.0,58.0,3.891667,21.0,New York,280
2023-09-14,Albany,7.6,0.0,43.0,0.0,73.0,53.0,3.326087,18.0,New York,312
2023-09-14,Syracuse,7.6,0.0,47.0,0.0,69.0,52.0,3.545833,19.0,New York,273
2023-09-15,Albany,8.3,0.0,47.0,0.0,69.0,49.0,9.7,52.0,New York,347
2023-09-15,Syracuse,4.7,0.0,40.0,0.0,73.0,47.0,4.9,27.0,New York,331
2023-09-16,Albany,9.8,0.0,44.0,0.0,76.0,56.0,5.925,33.0,New York,311
2023-09-16,Syracuse,5.6,0.0,40.0,0.0,74.0,49.0,5.6875,31.0,New York,281
2023-09-17,Albany,3.1,0.2,44.0,0.0,74.0,50.0,6.1125,34.0,New York,322
2023-09-17,Syracuse,4.5,0.0,51.0,0.0,72.0,54.0,6.008333,33.0,New York,213
2023-09-18,Albany,4.3,0.5,86.0,0.0,64.0,59.0,5.1,28.0,New York,331
2023-09-18,Syracuse,5.8,0.0,48.0,0.0,75.0,56.0,6.3,35.0,New York,294
2023-09-19,Albany,13.0,0.0,59.0,0.0,71.0,52.0,3.975,22.0,New York,298
2023-09-19,Syracuse,10.5,0.0,44.0,0.0,69.0,50.0,4.1,23.0,New York,273
2023-09-20,Albany,6.3,0.0,38.0,0.0,72.0,49.0,4.779167,26.0,New York,313
2023-09-20,Syracuse,5.1,0.0,37.0,0.0,69.0,47.0,4.333333,24.0,New York,271
2023-09-21,Albany,2.5,0.0,44.0,0.0,72.0,47.0,5.0,28.0,New York,338
2023-09-21,Syracuse,2.5,0.0,40.0,0.0,72.0,45.0,3.6,20.0,New York,186
2023-09-22,Albany,2.0,0.0,46.0,0.0,74.0,48.0,7.53913,42.0,New York,288
2023-09-22,Syracuse,5.1,0.0,37.0,0.0,75.0,45.0,5.441667,30.0,New York,115
2023-09-23,Albany,3.4,0.01,67.0,0.0,61.0,50.0,6.908333,38.0,New York,308
2023-09-23,Syracuse,6.5,0.0,58.0,0.0,63.0,52.0,7.4,41.0,New York,83
2023-09-24,Albany,5.6,0.11,58.0,0.0,66.0,53.0,8.1,45.0,New York,326
2023-09-24,Syracuse,6.0,0.04,62.0,0.0,64.0,54.0,9.8,52.0,New York,77
2023-09-25,Albany,,0.08,59.0,0.0,68.0,53.0,15.195833,62.0,New York,322
2023-09-25,Syracuse,4.9,0.0,38.0,0.0,74.0,55.0,11.141667,55.0,New York,113
2023-09-26,Albany,3.1,0.0,45.0,0.0,69.0,47.0,14.420833,61.0,New York,353
2023-09-26,Syracuse,6.9,0.0,42.0,0.0,68.0,49.0,12.120833,57.0,New York,88
2023-09-27,Albany,3.1,0.0,44.0,0.0,71.0,45.0,7.0,39.0,New York,283
2023-09-27,Syracuse,4.7,0.0,28.0,0.0,73.0,42.0,5.5,31.0,New York,97
2023-09-28,Albany,2.0,0.0,33.0,0.0,72.0,45.0,11.033333,55.0,New York,207
2023-09-28,Syracuse,6.9,0.0,37.0,0.0,73.0,44.0,5.729167,32.0,New York,118
2023-09-29,Albany,2.9,0.15,67.0,0.0,62.0,55.0,15.041667,62.0,New York,303
2023-09-29,Syracuse,5.4,0.04,55.0,0.0,71.0,57.0,9.766667,52.0,New York,82
2023-09-30,Albany,2.9,0.04,70.0,0.0,69.0,55.0,15.1,62.0,New York,334
2023-09-30,Syracuse,4.0,0.0,48.0,0.0,77.0,51.0,10.2,53.0,New York,357
2023-10-01,Albany,3.8,0.0,48.0,0.0,79.0,53.0,12.354167,57.0,New York,339
2023-10-01,Syracuse,2.9,0.0,49.0,0.0,79.0,55.0,8.729167,48.0,New York,277
2023-10-02,Albany,2.2,0.0,40.0,0.0,78.0,56.0,9.241667,51.0,New York,342
2023-10-02,Syracuse,2.2,0.0,49.0,0.0,80.0,55.0,6.475,36.0,New York,267
2023-10-03,Albany,1.1,0.0,49.0,0.0,85.0,52.0,10.1,53.0,New York,176
2023-10-03,Syracuse,3.6,0.0,48.0,0.0,84.0,58.0,10.0,53.0,New York,255
2023-10-04,Albany,2.0,0.0,43.0,0.0,86.0,57.0,12.7,58.0,New York,170
2023-10-04,Syracuse,4.0,0.0,35.0,0.0,89.0,57.0,8.365217,46.0,New York,174
2023-10-05,Albany,7.2,0.0,26.0,0.0,82.0,57.0,9.6,52.0,New York,169
2023-10-05,Syracuse,9.4,0.0,25.0,0.0,85.0,59.0,6.816667,38.0,New York,179
2023-10-06,Albany,7.6,0.0,71.0,0.0,74.0,62.0,7.2,40.0,New York,162
2023-10-06,Syracuse,7.8,0.19,56.0,0.0,75.0,65.0,6.1,34.0,New York,189
2023-10-07,Albany,5.8,1.07,49.0,0.0,69.0,51.0,3.720833,21.0,New York,269
2023-10-07,Syracuse,5.8,0.43,77.0,0.0,65.0,49.0,3.775,21.0,New York,263
2023-10-08,Albany,9.6,0.01,40.0,0.0,65.0,48.0,1.95,11.0,New York,230
2023-10-08,Syracuse,19.2,0.02,46.0,0.0,60.0,49.0,1.616667,9.0,New York,246
2023-10-09,Albany,7.8,0.0,44.0,0.0,61.0,45.0,3.0,17.0,New York,177
2023-10-09,Syracuse,11.6,0.0,42.0,0.0,59.0,49.0,2.1,12.0,New York,222
2023-10-10,Albany,3.1,0.0,46.0,0.0,63.0,46.0,5.2,29.0,New York,182
2023-10-10,Syracuse,6.3,0.0,46.0,0.0,58.0,47.0,3.4375,19.0,New York,212
2023-10-11,Albany,4.5,0.01,50.0,0.0,65.0,50.0,5.458333,30.0,New York,206
2023-10-11,Syracuse,7.6,0.01,50.0,0.0,62.0,49.0,3.2625,18.0,New York,226
2023-10-12,Albany,4.3,0.0,49.0,0.0,67.0,47.0,5.2,29.0,New York,297
2023-10-12,Syracuse,6.0,0.0,46.0,0.0,64.0,43.0,3.8,21.0,New York,277
2023-10-13,Albany,6.7,0.0,40.0,0.0,65.0,40.0,2.595833,14.0,New York,316
2023-10-13,Syracuse,3.8,0.0,46.0,0.0,61.0,42.0,2.7125,15.0,New York,304
2023-10-14,Albany,1.3,0.0,60.0,0.0,58.0,45.0,5.045833,28.0,New York,340
2023-10-14,Syracuse,2.5,0.0,62.0,0.0,56.0,45.0,3.445833,19.0,New York,315
2023-10-15,Albany,8.3,0.01,46.0,0.0,60.0,46.0,3.2,18.0,New York,321
2023-10-15,Syracuse,7.2,0.17,69.0,0.0,53.0,45.0,1.9,11.0,New York,306
2023-10-16,Albany,6.3,0.0,50.0,0.0,63.0,48.0,1.975,11.0,New York,338
2023-10-16,Syracuse,9.4,0.0,60.0,0.0,62.0,49.0,1.929167,11.0,New York,329
2023-10-17,Albany,1.8,0.0,58.0,0.0,61.0,46.0,4.358333,24.0,New York,324
2023-10-17,Syracuse,3.8,0.02,67.0,0.0,59.0,47.0,3.358333,18.0,New York,286
2023-10-18,Albany,0.7,0.0,56.0,0.0,62.0,45.0,5.5,31.0,New York,211
2023-10-18,Syracuse,2.9,0.0,50.0,0.0,59.0,46.0,4.4,24.0,New York,215
2023-10-19,Albany,8.3,0.0,45.0,0.0,66.0,45.0,6.045833,33.0,New York,167
2023-10-19,Syracuse,8.1,0.0,43.0,0.0,65.0,41.0,4.733333,26.0,New York,181
2023-10-20,Albany,7.6,0.1,74.0,0.0,63.0,56.0,4.083333,22.0,New York,162
2023-10-20,Syracuse,10.1,0.58,49.0,0.0,69.0,56.0,5.058333,28.0,New York,170
2023-10-21,Albany,10.7,1.13,72.0,0.0,59.0,52.0,2.3,13.0,New York,305
2023-10-21,Syracuse,12.5,0.1,77.0,0.0,56.0,47.0,3.9,22.0,New York,278
2023-10-22,Albany,14.5,0.02,61.0,0.0,52.0,44.0,0.641667,3.0,New York,304
2023-10-22,Syracuse,12.1,0.22,77.0,0.0,47.0,42.0,1.070833,6.0,New York,296
2023-10-23,Albany,8.3,0.0,47.0,0.0,58.0,37.0,2.625,14.0,New York,310
2023-10-23,Syracuse,6.5,0.0,47.0,0.0,56.0,40.0,2.554167,14.0,New York,284
2023-10-24,Albany,5.1,0.0,44.0,0.0,63.0,35.0,4.5,25.0,New York,169
2023-10-24,Syracuse,5.8,0.0,26.0,0.0,70.0,40.0,5.7,32.0,New York,186
2023-10-25,Albany,5.4,0.0,41.0,0.0,73.0,45.0,6.883333,38.0,New York,165
2023-10-25,Syracuse,4.7,0.0,31.0,0.0,77.0,56.0,5.504167,31.0,New York,212
2023-10-26,Albany,2.5,0.0,37.0,0.0,78.0,58.0,10.933333,54.0,New York,158
2023-10-26,Syracuse,4.5,0.05,51.0,0.0,71.0,59.0,7.375,41.0,New York,207
2023-10-27,Albany,5.1,0.0,42.0,0.0,80.0,58.0,10.4,53.0,New York,161
2023-10-27,Syracuse,5.1,0.04,47.0,0.0,78.0,58.0,9.1,51.0,New York,213
2023-10-28,Albany,7.6,0.01,50.0,0.0,74.0,48.0,5.866667,32.0,New York,296
2023-10-28,Syracuse,9.6,0.12,51.0,0.0,68.0,45.0,3.6125,20.0,New York,263
2023-10-29,Albany,5.8,0.59,63.0,0.0,49.0,42.0,2.629167,14.0,New York,339
2023-10-29,Syracuse,6.9,0.05,71.0,0.0,48.0,44.0,2.2125,12.0,New York,57
2023-10-30,Albany,7.6,0.44,73.0,0.0,51.0,41.0,1.2,7.0,New York,281
2023-10-30,Syracuse,6.7,0.47,77.0,0.0,47.0,39.0,1.6,9.0,New York,303
2023-10-31,Albany,2.9,0.0,41.0,0.0,50.0,32.0,4.545833,25.0,New York,302
2023-10-31,Syracuse,5.1,0.0,65.0,0.0,44.0,36.0,3.5,19.0,New York,231
2023-11-01,Albany,6.7,0.01,44.0,0.0,47.0,30.0,4.5125,25.0,New York,315
2023-11-01,Syracuse,4.5,0.25,76.0,0.0,40.0,34.0,4.2,23.0,New York,269
2023-11-02,Albany,4.5,0.0,42.0,0.0,49.0,25.0,4.3,24.0,New York,227
2023-11-02,Syracuse,8.3,0.0,44.0,0.0,46.0,32.0,2.5,14.0,New York,219
2023-11-03,Albany,12.3,0.0,30.0,0.0,57.0,39.0,6.925,38.0,New York,164
2023-11-03,Syracuse,13.9,0.0,23.0,0.0,61.0,42.0,5.543478,31.0,New York,198
2023-11-04,Albany,4.0,0.0,44.0,0.0,55.0,46.0,9.6625,52.0,New York,156
2023-11-04,Syracuse,2.9,0.01,30.0,0.0,58.0,48.0,8.233333,46.0,New York,221
2023-11-05,Albany,6.0,0.0,45.0,0.0,59.0,36.0,10.0,53.0,New York,308
2023-11-05,Syracuse,6.0,0.01,36.0,0.0,52.0,38.0,6.0,33.0,New York,279
2023-11-06,Albany,5.8,0.13,43.0,0.0,53.0,30.0,6.858333,38.0,New York,169
2023-11-06,Syracuse,7.6,0.04,41.0,0.0,56.0,37.0,4.829167,27.0,New York,176
2023-11-07,Albany,15.0,0.01,50.0,0.0,63.0,44.0,7.604167,42.0,New York,225
2023-11-07,Syracuse,15.4,0.02,51.0,0.0,60.0,36.0,6.0625,33.0,New York,263
2023-11-08,Albany,10.1,0.02,45.0,0.0,44.0,32.0,2.9,16.0,New York,318
2023-11-08,Syracuse,6.3,0.08,48.0,0.0,38.0,32.0,2.0,11.0,New York,350
2023-11-09,Albany,5.4,0.11,61.0,0.0,49.0,34.0,4.975,27.0,New York,150
2023-11-09,Syracuse,9.8,0.32,66.0,0.0,48.0,34.0,4.7125,26.0,New York,237
2023-11-10,Albany,7.2,0.0,40.0,0.0,53.0,38.0,5.991667,33.0,New York,230
2023-11-10,Syracuse,10.1,0.0,39.0,0.0,52.0,40.0,3.741667,21.0,New York,262
2023-11-11,Albany,8.5,0.0,46.0,0.0,48.0,36.0,7.5,42.0,New York,304
2023-11-11,Syracuse,6.0,0.0,53.0,0.0,44.0,34.0,3.0,17.0,New York,306
2023-11-12,Albany,3.4,0.0,45.0,0.0,42.0,27.0,5.279167,29.0,New York,334
2023-11-12,Syracuse,2.0,0.0,51.0,0.0,44.0,27.0,4.491667,24.0,New York,6
2023-11-13,Albany,2.5,0.0,53.0,0.0,41.0,21.0,9.679167,52.0,New York,170
2023-11-13,Syracuse,5.4,0.32,52.0,0.0,50.0,24.0,6.1375,34.0,New York,188
2023-11-14,Albany,6.7,0.02,52.0,0.0,50.0,31.0,4.1,23.0,New York,323
2023-11-14,Syracuse,7.8,0.17,60.0,0.0,45.0,30.0,3.5,19.0,New York,292
2023-11-15,Albany,6.0,0.0,48.0,0.0,51.0,28.0,4.641667,26.0,New York,171
2023-11-15,Syracuse,4.3,0.0,36.0,0.0,58.0,29.0,4.6375,26.0,New York,190
2023-11-16,Albany,1.8,0.0,39.0,0.0,61.0,31.0,15.154167,62.0,New York,157
2023-11-16,Syracuse,2.2,0.0,38.0,0.0,63.0,33.0,9.7375,52.0,New York,210
2023-11-17,Albany,11.0,0.01,51.0,0.0,65.0,33.0,9.0,50.0,New York,171
2023-11-17,Syracuse,10.5,0.41,30.0,0.0,65.0,40.0,15.2,62.0,New York,208
2023-11-18,Albany,8.5,0.16,47.0,0.0,58.0,30.0,2.55,14.0,New York,315
2023-11-18,Syracuse,7.2,0.01,43.0,0.0,45.0,34.0,1.5,,New York,309
2023-11-19,Albany,8.3,0.0,46.0,0.0,50.0,28.0,3.783333,21.0,New York,282
2023-11-20,Albany,6.0,0.0,36.0,0.0,40.0,25.0,3.5,19.0,New York,324
2023-11-20,Syracuse,3.4,0.0,37.0,0.0,38.0,25.0,4.685714,,New York,32
2023-11-21,Albany,4.0,0.48,46.0,0.0,39.0,18.0,6.575,36.0,New York,162
2023-11-21,Syracuse,11.4,0.59,52.0,0.0,39.0,24.0,3.0,17.0,New York,102
2023-11-22,Albany,4.9,0.23,86.0,1.2,43.0,34.0,4.883333,27.0,New York,329
2023-11-22,Syracuse,5.8,0.21,79.0,0.0,47.0,36.0,4.216667,23.0,New York,323
2023-11-23,Albany,8.7,0.0,56.0,0.0,48.0,40.0,2.6,14.0,New York,311
2023-11-23,Syracuse,11.2,0.0,61.0,0.0,46.0,39.0,4.2,23.0,New York,262
2023-11-24,Albany,11.9,0.0,43.0,0.0,46.0,22.0,3.2375,18.0,New York,313
2023-11-24,Syracuse,12.3,0.0,41.0,0.0,43.0,31.0,2.15,12.0,New York,295
2023-11-25,Albany,3.4,0.0,40.0,0.0,42.0,17.0,4.954167,27.0,New York,279
2023-11-25,Syracuse,5.8,0.0,47.0,0.0,42.0,28.0,5.395833,29.0,New York,228
2023-11-26,Albany,6.0,0.24,47.0,0.0,43.0,25.0,7.0,39.0,New York,165
2023-11-26,Syracuse,8.1,0.13,44.0,0.0,47.0,28.0,3.8,21.0,New York,163
2023-11-27,Albany,9.6,0.43,47.0,0.0,47.0,29.0,4.908333,27.0,New York,287
2023-11-27,Syracuse,12.8,0.04,41.0,0.0,44.0,32.0,4.879167,27.0,New York,253
2023-11-28,Albany,11.4,0.0,37.0,0.0,36.0,27.0,3.417391,19.0,New York,286
2023-11-28,Syracuse,17.4,0.14,49.0,1.2,34.0,25.0,3.270833,18.0,New York,265
2023-11-29,Albany,7.2,0.0,42.0,0.0,37.0,20.0,3.8,21.0,New York,245
2023-11-29,Syracuse,11.6,0.0,41.0,3.9,34.0,24.0,3.2,18.0,New York,227
2023-11-30,Albany,9.6,0.0,,0.0,47.0,29.0,10.754167,54.0,New York,157
2023-11-30,Syracuse,11.2,0.0,42.0,3.1,50.0,27.0,8.033333,44.0,New York,207
2023-12-01,Albany,9.2,0.06,46.0,0.0,50.0,39.0,12.558333,57.0,New York,157
2023-12-01,Syracuse,6.9,0.16,43.0,0.0,54.0,42.0,7.695833,42.0,New York,200
2023-12-02,Albany,5.4,0.01,86.0,0.0,47.0,42.0,18.0,68.0,New York,157
2023-12-02,Syracuse,2.0,0.02,77.0,0.0,49.0,41.0,13.5,59.0,New York,250
2023-12-03,Albany,4.7,0.82,85.0,0.0,42.0,39.0,7.1375,39.0,New York,266
2023-12-03,Syracuse,7.6,0.68,79.0,0.0,50.0,41.0,4.941667,27.0,New York,148
2023-12-04,Albany,7.6,0.03,73.0,0.0,48.0,37.0,2.95,16.0,New York,211
2023-12-04,Syracuse,12.1,0.07,71.0,0.0,46.0,34.0,2.966667,16.0,New York,271
2023-12-05,Albany,5.8,0.01,72.0,0.0,37.0,29.0,3.0,17.0,New York,328
2023-12-05,Syracuse,3.6,0.08,76.0,0.0,36.0,33.0,4.0,22.0,New York,289
2023-12-06,Albany,4.5,0.04,79.0,0.0,32.0,20.0,7.083333,39.0,New York,341
2023-12-06,Syracuse,6.9,0.02,69.0,0.0,34.0,27.0,4.816667,27.0,New York,301
2023-12-07,Albany,2.0,0.02,69.0,1.2,30.0,17.0,6.366667,35.0,New York,71
2023-12-07,Syracuse,5.1,0.03,73.0,0.0,39.0,25.0,7.1125,39.0,New York,209
2023-12-08,Albany,1.1,0.0,68.0,1.2,45.0,29.0,13.6,59.0,New York,159
2023-12-08,Syracuse,5.8,0.0,55.0,0.0,51.0,32.0,8.0,44.0,New York,172
2023-12-09,Albany,8.7,0.0,62.0,0.0,54.0,31.0,12.55,57.0,New York,167
2023-12-09,Syracuse,7.4,0.0,42.0,0.0,58.0,43.0,7.1,39.0,New York,168
2023-12-10,Albany,11.4,0.88,68.0,0.0,56.0,42.0,14.116667,60.0,New York,189
2023-12-10,Syracuse,6.5,0.38,49.0,0.0,55.0,38.0,8.116667,45.0,New York,231
2023-12-11,Albany,11.9,0.6,61.0,0.0,42.0,33.0,1.1,6.0,New York,307
2023-12-11,Syracuse,13.4,0.22,55.0,0.0,38.0,34.0,1.6,9.0,New York,273
2023-12-12,Albany,8.5,0.0,43.0,0.0,44.0,33.0,4.483333,24.0,New York,176
2023-12-12,Syracuse,12.5,0.0,38.0,0.0,46.0,34.0,4.366667,24.0,New York,224
2023-12-13,Albany,8.7,0.0,46.0,0.0,41.0,28.0,5.5875,31.0,New York,283
2023-12-13,Syracuse,15.2,0.06,41.0,0.0,40.0,30.0,4.581818,25.0,New York,267
2023-12-14,Albany,5.4,0.0,43.0,0.0,39.0,19.0,3.6,20.0,New York,259
2023-12-14,Syracuse,7.8,0.0,45.0,1.2,41.0,27.0,2.9,16.0,New York,236
2023-12-15,Albany,4.7,0.0,47.0,0.0,54.0,27.0,11.169565,55.0,New York,104
2023-12-15,Syracuse,12.1,0.0,37.0,0.0,57.0,40.0,9.116667,51.0,New York,254
2023-12-16,Albany,5.6,0.0,48.0,0.0,52.0,32.0,13.616667,59.0,New York,333
2023-12-16,Syracuse,5.4,0.0,54.0,0.0,52.0,39.0,12.245833,57.0,New York,172
2023-12-17,Albany,4.5,0.33,67.0,0.0,46.0,32.0,8.6,48.0,New York,179
2023-12-17,Syracuse,9.6,0.18,61.0,0.0,49.0,39.0,5.3,29.0,New York,137
2023-12-18,Albany,9.4,2.13,65.0,0.0,56.0,39.0,4.025,22.0,New York,270
2023-12-18,Syracuse,12.1,1.59,65.0,0.0,48.0,39.0,2.416667,13.0,New York,269
2023-12-19,Albany,12.3,0.0,52.0,0.0,40.0,29.0,2.020833,11.0,New York,294
2023-12-19,Syracuse,13.9,0.09,63.0,1.2,39.0,25.0,1.85,10.0,New York,271
2023-12-20,Albany,7.8,0.0,53.0,0.0,40.0,23.0,4.3,24.0,New York,322
2023-12-20,Syracuse,5.8,0.0,64.0,1.2,36.0,24.0,4.9,27.0,New York,262
2023-12-21,Albany,10.1,0.0,41.0,0.0,35.0,19.0,3.879167,21.0,New York,356
2023-12-21,Syracuse,6.0,0.0,54.0,0.0,34.0,19.0,4.6625,26.0,New York,351
2023-12-22,Albany,2.7,0.0,45.0,0.0,32.0,16.0,6.658333,37.0,New York,347
2023-12-22,Syracuse,4.9,0.0,59.0,0.0,32.0,17.0,6.3625,35.0,New York,96
2023-12-23,Albany,2.5,0.0,56.0,0.0,37.0,18.0,10.0,53.0,New York,165
2023-12-23,Syracuse,6.5,0.09,61.0,0.0,39.0,29.0,7.3,41.0,New York,137
2023-12-24,Albany,1.1,0.04,70.0,0.0,38.0,32.0,18.8375,69.0,New York,181
2023-12-24,Syracuse,3.1,0.14,86.0,0.0,39.0,35.0,15.579167,63.0,New York,172
2023-12-25,Albany,0.7,0.0,66.0,0.0,51.0,34.0,21.3375,74.0,New York,162
2023-12-25,Syracuse,5.6,0.0,64.0,0.0,53.0,35.0,12.508333,57.0,New York,132
2023-12-26,Albany,3.1,0.04,85.0,0.0,44.0,33.0,10.4,53.0,New York,176
2023-12-26,Syracuse,5.1,0.02,86.0,0.0,44.0,32.0,9.8,52.0,New York,116
2023-12-27,Albany,3.4,0.3,77.0,0.0,51.0,44.0,16.108333,64.0,New York,175
2023-12-27,Syracuse,7.2,0.82,96.0,0.0,47.0,43.0,5.583333,31.0,New York,117
2023-12-28,Albany,4.3,0.17,86.0,0.0,49.0,44.0,7.020833,39.0,New York,319
2023-12-28,Syracuse,5.8,0.2,90.0,0.0,50.0,41.0,5.341667,29.0,New York,66
2023-12-29,Albany,3.8,0.15,74.0,0.0,48.0,42.0,4.5,25.0,New York,321
2023-12-29,Syracuse,8.7,0.24,82.0,0.0,45.0,35.0,3.9,22.0,New York,270
2023-12-30,Albany,11.0,0.05,60.0,0.0,45.0,35.0,2.654167,14.0,New York,306
2023-12-30,Syracuse,10.1,0.03,82.0,0.0,35.0,29.0,3.758333,21.0,New York,284
2023-12-31,Albany,7.6,0.0,59.0,0.0,37.0,33.0,2.491667,13.0,New York,321
2023-12-31,Syracuse,4.9,0.02,81.0,0.0,31.0,27.0,3.608333,20.0,New York,325
2024-01-01,Albany,5.1,0.0,59.0,0.0,36.0,25.0,4.8,27.0,New York,342
2024-01-01,Syracuse,7.4,0.0,69.0,0.0,28.0,22.0,1.9,11.0,New York,314
2024-01-02,Albany,5.6,0.0,52.0,0.0,38.0,24.0,5.8,32.0,New York,338
2024-01-02,Syracuse,10.1,0.0,61.0,0.0,37.0,28.0,4.95,27.0,New York,248
2024-01-03,Albany,3.8,0.0,58.0,0.0,40.0,32.0,11.7,56.0,New York,204
2024-01-03,Syracuse,10.1,0.0,61.0,0.0,38.0,34.0,5.8125,32.0,New York,233
2024-01-04,Albany,10.1,0.0,47.0,0.0,43.0,19.0,5.6,31.0,New York,316
2024-01-04,Syracuse,11.2,0.08,57.0,1.2,36.0,23.0,2.2,12.0,New York,298
2024-01-05,Albany,4.5,0.0,56.0,0.0,31.0,16.0,4.7875,26.0,New York,320
2024-01-05,Syracuse,9.4,0.01,58.0,1.2,30.0,22.0,6.233333,34.0,New York,258
2024-01-06,Albany,4.0,0.15,59.0,0.0,34.0,27.0,10.491667,53.0,New York,157
2024-01-06,Syracuse,8.9,0.57,61.0,1.2,33.0,27.0,9.066667,50.0,New York,115
2024-01-07,Albany,6.3,0.35,69.0,3.1,32.0,27.0,4.0,22.0,New York,327
2024-01-07,Syracuse,8.5,0.39,75.0,7.9,32.0,27.0,4.1,23.0,New York,312
2024-01-08,Albany,7.6,0.0,57.0,7.1,40.0,20.0,5.725,32.0,New York,320
2024-01-08,Syracuse,4.3,0.0,78.0,9.1,35.0,25.0,11.433333,55.0,New York,250
2024-01-09,Albany,4.3,1.03,79.0,5.1,43.0,19.0,12.5625,57.0,New York,151
2024-01-09,Syracuse,14.3,0.09,70.0,7.9,41.0,29.0,5.191667,28.0,New York,127
2024-01-10,Albany,12.8,0.47,46.0,1.2,51.0,38.0,1.3,7.0,New York,221
2024-01-10,Syracuse,15.4,0.04,58.0,5.1,42.0,33.0,1.0,6.0,New York,236
2024-01-11,Albany,5.8,0.0,55.0,0.0,41.0,36.0,4.604167,26.0,New York,221
2024-01-11,Syracuse,9.4,0.07,62.0,1.2,39.0,33.0,5.0125,28.0,New York,239
2024-01-12,Albany,5.8,0.0,49.0,0.0,46.0,34.0,5.320833,29.0,New York,150
2024-01-12,Syracuse,12.1,0.0,55.0,0.0,43.0,32.0,6.208333,34.0,New York,138
2024-01-13,Albany,11.4,0.57,44.0,0.0,53.0,35.0,2.2,12.0,New York,191
2024-01-13,Syracuse,14.8,0.37,52.0,0.0,42.0,29.0,1.9,11.0,New York,233
2024-01-14,Albany,13.6,0.01,44.0,0.0,37.0,20.0,3.033333,17.0,New York,215
2024-01-14,Syracuse,19.5,0.01,37.0,0.0,32.0,18.0,3.066667,17.0,New York,246
2024-01-15,Albany,3.6,0.0,41.0,0.0,28.0,14.0,5.779167,32.0,New York,243
2024-01-15,Syracuse,6.5,0.0,40.0,0.0,26.0,14.0,5.354167,29.0,New York,227
2024-01-16,Albany,6.0,0.25,65.0,0.0,23.0,19.0,9.5,52.0,New York,335
2024-01-16,Syracuse,7.6,0.06,49.0,0.0,23.0,16.0,6.8,38.0,New York,267
2024-01-17,Albany,9.2,0.0,39.0,3.9,22.0,9.0,6.366667,35.0,New York,267
2024-01-17,Syracuse,11.6,0.0,41.0,1.2,22.0,9.0,6.520833,36.0,New York,247
2024-01-18,Albany,6.5,0.0,43.0,3.1,30.0,10.0,8.866667,49.0,New York,185
2024-01-18,Syracuse,8.1,0.01,43.0,1.2,28.0,20.0,6.325,35.0,New York,232
2024-01-19,Albany,6.3,0.0,57.0,3.1,25.0,13.0,11.5,55.0,New York,356
2024-01-19,Syracuse,6.5,0.02,58.0,2.0,26.0,8.0,9.4,52.0,New York,348
2024-01-20,Albany,13.4,0.01,55.0,3.1,15.0,7.0,3.6875,20.0,New York,319
2024-01-20,Syracuse,7.6,0.02,57.0,2.0,16.0,7.0,3.1375,17.0,New York,312
2024-01-21,Albany,12.3,0.0,49.0,2.0,21.0,7.0,2.7,15.0,New York,329
2024-01-21,Syracuse,10.7,0.01,53.0,2.0,26.0,12.0,2.375,13.0,New York,295
2024-01-22,Albany,5.6,0.0,51.0,2.0,34.0,7.0,6.7,37.0,New York,148
2024-01-22,Syracuse,6.3,0.0,33.0,2.0,38.0,16.0,4.583333,25.0,New York,220
2024-01-23,Albany,4.0,0.1,50.0,2.0,38.0,32.0,12.695833,58.0,New York,70
2024-01-23,Syracuse,6.0,0.21,54.0,1.2,36.0,32.0,12.220833,57.0,New York,252
2024-01-24,Albany,8.7,0.55,85.0,2.0,40.0,33.0,9.941667,52.0,New York,162
2024-01-24,Syracuse,6.0,0.56,79.0,2.0,39.0,32.0,11.633333,56.0,New York,160
2024-01-25,Albany,4.5,0.07,83.0,0.0,46.0,37.0,7.1,39.0,New York,351
2024-01-25,Syracuse,2.9,0.1,93.0,0.0,40.0,35.0,5.9,33.0,New York,245
2024-01-26,Albany,4.7,0.9,85.0,0.0,42.0,36.0,5.404167,30.0,New York,175
2024-01-26,Syracuse,11.9,1.08,89.0,0.0,47.0,33.0,3.2375,18.0,New York,346
2024-01-27,Albany,3.4,0.01,71.0,0.0,42.0,36.0,3.891667,21.0,New York,341
2024-01-27,Syracuse,3.1,0.0,82.0,0.0,39.0,33.0,6.054167,33.0,New York,267
2024-01-28,Albany,5.1,0.57,79.0,0.0,39.0,34.0,3.9,22.0,New York,331
2024-01-28,Syracuse,6.7,0.48,85.0,0.0,38.0,32.0,5.595833,31.0,New York,32
2024-01-29,Albany,8.1,0.06,72.0,3.1,35.0,30.0,4.2,23.0,New York,345
2024-01-29,Syracuse,8.1,0.02,72.0,1.2,33.0,29.0,2.329167,13.0,New York,329
2024-01-30,Albany,3.1,0.0,66.0,3.1,33.0,28.0,4.9,27.0,New York,188
2024-01-30,Syracuse,7.4,0.0,72.0,1.2,33.0,30.0,3.770833,21.0,New York,155
2024-01-31,Albany,7.2,0.0,75.0,2.0,35.0,32.0,4.5,25.0,New York,166
2024-01-31,Syracuse,6.3,0.0,60.0,1.2,43.0,32.0,6.8,38.0,New York,205
2024-02-01,Albany,7.4,0.0,79.0,2.0,37.0,33.0,14.575,61.0,New York,164
2024-02-01,Syracuse,6.0,0.05,67.0,0.0,40.0,37.0,7.45,41.0,New York,221
2024-02-02,Albany,7.8,0.01,65.0,1.2,42.0,30.0,9.466667,52.0,New York,2
2024-02-02,Syracuse,9.4,0.01,66.0,0.0,40.0,32.0,4.7625,26.0,New York,338
2024-02-03,Albany,8.5,0.0,45.0,0.0,40.0,26.0,3.3,18.0,New York,352
2024-02-03,Syracuse,6.3,0.0,54.0,0.0,37.0,27.0,4.075,22.0,New York,320
2024-02-04,Albany,5.6,0.0,39.0,0.0,41.0,20.0,4.8,27.0,New York,343
2024-02-04,Syracuse,3.6,0.0,45.0,0.0,43.0,23.0,6.620833,37.0,New York,280
2024-02-05,Albany,7.6,0.0,31.0,0.0,39.0,20.0,6.2,34.0,New York,350
2024-02-05,Syracuse,7.2,0.0,36.0,0.0,43.0,26.0,5.3,29.0,New York,336
2024-02-06,Albany,6.3,0.0,44.0,0.0,39.0,21.0,3.5,19.0,New York,341
2024-02-06,Syracuse,2.2,0.0,36.0,0.0,42.0,19.0,4.2,23.0,New York,285
2024-02-07,Albany,3.6,0.0,38.0,0.0,44.0,22.0,5.779167,32.0,New York,340
2024-02-07,Syracuse,1.6,0.0,45.0,0.0,42.0,22.0,5.4,30.0,New York,181
2024-02-08,Albany,1.6,0.0,29.0,0.0,51.0,23.0,8.954167,49.0,New York,178
2024-02-08,Syracuse,6.0,0.0,26.0,0.0,58.0,29.0,5.679167,31.0,New York,154
2024-02-09,Albany,10.5,0.0,39.0,0.0,56.0,40.0,10.4,53.0,New York,165
2024-02-09,Syracuse,8.3,0.0,36.0,0.0,63.0,42.0,8.141667,45.0,New York,188
2024-02-10,Albany,7.4,0.0,48.0,0.0,60.0,36.0,11.933333,56.0,New York,167
2024-02-10,Syracuse,10.1,0.03,50.0,0.0,61.0,42.0,8.054167,44.0,New York,237
2024-02-11,Albany,10.3,0.0,55.0,0.0,45.0,35.0,2.945833,16.0,New York,313
2024-02-11,Syracuse,9.6,0.01,62.0,0.0,42.0,36.0,3.375,18.0,New York,288
2024-02-12,Albany,7.4,0.0,51.0,0.0,41.0,28.0,3.7,21.0,New York,320
2024-02-12,Syracuse,4.9,0.0,57.0,0.0,38.0,29.0,8.4,47.0,New York,251
2024-02-13,Albany,7.6,0.0,41.0,0.0,42.0,27.0,4.925,27.0,New York,330
2024-02-13,Syracuse,9.2,0.01,37.0,0.0,43.0,27.0,5.825,32.0,New York,312
2024-02-14,Albany,19.7,0.0,38.0,0.0,35.0,21.0,1.708333,9.0,New York,308
2024-02-14,Syracuse,13.9,0.03,47.0,1.2,30.0,18.0,1.958333,11.0,New York,304
2024-02-15,Albany,7.2,0.02,24.0,0.0,38.0,17.0,2.5,14.0,New York,267
2024-02-15,Syracuse,9.4,0.14,39.0,0.0,37.0,17.0,4.0375,22.0,New York,215
2024-02-16,Albany,15.4,0.01,32.0,1.2,38.0,27.0,3.0125,17.0,New York,301
2024-02-16,Syracuse,15.2,0.02,50.0,2.0,36.0,27.0,2.55,14.0,New York,276
2024-02-17,Albany,9.8,0.01,33.0,0.0,35.0,21.0,3.095833,17.0,New York,308
2024-02-17,Syracuse,11.0,0.13,48.0,3.1,29.0,18.0,2.270833,12.0,New York,284
2024-02-18,Albany,7.6,0.0,36.0,0.0,34.0,17.0,3.8,21.0,New York,225
2024-02-18,Syracuse,14.5,0.0,49.0,5.1,32.0,20.0,5.0,28.0,New York,235
2024-02-19,Albany,13.9,0.01,24.0,0.0,34.0,18.0,2.5,14.0,New York,311
2024-02-19,Syracuse,10.5,0.02,43.0,5.1,32.0,14.0,2.620833,14.0,New York,301
2024-02-20,Albany,1.8,0.0,30.0,0.0,39.0,12.0,5.477273,30.0,New York,125
2024-02-20,Syracuse,5.4,0.0,29.0,5.1,40.0,7.0,4.25,23.0,New York,150
2024-02-21,Albany,7.8,0.0,35.0,0.0,44.0,14.0,7.175,39.0,New York,167
2024-02-21,Syracuse,9.2,0.0,34.0,3.9,49.0,20.0,8.191667,45.0,New York,170
2024-02-22,Albany,11.0,0.0,55.0,0.0,43.0,30.0,6.408333,36.0,New York,166
2024-02-22,Syracuse,6.7,0.27,50.0,2.0,41.0,35.0,8.804167,49.0,New York,185
2024-02-23,Albany,2.0,0.11,61.0,0.0,48.0,29.0,10.008333,53.0,New York,172
2024-02-23,Syracuse,5.8,0.0,56.0,0.0,52.0,29.0,13.004167,58.0,New York,264
2024-02-24,Albany,10.5,0.0,33.0,0.0,37.0,16.0,5.2,29.0,New York,329
2024-02-24,Syracuse,10.7,0.0,35.0,0.0,29.0,13.0,5.0,28.0,New York,321
2024-02-25,Albany,6.9,0.0,33.0,0.0,38.0,12.0,3.466667,19.0,New York,169
2024-02-25,Syracuse,8.5,0.0,20.0,0.0,47.0,17.0,3.191667,17.0,New York,202
2024-02-26,Albany,7.6,0.0,29.0,0.0,59.0,31.0,8.595833,47.0,New York,162
2024-02-26,Syracuse,10.1,0.0,39.0,0.0,54.0,35.0,6.925,38.0,New York,220
2024-02-27,Albany,9.8,0.0,37.0,0.0,66.0,26.0,11.8,56.0,New York,166
2024-02-27,Syracuse,11.0,0.0,31.0,0.0,71.0,33.0,13.054167,58.0,New York,173
2024-02-28,Albany,17.0,0.28,54.0,0.0,59.0,30.0,6.383333,35.0,New York,176
2024-02-28,Syracuse,19.0,0.36,45.0,0.0,64.0,25.0,6.379167,35.0,New York,211
2024-02-29,Albany,17.4,0.0,36.0,0.0,31.0,22.0,2.241667,12.0,New York,311
2024-02-29,Syracuse,12.8,0.31,65.0,5.9,25.0,20.0,2.5625,14.0,New York,290
2024-03-01,Albany,8.3,0.0,32.0,0.0,47.0,18.0,3.6,20.0,New York,170
2024-03-01,Syracuse,5.4,0.0,28.0,9.8,50.0,19.0,4.0,22.0,New York,199
2024-03-02,Albany,7.6,0.45,57.0,0.0,46.0,38.0,7.791667,43.0,New York,177
2024-03-02,Syracuse,3.8,0.35,38.0,3.9,44.0,39.0,4.329167,24.0,New York,155
2024-03-03,Albany,4.5,0.0,72.0,0.0,54.0,41.0,5.025,28.0,New York,337
2024-03-03,Syracuse,3.1,0.0,68.0,0.0,50.0,41.0,6.058333,33.0,New York,65
2024-03-04,Albany,4.9,0.0,58.0,0.0,61.0,34.0,5.7,32.0,New York,160
2024-03-04,Syracuse,9.6,0.0,42.0,0.0,71.0,40.0,3.482609,19.0,New York,158
2024-03-05,Albany,4.3,0.71,69.0,0.0,53.0,45.0,3.775,21.0,New York,162
2024-03-05,Syracuse,8.5,0.02,62.0,0.0,57.0,45.0,2.386957,13.0,New York,138
2024-03-06,Albany,6.5,0.9,63.0,0.0,50.0,44.0,5.445833,30.0,New York,168
2024-03-06,Syracuse,5.6,0.86,83.0,0.0,52.0,42.0,3.120833,17.0,New York,337
2024-03-07,Albany,10.3,0.54,66.0,0.0,48.0,35.0,2.2,12.0,New York,355
2024-03-07,Syracuse,7.4,0.0,41.0,0.0,57.0,35.0,3.1,17.0,New York,333
2024-03-08,Albany,3.6,0.0,28.0,0.0,56.0,29.0,4.566667,25.0,New York,322
2024-03-08,Syracuse,7.4,0.0,29.0,0.0,59.0,29.0,2.416667,13.0,New York,126
2024-03-09,Albany,10.5,1.05,53.0,0.0,45.0,36.0,4.0125,22.0,New York,158
2024-03-09,Syracuse,11.6,0.67,26.0,0.0,50.0,39.0,1.975,11.0,New York,155
2024-03-10,Albany,13.0,0.34,60.0,0.0,43.0,30.0,1.3,7.0,New York,309
2024-03-10,Syracuse,13.6,0.22,61.0,0.0,41.0,28.0,1.725,9.0,New York,292
2024-03-11,Albany,21.9,0.0,35.0,0.0,45.0,29.0,1.685714,9.0,New York,310
2024-03-11,Syracuse,19.9,0.12,35.0,2.0,43.0,28.0,2.0375,11.0,New York,292
2024-03-12,Albany,10.5,0.0,26.0,0.0,59.0,29.0,3.583333,19.0,New York,317
2024-03-12,Syracuse,5.8,0.0,36.0,0.0,59.0,29.0,6.5375,36.0,New York,276
2024-03-13,Albany,2.7,0.0,31.0,0.0,69.0,30.0,9.0,50.0,New York,167
2024-03-13,Syracuse,6.9,0.0,31.0,0.0,72.0,34.0,10.3,53.0,New York,227
2024-03-14,Albany,3.8,0.0,19.0,0.0,69.0,37.0,9.966667,52.0,New York,4
2024-03-14,Syracuse,4.9,0.19,28.0,0.0,64.0,38.0,7.4375,41.0,New York,106
2024-03-15,Albany,5.1,0.08,68.0,0.0,52.0,41.0,5.854167,32.0,New York,348
2024-03-15,Syracuse,8.5,0.05,54.0,0.0,51.0,41.0,4.429167,24.0,New York,290
2024-03-16,Albany,4.0,0.0,38.0,0.0,58.0,37.0,5.0,28.0,New York,271
2024-03-16,Syracuse,9.4,0.0,33.0,0.0,56.0,39.0,4.383333,24.0,New York,239
2024-03-17,Albany,12.3,0.05,38.0,0.0,54.0,36.0,2.895833,16.0,New York,265
2024-03-17,Syracuse,12.3,0.05,39.0,0.0,54.0,36.0,2.083333,11.0,New York,267
2024-03-18,Albany,12.3,0.0,39.0,0.0,43.0,31.0,2.327273,13.0,New York,290
2024-03-18,Syracuse,14.1,0.04,44.0,0.0,38.0,32.0,2.320833,13.0,New York,265
2024-03-19,Albany,13.0,0.0,38.0,0.0,44.0,30.0,1.5,8.0,New York,285
2024-03-19,Syracuse,11.6,0.06,53.0,2.0,40.0,28.0,2.5,14.0,New York,254
2024-03-20,Albany,12.5,0.01,34.0,0.0,49.0,27.0,5.083333,28.0,New York,242
2024-03-20,Syracuse,15.9,0.09,43.0,0.0,43.0,26.0,3.954167,22.0,New York,267
2024-03-21,Albany,18.1,0.0,35.0,0.0,36.0,23.0,1.591667,8.0,New York,302
2024-03-21,Syracuse,18.1,0.01,41.0,2.0,30.0,24.0,1.729167,9.0,New York,294
2024-03-22,Albany,6.5,0.14,25.0,0.0,33.0,20.0,1.8,10.0,New York,335
2024-03-22,Syracuse,7.4,0.19,35.0,1.2,28.0,20.0,2.4375,13.0,New York,52
2024-03-23,Albany,7.6,1.69,71.0,2.0,33.0,25.0,4.525,25.0,New York,340
2024-03-23,Syracuse,8.9,0.55,69.0,7.1,32.0,15.0,4.741667,26.0,New York,341
2024-03-24,Albany,4.5,0.0,50.0,5.1,39.0,15.0,6.475,36.0,New York,333
2024-03-24,Syracuse,4.0,0.0,35.0,7.1,35.0,10.0,4.266667,23.0,New York,303
2024-03-25,Albany,1.8,0.0,37.0,3.9,48.0,20.0,8.2,46.0,New York,192
2024-03-25,Syracuse,11.9,0.0,31.0,3.9,50.0,20.0,3.1,17.0,New York,116
2024-03-26,Albany,4.3,0.0,30.0,2.0,52.0,26.0,5.5,31.0,New York,146
2024-03-26,Syracuse,12.3,0.0,42.0,0.0,62.0,34.0,2.966667,16.0,New York,116
2024-03-27,Albany,6.5,0.38,70.0,0.0,48.0,41.0,4.1875,23.0,New York,175
2024-03-27,Syracuse,10.5,0.0,45.0,0.0,65.0,44.0,5.6375,31.0,New York,186
2024-03-28,Albany,6.3,0.0,51.0,0.0,47.0,39.0,5.5,31.0,New York,317
2024-03-28,Syracuse,8.5,0.0,34.0,0.0,49.0,37.0,8.054167,44.0,New York,293
2024-03-29,Albany,16.1,0.0,28.0,0.0,53.0,37.0,4.654167,26.0,New York,314
2024-03-29,Syracuse,14.1,0.0,42.0,0.0,45.0,30.0,4.616667,26.0,New York,292
2024-03-30,Albany,15.0,0.0,35.0,0.0,55.0,37.0,1.933333,11.0,New York,311
2024-03-30,Syracuse,11.2,0.0,29.0,0.0,49.0,36.0,2.0625,11.0,New York,292
2024-03-31,Albany,10.7,0.0,38.0,0.0,54.0,34.0,2.4,13.0,New York,314
2024-03-31,Syracuse,9.4,0.0,39.0,0.0,52.0,36.0,5.9,33.0,New York,285
2024-04-01,Albany,4.7,0.0,38.0,0.0,60.0,33.0,5.670833,31.0,New York,187
2024-04-01,Syracuse,5.1,0.0,36.0,0.0,61.0,34.0,4.613043,26.0,New York,347
2024-04-02,Albany,5.1,0.08,58.0,0.0,47.0,37.0,7.658333,42.0,New York,359
2024-04-02,Syracuse,11.9,0.05,47.0,0.0,49.0,36.0,5.1125,28.0,New York,86
2024-04-03,Albany,4.9,0.48,68.0,0.0,43.0,36.0,2.1,12.0,New York,146
2024-04-03,Syracuse,14.1,0.92,65.0,0.0,46.0,37.0,1.3,7.0,New York,98
2024-04-04,Albany,8.9,0.53,76.0,2.0,40.0,34.0,1.470833,8.0,New York,343
2024-04-04,Syracuse,8.9,0.25,68.0,0.0,40.0,33.0,0.775,4.0,New York,63
2024-04-05,Albany,11.9,0.0,56.0,0.0,46.0,33.0,1.379167,7.0,New York,306
2024-04-05,Syracuse,11.9,0.02,76.0,0.0,43.0,33.0,1.75,9.0,New York,305
2024-04-06,Albany,9.6,0.08,48.0,0.0,50.0,35.0,1.3,7.0,New York,345
2024-04-06,Syracuse,10.3,0.0,43.0,0.0,53.0,38.0,2.3,13.0,New York,334
2024-04-07,Albany,8.3,0.0,23.0,0.0,59.0,35.0,2.904167,16.0,New York,356
2024-04-07,Syracuse,8.1,0.0,29.0,0.0,58.0,36.0,2.9375,16.0,New York,335
2024-04-08,Albany,1.8,0.0,20.0,0.0,68.0,28.0,6.4875,36.0,New York,201
2024-04-08,Syracuse,2.0,0.0,26.0,0.0,64.0,29.0,3.458333,19.0,New York,189
2024-04-09,Albany,2.7,0.0,21.0,0.0,77.0,37.0,7.1,39.0,New York,134
2024-04-09,Syracuse,4.0,0.02,21.0,0.0,78.0,39.0,4.85,27.0,New York,187
2024-04-10,Albany,6.7,0.21,43.0,0.0,62.0,50.0,9.079167,50.0,New York,161
2024-04-10,Syracuse,3.6,0.11,38.0,0.0,70.0,54.0,8.921739,49.0,New York,211
2024-04-11,Albany,5.6,0.43,75.0,0.0,61.0,49.0,7.518182,42.0,New York,157
2024-04-11,Syracuse,11.4,0.42,63.0,0.0,69.0,54.0,7.004167,39.0,New York,140
2024-04-12,Albany,12.8,0.8,62.0,0.0,67.0,53.0,2.6,14.0,New York,166
2024-04-12,Syracuse,16.1,0.1,53.0,0.0,67.0,45.0,0.879167,4.0,New York,196
2024-04-13,Albany,16.1,0.04,54.0,0.0,53.0,44.0,0.8625,4.0,New York,282
2024-04-13,Syracuse,17.7,0.41,56.0,0.0,48.0,39.0,1.1375,6.0,New York,278
2024-04-14,Albany,5.4,0.09,43.0,0.0,53.0,39.0,4.075,22.0,New York,271
2024-04-14,Syracuse,5.1,0.11,58.0,0.0,58.0,40.0,3.420833,19.0,New York,223
2024-04-15,Albany,6.5,0.0,31.0,0.0,65.0,40.0,4.7,26.0,New York,323
2024-04-15,Syracuse,8.5,0.0,32.0,0.0,61.0,39.0,4.458333,24.0,New York,279
2024-04-16,Albany,8.7,0.0,28.0,0.0,66.0,38.0,6.713043,37.0,New York,310
2024-04-16,Syracuse,6.9,0.0,26.0,0.0,65.0,38.0,3.270833,18.0,New York,285
2024-04-17,Albany,6.3,0.15,33.0,0.0,65.0,41.0,2.916667,16.0,New York,235
2024-04-17,Syracuse,7.4,0.15,44.0,0.0,61.0,35.0,3.625,20.0,New York,90
2024-04-18,Albany,7.4,0.16,63.0,0.0,49.0,45.0,2.8,16.0,New York,158
2024-04-18,Syracuse,6.9,0.19,89.0,0.0,52.0,46.0,2.6,14.0,New York,115
2024-04-19,Albany,13.4,0.0,46.0,0.0,62.0,45.0,3.804167,21.0,New York,166
2024-04-19,Syracuse,8.9,0.09,72.0,0.0,59.0,46.0,4.545833,25.0,New York,180
2024-04-20,Albany,11.9,0.0,31.0,0.0,63.0,38.0,4.6125,26.0,New York,286
2024-04-20,Syracuse,11.4,0.0,38.0,0.0,57.0,39.0,3.058333,17.0,New York,274
2024-04-21,Albany,6.9,0.0,37.0,0.0,49.0,31.0,2.9,16.0,New York,284
2024-04-21,Syracuse,10.7,0.0,48.0,0.0,49.0,40.0,2.6,14.0,New York,264
2024-04-22,Albany,7.6,0.0,21.0,0.0,57.0,33.0,4.170833,23.0,New York,319
2024-04-22,Syracuse,5.8,0.0,30.0,0.0,56.0,35.0,3.2,18.0,New York,293
2024-04-23,Albany,12.1,0.0,19.0,0.0,70.0,33.0,5.820833,32.0,New York,171
2024-04-23,Syracuse,10.7,0.01,22.0,0.0,71.0,36.0,4.282609,23.0,New York,197
2024-04-24,Albany,11.6,0.0,44.0,0.0,63.0,35.0,3.0,17.0,New York,308
2024-04-24,Syracuse,9.8,0.12,45.0,0.0,53.0,34.0,4.3,24.0,New York,301
2024-04-25,Albany,6.3,0.0,21.0,0.0,57.0,30.0,3.3,18.0,New York,341
2024-04-25,Syracuse,3.8,0.0,26.0,0.0,53.0,28.0,3.183333,17.0,New York,351
2024-04-26,Albany,3.8,0.0,15.0,0.0,63.0,33.0,4.433333,24.0,New York,342
2024-04-26,Syracuse,4.9,0.0,20.0,0.0,63.0,29.0,2.9875,16.0,New York,96
2024-04-27,Albany,10.7,0.0,23.0,0.0,67.0,39.0,4.5,25.0,New York,165
2024-04-27,Syracuse,10.7,0.53,32.0,0.0,63.0,44.0,4.266667,23.0,New York,170
2024-04-28,Albany,7.6,0.05,44.0,0.0,75.0,48.0,6.495833,36.0,New York,171
2024-04-28,Syracuse,5.6,0.14,57.0,0.0,75.0,48.0,7.833333,43.0,New York,232
2024-04-29,Albany,8.7,0.01,46.0,0.0,67.0,50.0,3.945833,22.0,New York,341
2024-04-29,Syracuse,6.5,0.0,66.0,0.0,72.0,57.0,7.083333,39.0,New York,29
2024-04-30,Albany,6.3,0.43,46.0,0.0,74.0,51.0,5.5,31.0,New York,172
2024-04-30,Syracuse,6.0,0.03,57.0,0.0,74.0,54.0,4.2,23.0,New York,318
2024-05-01,Albany,6.3,0.0,43.0,0.0,75.0,54.0,5.979167,33.0,New York,308
2024-05-01,Syracuse,4.7,0.0,52.0,0.0,73.0,51.0,7.5,42.0,New York,227
2024-05-02,Albany,13.4,0.0,34.0,0.0,76.0,55.0,5.029167,28.0,New York,273
2024-05-02,Syracuse,8.7,0.0,47.0,0.0,69.0,50.0,2.516667,14.0,New York,292
2024-05-03,Albany,6.9,0.0,38.0,0.0,73.0,50.0,3.7,21.0,New York,177
2024-05-03,Syracuse,6.9,0.0,42.0,0.0,78.0,46.0,3.245833,18.0,New York,127
2024-05-04,Albany,10.5,0.0,40.0,0.0,74.0,53.0,3.683333,20.0,New York,167
2024-05-04,Syracuse,10.3,0.05,42.0,0.0,71.0,54.0,2.9625,16.0,New York,148
2024-05-05,Albany,11.2,1.24,62.0,0.0,57.0,49.0,1.929167,11.0,New York,162
2024-05-05,Syracuse,8.7,0.58,75.0,0.0,61.0,52.0,1.345833,7.0,New York,177
2024-05-06,Albany,6.5,0.0,24.0,0.0,78.0,52.0,3.2,18.0,New York,207
2024-05-06,Syracuse,4.9,0.01,28.0,0.0,73.0,49.0,2.8,16.0,New York,268
2024-05-07,Albany,3.8,0.0,22.0,0.0,79.0,44.0,3.920833,22.0,New York,326
2024-05-07,Syracuse,3.4,0.0,32.0,0.0,77.0,44.0,2.808333,16.0,New York,99
2024-05-08,Albany,6.7,0.48,28.0,0.0,82.0,52.0,5.5375,31.0,New York,319
2024-05-08,Syracuse,10.7,0.87,29.0,0.0,80.0,53.0,3.341667,18.0,New York,272
2024-05-09,Albany,6.0,0.0,43.0,0.0,67.0,53.0,3.1,17.0,New York,352
2024-05-09,Syracuse,5.4,0.0,46.0,0.0,66.0,51.0,2.191667,12.0,New York,338
2024-05-10,Albany,3.4,0.0,51.0,0.0,62.0,49.0,3.266667,18.0,New York,182
2024-05-10,Syracuse,3.6,0.21,72.0,0.0,58.0,52.0,2.829167,16.0,New York,94
2024-05-11,Albany,6.0,0.0,40.0,0.0,67.0,50.0,3.404167,19.0,New York,161
2024-05-11,Syracuse,8.3,0.04,52.0,0.0,64.0,51.0,1.9875,11.0,New York,178
2024-05-12,Albany,5.8,0.05,60.0,0.0,60.0,44.0,2.7,15.0,New York,166
2024-05-12,Syracuse,5.4,0.16,56.0,0.0,63.0,49.0,4.0,22.0,New York,165
2024-05-13,Albany,6.7,0.02,42.0,0.0,71.0,39.0,4.679167,26.0,New York,173
2024-05-13,Syracuse,8.3,0.17,52.0,0.0,72.0,46.0,3.704167,21.0,New York,185
2024-05-14,Albany,11.4,0.0,38.0,0.0,83.0,58.0,9.041667,50.0,New York,171
2024-05-14,Syracuse,7.6,0.1,37.0,0.0,83.0,60.0,6.254167,34.0,New York,206
2024-05-15,Albany,5.4,0.36,73.0,0.0,69.0,60.0,4.0,22.0,New York,157
2024-05-15,Syracuse,4.0,0.41,76.0,0.0,68.0,59.0,4.166667,23.0,New York,134
2024-05-16,Albany,4.9,0.0,51.0,0.0,73.0,56.0,5.529167,31.0,New York,350
2024-05-16,Syracuse,4.5,0.0,54.0,0.0,77.0,60.0,3.370833,18.0,New York,77
2024-05-17,Albany,2.7,0.0,45.0,0.0,76.0,50.0,7.245833,40.0,New York,196
2024-05-17,Syracuse,6.9,0.0,46.0,0.0,78.0,58.0,4.270833,23.0,New York,156
2024-05-18,Albany,2.2,0.0,46.0,0.0,77.0,56.0,5.3,29.0,New York,172
2024-05-18,Syracuse,7.4,0.03,68.0,0.0,71.0,60.0,3.9,22.0,New York,133
2024-05-19,Albany,4.5,0.0,43.0,0.0,80.0,57.0,4.541667,25.0,New York,171
2024-05-19,Syracuse,3.4,0.0,47.0,0.0,83.0,56.0,4.4875,24.0,New York,129
2024-05-20,Albany,6.3,0.0,39.0,0.0,86.0,58.0,6.379167,35.0,New York,166
2024-05-20,Syracuse,3.1,0.0,45.0,0.0,87.0,59.0,7.033333,39.0,New York,233
2024-05-21,Albany,5.1,0.39,50.0,0.0,85.0,63.0,8.7,48.0,New York,168
2024-05-21,Syracuse,4.7,0.0,34.0,0.0,90.0,63.0,7.370833,41.0,New York,202
2024-05-22,Albany,8.5,0.0,39.0,0.0,89.0,64.0,13.033333,58.0,New York,172
2024-05-22,Syracuse,8.3,0.25,36.0,0.0,93.0,63.0,6.616667,37.0,New York,206
2024-05-23,Albany,5.8,0.04,39.0,0.0,80.0,56.0,8.7625,48.0,New York,290
2024-05-23,Syracuse,7.4,0.0,38.0,0.0,81.0,61.0,4.825,27.0,New York,277
2024-05-24,Albany,9.6,0.0,30.0,0.0,82.0,52.0,5.5,31.0,New York,294
2024-05-24,Syracuse,11.4,0.0,32.0,0.0,80.0,57.0,5.2,29.0,New York,277
2024-05-25,Albany,3.1,0.0,36.0,0.0,81.0,51.0,4.820833,27.0,New York,353
2024-05-25,Syracuse,4.3,0.21,39.0,0.0,80.0,51.0,4.279167,23.0,New York,200
2024-05-26,Albany,4.3,0.0,40.0,0.0,84.0,60.0,9.454167,52.0,New York,26
2024-05-26,Syracuse,3.8,0.0,51.0,0.0,81.0,61.0,5.75,32.0,New York,51
2024-05-27,Albany,13.4,0.56,54.0,0.0,81.0,69.0,6.0,33.0,New York,158
2024-05-27,Syracuse,13.0,0.27,60.0,0.0,80.0,65.0,5.079167,28.0,New York,176
2024-05-28,Albany,8.3,0.0,48.0,0.0,79.0,59.0,4.729167,26.0,New York,258
2024-05-28,Syracuse,11.4,0.04,57.0,0.0,72.0,59.0,2.670833,14.0,New York,272
2024-05-29,Albany,8.1,0.0,34.0,0.0,76.0,57.0,3.679167,20.0,New York,308
2024-05-29,Syracuse,7.6,0.0,30.0,0.0,70.0,53.0,4.008333,22.0,New York,311
2024-05-30,Albany,8.3,0.0,32.0,0.0,71.0,52.0,5.0,28.0,New York,347
2024-05-30,Syracuse,8.3,0.0,37.0,0.0,68.0,45.0,4.0,22.0,New York,326
2024-05-31,Albany,8.9,0.0,25.0,0.0,76.0,47.0,4.920833,27.0,New York,307
2024-05-31,Syracuse,7.6,0.0,22.0,0.0,75.0,47.0,4.4,24.0,New York,274
2024-06-01,Albany,3.8,0.0,23.0,0.0,85.0,48.0,6.4,36.0,New York,314
2024-06-01,Syracuse,5.4,0.0,27.0,0.0,82.0,52.0,4.833333,27.0,New York,265
2024-06-02,Albany,2.9,0.0,29.0,0.0,84.0,51.0,11.9,56.0,New York,170
2024-06-02,Syracuse,4.9,0.02,39.0,0.0,81.0,53.0,5.741667,32.0,New York,183
2024-06-03,Albany,2.9,0.0,26.0,0.0,87.0,64.0,7.683333,42.0,New York,323
2024-06-03,Syracuse,2.2,0.0,45.0,0.0,82.0,62.0,5.330435,29.0,New York,36
2024-06-04,Albany,3.8,0.0,36.0,0.0,88.0,58.0,13.425,59.0,New York,178
2024-06-04,Syracuse,3.6,0.0,35.0,0.0,89.0,61.0,4.854167,27.0,New York,178
2024-06-05,Albany,10.1,0.0,35.0,0.0,87.0,66.0,10.0,53.0,New York,171
2024-06-05,Syracuse,8.9,0.0,48.0,0.0,89.0,68.0,7.883333,43.0,New York,184
2024-06-06,Albany,6.3,0.32,58.0,0.0,83.0,63.0,6.645833,37.0,New York,164
2024-06-06,Syracuse,7.2,0.63,23.0,0.0,81.0,66.0,5.245833,29.0,New York,222
2024-06-07,Albany,4.0,0.51,48.0,0.0,78.0,55.0,4.6375,26.0,New York,233
2024-06-07,Syracuse,7.6,0.43,53.0,0.0,72.0,58.0,3.1875,17.0,New York,250
2024-06-08,Albany,7.2,0.0,52.0,0.0,73.0,54.0,2.6,14.0,New York,285
2024-06-08,Syracuse,11.9,0.02,45.0,0.0,74.0,58.0,2.566667,14.0,New York,272
2024-06-09,Albany,6.7,0.73,47.0,0.0,72.0,56.0,2.4875,13.0,New York,292
2024-06-09,Syracuse,9.4,0.48,46.0,0.0,72.0,55.0,2.520833,14.0,New York,273
2024-06-10,Albany,10.1,0.0,56.0,0.0,71.0,52.0,3.733333,21.0,New York,299
2024-06-10,Syracuse,11.2,0.0,65.0,0.0,61.0,55.0,4.158333,23.0,New York,276
2024-06-11,Albany,3.8,0.0,61.0,0.0,68.0,55.0,2.0,11.0,New York,327
2024-06-11,Syracuse,4.3,0.01,60.0,0.0,65.0,55.0,3.5,19.0,New York,305
2024-06-12,Albany,4.3,0.0,44.0,0.0,74.0,54.0,5.55,31.0,New York,314
2024-06-12,Syracuse,2.7,0.0,47.0,0.0,73.0,56.0,5.05,28.0,New York,197
2024-06-13,Albany,6.7,0.0,37.0,0.0,86.0,51.0,9.556522,52.0,New York,173
2024-06-13,Syracuse,9.6,0.01,36.0,0.0,89.0,53.0,6.129167,34.0,New York,205
2024-06-14,Albany,8.9,0.05,30.0,0.0,86.0,66.0,9.2,51.0,New York,171
2024-06-14,Syracuse,8.1,0.0,37.0,0.0,79.0,62.0,5.441667,30.0,New York,283
2024-06-15,Albany,8.7,0.0,31.0,0.0,79.0,56.0,6.125,34.0,New York,333
2024-06-15,Syracuse,6.9,0.0,41.0,0.0,77.0,53.0,6.420833,36.0,New York,317
2024-06-16,Albany,4.0,0.0,30.0,0.0,77.0,47.0,5.308333,29.0,New York,145
2024-06-16,Syracuse,5.4,0.0,28.0,0.0,81.0,50.0,4.733333,26.0,New York,148
2024-06-17,Albany,9.6,0.0,48.0,0.0,88.0,63.0,10.5,54.0,New York,170
2024-06-17,Syracuse,7.4,0.0,35.0,0.0,94.0,66.0,8.8,49.0,New York,205
2024-06-18,Albany,7.2,0.0,44.0,0.0,94.0,70.0,19.358333,70.0,New York,177
2024-06-18,Syracuse,3.1,0.0,50.0,0.0,94.0,72.0,9.883333,52.0,New York,211
2024-06-19,Albany,7.2,0.0,54.0,0.0,94.0,76.0,19.7375,71.0,New York,167
2024-06-19,Syracuse,5.4,0.0,49.0,0.0,95.0,77.0,12.191667,57.0,New York,198
2024-06-20,Albany,4.7,0.01,46.0,0.0,96.0,73.0,12.5,57.0,New York,188
2024-06-20,Syracuse,5.8,0.0,44.0,0.0,93.0,72.0,7.270833,40.0,New York,281
2024-06-21,Albany,4.5,0.32,55.0,0.0,89.0,69.0,9.570833,52.0,New York,312
2024-06-21,Syracuse,3.6,0.0,53.0,0.0,91.0,69.0,7.666667,42.0,New York,291
2024-06-22,Albany,3.4,0.53,71.0,0.0,81.0,70.0,8.420833,47.0,New York,151
2024-06-22,Syracuse,4.5,0.05,55.0,0.0,89.0,71.0,8.516667,47.0,New York,15
2024-06-23,Albany,11.0,0.24,63.0,0.0,85.0,71.0,9.7,52.0,New York,175
2024-06-23,Syracuse,15.2,0.01,50.0,0.0,89.0,69.0,10.2,53.0,New York,223
2024-06-24,Albany,10.5,0.23,55.0,0.0,76.0,61.0,5.191667,28.0,New York,296
2024-06-24,Syracuse,14.5,0.17,45.0,0.0,80.0,62.0,5.779167,32.0,New York,299
2024-06-25,Albany,6.0,0.0,29.0,0.0,88.0,57.0,11.925,56.0,New York,279
2024-06-25,Syracuse,9.8,0.0,31.0,0.0,87.0,64.0,8.854167,49.0,New York,232
2024-06-26,Albany,8.9,0.0,33.0,0.0,86.0,69.0,6.2,34.0,New York,289
2024-06-26,Syracuse,7.6,0.07,37.0,0.0,86.0,65.0,4.966667,27.0,New York,269
2024-06-27,Albany,9.2,0.0,41.0,0.0,79.0,60.0,4.391667,24.0,New York,295
2024-06-27,Syracuse,9.6,0.0,39.0,0.0,73.0,56.0,3.879167,21.0,New York,293
2024-06-28,Albany,4.3,0.0,28.0,0.0,77.0,50.0,3.35,18.0,New York,311
2024-06-28,Syracuse,5.8,0.0,26.0,0.0,82.0,50.0,2.708333,15.0,New York,146
2024-06-29,Albany,13.0,0.32,41.0,0.0,76.0,59.0,4.0,22.0,New York,168
2024-06-29,Syracuse,10.7,1.38,59.0,0.0,79.0,63.0,4.8,27.0,New York,192
2024-06-30,Albany,10.7,0.02,46.0,0.0,87.0,64.0,5.966667,33.0,New York,263
2024-06-30,Syracuse,13.6,0.41,53.0,0.0,82.0,61.0,4.270833,23.0,New York,278
2024-07-01,Albany,7.6,0.12,38.0,0.0,79.0,61.0,3.983333,22.0,New York,338
2024-07-01,Syracuse,9.4,0.01,45.0,0.0,76.0,57.0,3.016667,17.0,New York,316
2024-07-02,Albany,2.2,0.0,33.0,0.0,84.0,54.0,5.5,31.0,New York,324
2024-07-02,Syracuse,4.0,0.0,38.0,0.0,83.0,53.0,4.226087,23.0,New York,139
2024-07-03,Albany,10.5,0.0,38.0,0.0,85.0,64.0,8.029167,44.0,New York,168
2024-07-03,Syracuse,13.2,0.0,41.0,0.0,90.0,69.0,5.4875,30.0,New York,187
2024-07-04,Albany,8.5,0.0,53.0,0.0,85.0,70.0,14.804167,62.0,New York,170
2024-07-04,Syracuse,4.9,0.0,44.0,0.0,91.0,75.0,7.141667,39.0,New York,267
2024-07-05,Albany,4.7,0.0,61.0,0.0,87.0,74.0,14.1,60.0,New York,177
2024-07-05,Syracuse,3.1,0.0,52.0,0.0,90.0,73.0,10.0,53.0,New York,99
2024-07-06,Albany,7.2,0.16,47.0,0.0,93.0,72.0,6.366667,35.0,New York,167
2024-07-06,Syracuse,6.3,0.0,45.0,0.0,90.0,71.0,5.329167,29.0,New York,274
2024-07-07,Albany,3.4,0.0,43.0,0.0,89.0,68.0,7.491667,41.0,New York,308
2024-07-07,Syracuse,6.3,0.0,46.0,0.0,87.0,69.0,4.825,27.0,New York,273
2024-07-08,Albany,1.6,0.0,38.0,0.0,92.0,65.0,8.5,47.0,New York,203
2024-07-08,Syracuse,4.3,0.0,36.0,0.0,93.0,67.0,6.445833,36.0,New York,205
2024-07-09,Albany,5.6,0.0,41.0,0.0,95.0,76.0,15.425,63.0,New York,193
2024-07-09,Syracuse,4.3,0.0,41.0,0.0,91.0,70.0,8.879167,49.0,New York,239
2024-07-10,Albany,12.3,0.0,52.0,0.0,94.0,76.0,13.641667,59.0,New York,172
2024-07-10,Syracuse,8.1,0.63,47.0,0.0,97.0,73.0,6.658333,37.0,New York,166
2024-07-11,Albany,9.2,0.3,51.0,0.0,86.0,75.0,3.4,19.0,New York,223
2024-07-11,Syracuse,7.4,0.18,66.0,0.0,79.0,71.0,2.3,13.0,New York,254
2024-07-12,Albany,3.6,0.0,57.0,0.0,85.0,73.0,4.3,24.0,New York,262
2024-07-12,Syracuse,3.4,0.0,50.0,0.0,86.0,70.0,4.866667,27.0,New York,210
2024-07-13,Albany,5.6,0.0,38.0,0.0,91.0,70.0,8.683333,48.0,New York,299
2024-07-13,Syracuse,5.1,0.0,45.0,0.0,88.0,67.0,6.508333,36.0,New York,274
2024-07-14,Albany,3.1,0.0,29.0,0.0,91.0,63.0,9.2,51.0,New York,269
2024-07-14,Syracuse,3.6,0.0,33.0,0.0,92.0,63.0,8.325,46.0,New York,218
2024-07-15,Albany,7.4,0.01,44.0,0.0,94.0,74.0,13.3,59.0,New York,162
2024-07-15,Syracuse,7.4,0.56,44.0,0.0,94.0,73.0,6.929167,38.0,New York,228
2024-07-16,Albany,9.2,0.6,47.0,0.0,93.0,72.0,6.970833,38.0,New York,199
2024-07-16,Syracuse,9.4,0.56,50.0,0.0,93.0,69.0,3.983333,22.0,New York,227
2024-07-17,Albany,6.3,0.53,55.0,0.0,88.0,68.0,5.4,30.0,New York,195
2024-07-17,Syracuse,6.5,0.0,63.0,0.0,84.0,68.0,7.8,43.0,New York,253
2024-07-18,Albany,8.5,0.0,38.0,0.0,83.0,65.0,7.1875,39.0,New York,312
2024-07-18,Syracuse,8.7,0.0,47.0,0.0,79.0,65.0,5.095833,28.0,New York,289
2024-07-19,Albany,3.4,0.0,37.0,0.0,83.0,59.0,5.8375,32.0,New York,321
2024-07-19,Syracuse,5.4,0.0,41.0,0.0,82.0,60.0,3.9875,22.0,New York,265
2024-07-20,Albany,4.7,0.0,43.0,0.0,86.0,59.0,6.4,36.0,New York,210
2024-07-20,Syracuse,4.9,0.0,36.0,0.0,84.0,59.0,4.991667,27.0,New York,254
2024-07-21,Albany,3.4,0.05,45.0,0.0,85.0,61.0,9.758333,52.0,New York,323
2024-07-21,Syracuse,5.4,0.0,46.0,0.0,85.0,62.0,6.525,36.0,New York,279
2024-07-22,Albany,4.9,0.0,45.0,0.0,87.0,64.0,11.775,56.0,New York,171
2024-07-22,Syracuse,4.9,0.02,39.0,0.0,89.0,63.0,6.879167,38.0,New York,174
2024-07-23,Albany,4.7,0.12,56.0,0.0,83.0,69.0,6.8,38.0,New York,282
2024-07-23,Syracuse,3.1,0.24,55.0,0.0,84.0,69.0,7.7,43.0,New York,219
2024-07-24,Albany,7.8,0.02,60.0,0.0,83.0,70.0,6.204167,34.0,New York,169
2024-07-24,Syracuse,6.7,0.0,55.0,0.0,89.0,67.0,6.6,37.0,New York,188
2024-07-25,Albany,9.2,0.0,40.0,0.0,83.0,66.0,6.366667,35.0,New York,297
2024-07-25,Syracuse,12.1,0.0,48.0,0.0,79.0,65.0,4.1,23.0,New York,284
2024-07-26,Albany,7.6,0.0,34.0,0.0,85.0,61.0,4.0,22.0,New York,317
2024-07-26,Syracuse,6.7,0.0,33.0,0.0,82.0,62.0,4.55,25.0,New York,302
2024-07-27,Albany,1.1,0.0,34.0,0.0,86.0,59.0,17.291667,66.0,New York,354
2024-07-27,Syracuse,3.6,0.0,39.0,0.0,86.0,58.0,7.866667,43.0,New York,283
2024-07-28,Albany,2.2,0.0,36.0,0.0,87.0,62.0,22.133333,75.0,New York,351
2024-07-28,Syracuse,3.6,0.0,38.0,0.0,88.0,61.0,12.2875,57.0,New York,129
2024-07-29,Albany,6.0,0.01,55.0,0.0,84.0,69.0,16.0,64.0,New York,165
2024-07-29,Syracuse,3.4,0.0,36.0,0.0,88.0,63.0,14.141667,60.0,New York,124
2024-07-30,Albany,11.4,0.0,45.0,0.0,91.0,71.0,16.1,64.0,New York,170
2024-07-30,Syracuse,6.7,0.02,47.0,0.0,93.0,65.0,8.9375,49.0,New York,181
2024-07-31,Albany,8.5,0.65,39.0,0.0,89.0,74.0,9.270833,51.0,New York,178
2024-07-31,Syracuse,8.7,0.02,55.0,0.0,87.0,74.0,5.55,31.0,New York,250
2024-08-01,Albany,5.1,0.0,37.0,0.0,92.0,69.0,12.5,57.0,New York,308
2024-08-01,Syracuse,4.0,0.0,44.0,0.0,93.0,72.0,14.029167,60.0,New York,275
2024-08-02,Albany,2.0,0.72,57.0,0.0,87.0,68.0,18.608333,69.0,New York,95
2024-08-02,Syracuse,4.9,0.21,61.0,0.0,86.0,70.0,12.7,58.0,New York,91
2024-08-03,Albany,3.4,0.48,57.0,0.0,86.0,73.0,9.679167,52.0,New York,188
2024-08-03,Syracuse,3.6,0.0,59.0,0.0,87.0,69.0,6.8375,38.0,New York,269
2024-08-04,Albany,5.8,0.11,61.0,0.0,86.0,73.0,7.2,40.0,New York,187
2024-08-04,Syracuse,7.6,0.0,42.0,0.0,90.0,71.0,10.7,54.0,New York,267
2024-08-05,Albany,4.7,0.02,51.0,0.0,87.0,67.0,15.9375,64.0,New York,227
2024-08-05,Syracuse,5.8,1.01,48.0,0.0,89.0,67.0,12.3125,57.0,New York,245
2024-08-06,Albany,5.6,0.63,68.0,0.0,73.0,61.0,5.833333,32.0,New York,351
2024-08-06,Syracuse,5.4,0.04,71.0,0.0,75.0,63.0,7.1,39.0,New York,327
2024-08-07,Albany,3.8,0.18,52.0,0.0,78.0,61.0,4.2,23.0,New York,320
2024-08-07,Syracuse,5.4,0.0,42.0,0.0,81.0,57.0,5.3125,29.0,New York,78
2024-08-08,Albany,2.9,0.64,59.0,0.0,74.0,59.0,5.404167,30.0,New York,162
2024-08-08,Syracuse,8.9,0.37,76.0,0.0,74.0,62.0,3.208333,18.0,New York,126
2024-08-09,Albany,6.3,2.91,76.0,0.0,82.0,67.0,5.225,29.0,New York,164
2024-08-09,Syracuse,10.5,2.05,74.0,0.0,80.0,67.0,2.120833,12.0,New York,164
2024-08-10,Albany,7.2,0.0,42.0,0.0,83.0,62.0,4.2,23.0,New York,311
2024-08-10,Syracuse,9.8,0.0,37.0,0.0,81.0,63.0,4.2125,23.0,New York,252
2024-08-11,Albany,4.9,0.07,38.0,0.0,81.0,56.0,5.445833,30.0,New York,225
2024-08-11,Syracuse,8.9,0.21,48.0,0.0,78.0,60.0,3.408333,19.0,New York,239
2024-08-12,Albany,6.7,0.0,55.0,0.0,74.0,55.0,4.3,24.0,New York,295
2024-08-12,Syracuse,8.5,0.09,54.0,0.0,75.0,60.0,3.454167,19.0,New York,276
2024-08-13,Albany,4.7,0.0,49.0,0.0,82.0,55.0,8.7,48.0,New York,319
2024-08-13,Syracuse,6.3,0.0,45.0,0.0,82.0,60.0,7.9,44.0,New York,287
2024-08-14,Albany,3.1,0.0,46.0,0.0,86.0,60.0,13.3,59.0,New York,323
2024-08-14,Syracuse,5.4,0.0,40.0,0.0,85.0,61.0,14.145833,60.0,New York,275
2024-08-15,Albany,2.9,0.0,48.0,0.0,86.0,59.0,18.004348,68.0,New York,321
2024-08-15,Syracuse,4.9,0.0,41.0,0.0,86.0,62.0,14.245833,61.0,New York,269
2024-08-16,Albany,2.9,0.0,46.0,0.0,86.0,64.0,17.0,66.0,New York,146
2024-08-16,Syracuse,5.6,0.0,35.0,0.0,88.0,59.0,9.7,52.0,New York,161
2024-08-17,Albany,11.0,0.0,60.0,0.0,80.0,70.0,28.3625,87.0,New York,166
2024-08-17,Syracuse,10.3,0.21,56.0,0.0,82.0,68.0,13.2125,59.0,New York,176
2024-08-18,Albany,6.7,0.28,69.0,0.0,76.0,67.0,16.329167,64.0,New York,154
2024-08-18,Syracuse,7.6,0.25,62.0,0.0,83.0,69.0,10.754167,54.0,New York,175
2024-08-19,Albany,7.2,1.89,65.0,0.0,82.0,59.0,5.6,31.0,New York,228
2024-08-19,Syracuse,8.3,0.62,81.0,0.0,71.0,58.0,2.6625,14.0,New York,318
2024-08-20,Albany,9.4,0.03,45.0,0.0,69.0,55.0,3.304167,18.0,New York,312
2024-08-20,Syracuse,7.2,0.06,54.0,0.0,68.0,55.0,2.641667,14.0,New York,319
2024-08-21,Albany,8.1,0.0,43.0,0.0,74.0,52.0,4.445833,24.0,New York,302
2024-08-21,Syracuse,6.5,0.31,59.0,0.0,68.0,54.0,3.1,17.0,New York,282
2024-08-22,Albany,6.3,0.0,46.0,0.0,75.0,56.0,4.6,26.0,New York,306
2024-08-22,Syracuse,7.4,0.0,40.0,0.0,77.0,57.0,4.0,22.0,New York,272
2024-08-23,Albany,4.3,0.0,37.0,0.0,81.0,53.0,11.383333,55.0,New York,264
2024-08-23,Syracuse,3.6,0.0,41.0,0.0,80.0,54.0,6.370833,35.0,New York,248
2024-08-24,Albany,1.6,0.0,41.0,0.0,83.0,55.0,14.379167,61.0,New York,157
2024-08-24,Syracuse,3.8,0.0,40.0,0.0,82.0,57.0,7.85,43.0,New York,208
2024-08-25,Albany,1.8,0.02,46.0,0.0,83.0,59.0,12.5,57.0,New York,157
2024-08-25,Syracuse,2.0,0.0,41.0,0.0,84.0,61.0,9.716667,52.0,New York,350
2024-08-26,Albany,2.7,0.0,51.0,0.0,84.0,61.0,15.9625,64.0,New York,329
2024-08-26,Syracuse,4.0,0.0,48.0,0.0,85.0,60.0,10.7,54.0,New York,277
2024-08-27,Albany,3.6,0.0,43.0,0.0,87.0,59.0,18.466667,68.0,New York,166
2024-08-27,Syracuse,5.6,0.0,35.0,0.0,89.0,62.0,10.05,53.0,New York,197
2024-08-28,Albany,8.7,0.0,55.0,0.0,88.0,65.0,8.0,44.0,New York,347
2024-08-28,Syracuse,7.4,0.0,64.0,0.0,83.0,66.0,7.4,41.0,New York,293
2024-08-29,Albany,4.9,0.0,57.0,0.0,73.0,61.0,5.479167,30.0,New York,333
2024-08-29,Syracuse,4.7,0.0,64.0,0.0,76.0,64.0,5.783333,32.0,New York,69
2024-08-30,Albany,8.3,0.0,52.0,0.0,77.0,66.0,4.983333,27.0,New York,165
2024-08-30,Syracuse,8.9,0.0,69.0,0.0,74.0,66.0,3.320833,18.0,New York,157
2024-08-31,Albany,8.1,0.15,55.0,0.0,76.0,63.0,4.4,24.0,New York,172
2024-08-31,Syracuse,6.5,2.19,71.0,0.0,79.0,67.0,4.516667,25.0,New York,200
2024-09-01,Albany,7.2,0.0,32.0,0.0,87.0,67.0,8.808333,49.0,New York,227
2024-09-01,Syracuse,7.6,0.01,46.0,0.0,85.0,63.0,5.483333,30.0,New York,245
2024-09-02,Albany,8.7,0.0,43.0,0.0,74.0,51.0,6.370833,35.0,New York,310
2024-09-02,Syracuse,9.2,0.0,47.0,0.0,69.0,54.0,3.079167,17.0,New York,292
2024-09-03,Albany,3.8,0.0,36.0,0.0,75.0,45.0,3.9,22.0,New York,311
2024-09-03,Syracuse,3.4,0.0,41.0,0.0,75.0,48.0,3.7,21.0,New York,271
2024-09-04,Albany,2.0,0.0,36.0,0.0,78.0,50.0,8.28,,New York,186
2024-09-04,Syracuse,4.0,0.0,39.0,0.0,79.0,51.0,3.975,22.0,New York,163
2024-09-05,Albany,4.3,0.0,40.0,0.0,80.0,53.0,6.9,,New York,166
2024-09-05,Syracuse,6.7,0.0,31.0,0.0,81.0,55.0,3.975,22.0,New York,168
2024-09-06,Albany,6.7,0.0,52.0,0.0,79.0,49.0,5.7,32.0,New York,174
2024-09-06,Syracuse,7.8,0.0,45.0,0.0,82.0,55.0,5.2,29.0,New York,172
2024-09-07,Albany,6.9,0.53,64.0,0.0,75.0,54.0,3.7125,21.0,New York,181
2024-09-07,Syracuse,12.3,0.36,57.0,0.0,71.0,54.0,2.604167,14.0,New York,253
2024-09-08,Albany,7.8,0.0,43.0,0.0,66.0,50.0,2.641667,14.0,New York,271
2024-09-08,Syracuse,15.2,0.06,41.0,0.0,67.0,50.0,2.2375,12.0,New York,264
2024-09-09,Albany,3.8,0.04,50.0,0.0,73.0,48.0,4.2,23.0,New York,216
2024-09-09,Syracuse,6.9,0.36,57.0,0.0,72.0,55.0,3.8,21.0,New York,242
2024-09-10,Albany,6.3,0.0,34.0,0.0,73.0,51.0,3.85,21.0,New York,311
2024-09-10,Syracuse,4.7,0.0,34.0,0.0,74.0,52.0,4.1625,23.0,New York,279
2024-09-11,Albany,1.1,0.0,36.0,0.0,77.0,47.0,4.233333,23.0,New York,165
2024-09-11,Syracuse,3.8,0.0,43.0,0.0,79.0,48.0,4.570833,25.0,New York,136
2024-09-12,Albany,2.7,0.0,42.0,0.0,81.0,51.0,8.0,44.0,New York,164
2024-09-12,Syracuse,3.4,0.0,46.0,0.0,85.0,54.0,7.05,39.0,New York,170
2024-09-13,Albany,2.5,0.0,48.0,0.0,84.0,59.0,8.858333,49.0,New York,111
2024-09-13,Syracuse,2.9,0.0,48.0,0.0,84.0,59.0,9.520833,52.0,New York,155
2024-09-14,Albany,2.2,0.0,44.0,0.0,85.0,59.0,10.6625,54.0,New York,319
2024-09-14,Syracuse,3.1,0.0,49.0,0.0,85.0,59.0,10.170833,53.0,New York,76
2024-09-15,Albany,2.7,0.0,40.0,0.0,85.0,59.0,10.5,54.0,New York,154
2024-09-15,Syracuse,2.7,0.0,45.0,0.0,86.0,59.0,9.9,52.0,New York,131
2024-09-16,Albany,2.7,0.0,29.0,0.0,84.0,57.0,7.033333,39.0,New York,171
2024-09-16,Syracuse,3.4,0.0,48.0,0.0,85.0,60.0,9.1,51.0,New York,133
2024-09-17,Albany,0.2,0.0,44.0,0.0,80.0,54.0,7.966667,44.0,New York,188
2024-09-17,Syracuse,2.9,0.0,35.0,0.0,82.0,58.0,5.616667,31.0,New York,127
2024-09-18,Albany,1.1,0.0,50.0,0.0,79.0,54.0,9.4,52.0,New York,294
2024-09-18,Syracuse,2.5,0.0,54.0,0.0,78.0,57.0,6.675,37.0,New York,138
2024-09-19,Albany,4.3,0.0,33.0,0.0,85.0,56.0,11.5375,55.0,New York,338
2024-09-19,Syracuse,2.9,0.0,33.0,0.0,86.0,60.0,10.229167,53.0,New York,336
2024-09-20,Albany,3.6,0.0,48.0,0.0,80.0,57.0,10.516667,54.0,New York,318
2024-09-20,Syracuse,4.3,0.0,44.0,0.0,83.0,56.0,10.425,53.0,New York,104
2024-09-21,Albany,3.1,0.0,43.0,0.0,79.0,57.0,6.0,33.0,New York,176
2024-09-21,Syracuse,7.2,0.0,53.0,0.0,83.0,61.0,7.7,43.0,New York,121
2024-09-22,Albany,4.5,0.0,50.0,0.0,76.0,53.0,3.779167,21.0,New York,151
2024-09-22,Syracuse,5.6,0.0,56.0,0.0,80.0,60.0,6.416667,36.0,New York,157
2024-09-23,Albany,5.1,0.0,49.0,0.0,70.0,55.0,3.9625,22.0,New York,156
2024-09-23,Syracuse,9.2,0.21,70.0,0.0,69.0,59.0,3.820833,21.0,New York,143
2024-09-24,Albany,5.6,0.0,44.0,0.0,71.0,47.0,4.2,23.0,New York,146
2024-09-24,Syracuse,9.8,0.31,59.0,0.0,72.0,59.0,3.6375,20.0,New York,133
2024-09-25,Albany,6.3,0.19,67.0,0.0,64.0,55.0,4.141667,23.0,New York,160
2024-09-25,Syracuse,8.9,0.2,72.0,0.0,68.0,59.0,2.6875,14.0,New York,141
2024-09-26,Albany,6.7,0.66,90.0,0.0,65.0,58.0,3.233333,18.0,New York,171
2024-09-26,Syracuse,2.9,0.89,71.0,0.0,72.0,60.0,2.658333,14.0,New York,224
2024-09-27,Albany,1.1,0.0,48.0,0.0,76.0,59.0,4.9,27.0,New York,350
2024-09-27,Syracuse,2.9,0.0,47.0,0.0,76.0,53.0,4.1,23.0,New York,88
2024-09-28,Albany,3.8,0.0,52.0,0.0,80.0,58.0,5.495833,30.0,New York,229
2024-09-28,Syracuse,6.3,0.0,56.0,0.0,80.0,62.0,5.058333,28.0,New York,76
2024-09-29,Albany,4.7,0.0,57.0,0.0,72.0,56.0,4.004167,22.0,New York,160
2024-09-29,Syracuse,4.3,0.0,60.0,0.0,77.0,65.0,2.191667,12.0,New York,125
2024-09-30,Albany,2.5,0.0,56.0,0.0,77.0,55.0,5.8,32.0,New York,261
2024-09-30,Syracuse,4.0,0.0,54.0,0.0,77.0,61.0,4.330769,,New York,99
2024-10-01,Albany,3.8,0.0,44.0,0.0,74.0,54.0,5.521739,31.0,New York,152
2024-10-01,Syracuse,8.3,0.0,46.0,0.0,76.0,59.0,4.417391,24.0,New York,155
2024-10-02,Albany,6.7,0.0,53.0,0.0,69.0,57.0,4.725,26.0,New York,172
2024-10-02,Syracuse,5.8,0.06,63.0,0.0,64.0,51.0,3.579167,19.0,New York,213
2024-10-03,Albany,1.6,0.0,50.0,0.0,74.0,54.0,5.1,28.0,New York,166
2024-10-03,Syracuse,4.0,0.0,43.0,0.0,72.0,48.0,3.320833,18.0,New York,199
2024-10-04,Albany,1.8,0.02,48.0,0.0,74.0,49.0,7.991667,44.0,New York,174
2024-10-04,Syracuse,5.1,0.03,48.0,0.0,77.0,49.0,4.425,24.0,New York,273
2024-10-05,Albany,4.7,0.02,39.0,0.0,71.0,49.0,5.633333,31.0,New York,330
2024-10-05,Syracuse,3.8,0.0,42.0,0.0,71.0,48.0,3.870833,21.0,New York,299
2024-10-06,Albany,5.8,0.0,37.0,0.0,72.0,41.0,6.3,35.0,New York,164
2024-10-06,Syracuse,9.2,0.01,36.0,0.0,77.0,43.0,4.258333,23.0,New York,178
2024-10-07,Albany,12.3,0.0,42.0,0.0,70.0,49.0,4.166667,23.0,New York,275
2024-10-07,Syracuse,9.6,0.0,52.0,0.0,65.0,48.0,3.775,21.0,New York,279
2024-10-08,Albany,5.8,0.02,39.0,0.0,65.0,40.0,3.354167,18.0,New York,293
2024-10-08,Syracuse,5.6,0.13,52.0,0.0,63.0,47.0,2.9125,16.0,New York,256
2024-10-09,Albany,5.8,0.05,47.0,0.0,61.0,39.0,3.1,17.0,New York,281
2024-10-09,Syracuse,8.3,0.26,48.0,0.0,62.0,43.0,2.2,12.0,New York,267
2024-10-10,Albany,10.5,0.0,47.0,0.0,58.0,41.0,1.291667,7.0,New York,311
2024-10-10,Syracuse,7.2,0.02,61.0,0.0,53.0,42.0,1.583333,8.0,New York,286
2024-10-11,Albany,7.4,0.0,41.0,0.0,65.0,42.0,3.008333,17.0,New York,297
2024-10-11,Syracuse,9.6,0.0,43.0,0.0,67.0,44.0,3.245833,18.0,New York,242
2024-10-12,Albany,11.4,0.0,25.0,0.0,67.0,39.0,3.0,17.0,New York,310
2024-10-12,Syracuse,8.5,0.0,42.0,0.0,67.0,41.0,3.529167,19.0,New York,293
2024-10-13,Albany,4.7,0.74,80.0,0.0,50.0,37.0,3.420833,19.0,New York,359
2024-10-13,Syracuse,8.1,0.45,79.0,0.0,48.0,44.0,1.745833,9.0,New York,84
2024-10-14,Albany,5.6,0.39,79.0,0.0,50.0,39.0,3.004167,17.0,New York,309
2024-10-14,Syracuse,7.6,0.41,74.0,0.0,48.0,40.0,1.958333,11.0,New York,332
2024-10-15,Albany,8.5,0.0,51.0,0.0,54.0,34.0,1.3,7.0,New York,300
2024-10-15,Syracuse,9.2,0.19,59.0,0.0,53.0,42.0,1.4,8.0,New York,271
2024-10-16,Albany,11.0,0.0,49.0,0.0,54.0,34.0,1.633333,9.0,New York,306
2024-10-16,Syracuse,6.9,0.06,57.0,0.0,52.0,40.0,1.875,10.0,New York,289
2024-10-17,Albany,2.2,0.0,42.0,0.0,58.0,29.0,4.633333,26.0,New York,332
2024-10-17,Syracuse,3.8,0.0,44.0,0.0,60.0,36.0,2.791667,15.0,New York,282
2024-10-18,Albany,2.9,0.0,30.0,0.0,66.0,33.0,5.3,29.0,New York,340
2024-10-18,Syracuse,3.1,0.0,42.0,0.0,67.0,37.0,3.679167,20.0,New York,261
2024-10-19,Albany,0.0,0.0,31.0,0.0,71.0,34.0,8.570833,47.0,New York,335
2024-10-19,Syracuse,3.4,0.0,34.0,0.0,69.0,38.0,4.754167,26.0,New York,210
2024-10-20,Albany,0.9,0.0,34.0,0.0,70.0,33.0,7.716667,43.0,New York,156
2024-10-20,Syracuse,3.8,0.0,34.0,0.0,73.0,36.0,4.804167,27.0,New York,224
2024-10-21,Albany,2.7,0.0,31.0,0.0,80.0,42.0,9.2,51.0,New York,161
2024-10-21,Syracuse,4.3,0.0,36.0,0.0,80.0,46.0,8.5,47.0,New York,240
2024-10-22,Albany,2.7,0.0,37.0,0.0,80.0,47.0,13.529167,59.0,New York,166
2024-10-22,Syracuse,2.9,0.0,34.0,0.0,82.0,50.0,10.375,53.0,New York,191
2024-10-23,Albany,9.6,0.0,24.0,0.0,78.0,55.0,10.354167,53.0,New York,169
2024-10-23,Syracuse,10.5,0.07,30.0,0.0,79.0,58.0,8.266667,46.0,New York,213
2024-10-24,Albany,8.9,0.0,52.0,0.0,63.0,47.0,4.0,22.0,New York,324
2024-10-24,Syracuse,7.2,0.0,53.0,0.0,58.0,38.0,1.491667,8.0,New York,312
2024-10-25,Albany,1.6,0.0,42.0,0.0,58.0,36.0,3.75,21.0,New York,325
2024-10-25,Syracuse,3.6,0.0,44.0,0.0,59.0,35.0,3.05,17.0,New York,207
2024-10-26,Albany,9.8,0.0,28.0,0.0,60.0,41.0,3.220833,18.0,New York,297
2024-10-26,Syracuse,13.0,0.14,33.0,0.0,58.0,39.0,2.8125,16.0,New York,288
2024-10-27,Albany,5.8,0.0,35.0,0.0,55.0,31.0,2.0,11.0,New York,291
2024-10-27,Syracuse,6.3,0.0,41.0,0.0,54.0,33.0,2.0,11.0,New York,257
2024-10-28,Albany,5.4,0.0,46.0,0.0,51.0,33.0,3.154167,17.0,New York,344
2024-10-28,Syracuse,5.8,0.0,46.0,0.0,59.0,39.0,4.058333,22.0,New York,81
2024-10-29,Albany,6.7,0.16,65.0,0.0,57.0,32.0,4.979167,27.0,New York,163
2024-10-29,Syracuse,8.7,0.14,50.0,0.0,62.0,39.0,4.866667,27.0,New York,170
2024-10-30,Albany,8.9,0.0,50.0,0.0,74.0,54.0,8.1,45.0,New York,166
2024-10-30,Syracuse,9.4,0.0,41.0,0.0,81.0,57.0,10.541667,54.0,New York,204
2024-10-31,Albany,8.1,0.0,39.0,0.0,79.0,55.0,10.929167,54.0,New York,164
2024-10-31,Syracuse,11.4,0.0,41.0,0.0,81.0,56.0,6.229167,34.0,New York,211
2024-11-01,Albany,13.0,0.02,38.0,0.0,74.0,48.0,5.129167,28.0,New York,293
2024-11-01,Syracuse,15.0,0.23,51.0,0.0,74.0,47.0,3.016667,17.0,New York,274
2024-11-02,Albany,9.4,0.0,47.0,0.0,53.0,36.0,1.3,7.0,New York,309
2024-11-02,Syracuse,6.7,0.14,61.0,0.0,47.0,36.0,3.0,17.0,New York,299
2024-11-03,Albany,2.5,0.0,39.0,0.0,49.0,28.0,4.2875,23.0,New York,344
2024-11-03,Syracuse,2.9,0.0,37.0,0.0,53.0,31.0,3.729167,21.0,New York,167
2024-11-04,Albany,6.9,0.0,48.0,0.0,54.0,28.0,6.883333,38.0,New York,167
2024-11-04,Syracuse,10.7,0.0,35.0,0.0,59.0,36.0,4.291667,23.0,New York,170
2024-11-05,Albany,10.5,0.0,49.0,0.0,72.0,52.0,5.9,33.0,New York,168
2024-11-05,Syracuse,10.7,0.02,42.0,0.0,80.0,54.0,4.045833,22.0,New York,196
2024-11-06,Albany,9.4,0.0,54.0,0.0,77.0,53.0,6.5875,36.0,New York,187
2024-11-06,Syracuse,9.2,0.05,61.0,0.0,71.0,57.0,3.8,21.0,New York,225
2024-11-07,Albany,8.9,0.0,50.0,0.0,62.0,38.0,3.804167,21.0,New York,302
2024-11-07,Syracuse,8.7,0.01,49.0,0.0,61.0,42.0,3.369565,18.0,New York,280
2024-11-08,Albany,11.2,0.0,44.0,0.0,61.0,34.0,3.2,18.0,New York,297
2024-11-08,Syracuse,16.1,0.0,44.0,0.0,59.0,41.0,10.6,54.0,New York,280
2024-11-09,Albany,8.1,0.0,31.0,0.0,51.0,31.0,1.8,10.0,New York,320
2024-11-09,Syracuse,5.8,0.0,38.0,0.0,50.0,32.0,1.7,9.0,New York,323
2024-11-10,Albany,7.2,0.08,31.0,0.0,57.0,27.0,33.791667,97.0,New York,165
2024-11-10,Syracuse,7.8,0.31,33.0,0.0,60.0,30.0,3.6625,20.0,New York,177
2024-11-11,Albany,8.5,0.02,51.0,0.0,61.0,48.0,5.5,31.0,New York,199
2024-11-11,Syracuse,13.4,0.22,60.0,0.0,58.0,47.0,2.608333,14.0,New York,243
2024-11-12,Albany,15.0,0.0,37.0,0.0,53.0,32.0,1.1125,6.0,New York,327
2024-11-12,Syracuse,11.6,0.14,47.0,0.0,47.0,31.0,0.913043,5.0,New York,339
2024-11-13,Albany,5.8,0.0,34.0,0.0,45.0,26.0,2.166667,12.0,New York,341
2024-11-13,Syracuse,3.8,0.0,42.0,0.0,47.0,25.0,2.866667,16.0,New York,72
2024-11-14,Albany,0.7,0.0,32.0,0.0,46.0,23.0,0.6,3.0,New York,312
2024-11-14,Syracuse,10.3,0.0,33.0,0.0,48.0,30.0,2.5,14.0,New York,104
2024-11-15,Albany,4.9,0.0,27.0,0.0,51.0,30.0,6.4,36.0,New York,334
2024-11-15,Syracuse,5.8,0.0,43.0,0.0,55.0,32.0,4.683333,26.0,New York,301
2024-11-16,Albany,11.2,0.0,26.0,0.0,57.0,30.0,2.958333,16.0,New York,309
2024-11-16,Syracuse,11.2,0.0,42.0,0.0,54.0,38.0,4.1875,23.0,New York,277
2024-11-17,Albany,1.1,0.0,37.0,0.0,56.0,28.0,5.2,29.0,New York,333
2024-11-17,Syracuse,4.3,0.0,57.0,0.0,54.0,38.0,7.458333,41.0,New York,232
2024-11-18,Albany,9.6,0.0,44.0,0.0,59.0,39.0,7.4375,41.0,New York,314
2024-11-18,Syracuse,6.9,0.06,49.0,0.0,59.0,40.0,7.429167,41.0,New York,275
2024-11-19,Albany,4.9,0.0,45.0,0.0,55.0,32.0,4.420833,24.0,New York,324
2024-11-19,Syracuse,2.2,0.0,53.0,0.0,53.0,32.0,4.0625,22.0,New York,82
2024-11-20,Albany,4.0,0.0,49.0,0.0,58.0,42.0,3.8,21.0,New York,349
2024-11-20,Syracuse,6.9,0.11,57.0,0.0,56.0,47.0,4.2,23.0,New York,100
2024-11-21,Albany,6.3,1.17,61.0,0.0,51.0,40.0,3.408333,19.0,New York,335
2024-11-21,Syracuse,6.7,0.77,79.0,0.0,51.0,38.0,1.520833,8.0,New York,296
2024-11-22,Albany,7.4,0.25,65.0,0.0,45.0,32.0,2.5375,14.0,New York,36
2024-11-22,Syracuse,8.5,1.16,76.0,0.0,45.0,34.0,1.225,7.0,New York,16
2024-11-23,Albany,12.3,0.14,56.0,0.0,49.0,39.0,1.9,11.0,New York,313
2024-11-23,Syracuse,11.4,0.07,69.0,0.0,47.0,37.0,2.9125,16.0,New York,296
2024-11-24,Albany,15.0,0.0,46.0,0.0,47.0,35.0,0.95,5.0,New York,303
2024-11-24,Syracuse,10.3,0.31,65.0,0.0,44.0,38.0,1.454167,8.0,New York,282
2024-11-25,Albany,4.9,0.0,42.0,0.0,48.0,29.0,2.578261,14.0,New York,320
2024-11-25,Syracuse,3.6,0.0,54.0,0.0,48.0,30.0,2.483333,13.0,New York,205
2024-11-26,Albany,3.4,0.82,63.0,0.0,49.0,33.0,6.5,36.0,New York,181
2024-11-26,Syracuse,10.7,0.45,56.0,0.0,51.0,40.0,3.2,18.0,New York,245
2024-11-27,Albany,4.9,0.0,39.0,0.0,47.0,30.0,5.766667,32.0,New York,207
2024-11-27,Syracuse,9.6,0.0,46.0,0.0,46.0,36.0,4.270833,23.0,New York,248
2024-11-28,Albany,6.7,1.16,67.0,0.0,39.0,33.0,4.133333,23.0,New York,308
2024-11-28,Syracuse,6.5,0.5,73.0,0.0,41.0,36.0,3.104167,17.0,New York,305
2024-11-29,Albany,6.9,0.02,49.0,2.0,41.0,27.0,2.1,12.0,New York,260
2024-11-29,Syracuse,14.8,0.0,45.0,0.0,41.0,32.0,2.620833,14.0,New York,246
2024-11-30,Albany,6.7,0.0,54.0,2.0,34.0,22.0,4.675,26.0,New York,193
2024-11-30,Syracuse,16.6,0.0,50.0,0.0,37.0,29.0,4.675,26.0,New York,243
2024-12-01,Albany,5.8,0.0,50.0,2.0,33.0,20.0,6.1,34.0,New York,201
2024-12-01,Syracuse,13.2,0.0,48.0,0.0,37.0,27.0,5.4625,30.0,New York,239
2024-12-02,Albany,6.0,0.0,54.0,2.0,35.0,17.0,4.2,23.0,New York,289
2024-12-02,Syracuse,7.8,0.16,64.0,3.1,34.0,27.0,2.8,16.0,New York,254
2024-12-03,Albany,4.0,0.0,56.0,2.0,34.0,17.0,4.504167,25.0,New York,291
2024-12-03,Syracuse,6.5,0.08,61.0,1.2,34.0,22.0,3.995455,22.0,New York,262
2024-12-04,Albany,10.1,0.03,52.0,2.0,35.0,15.0,6.891667,38.0,New York,167
2024-12-04,Syracuse,11.4,0.0,41.0,3.1,36.0,21.0,7.2,40.0,New York,193
2024-12-05,Albany,14.3,0.02,55.0,3.1,37.0,30.0,4.3,24.0,New York,245
2024-12-05,Syracuse,15.0,0.21,59.0,3.1,39.0,27.0,4.275,23.0,New York,257
2024-12-06,Albany,12.1,0.0,47.0,2.0,30.0,21.0,2.141667,12.0,New York,302
2024-12-06,Syracuse,14.1,0.03,54.0,7.1,30.0,22.0,1.891667,10.0,New York,277
2024-12-07,Albany,5.1,0.01,61.0,2.0,33.0,25.0,5.170833,28.0,New York,189
2024-12-07,Syracuse,13.9,0.07,54.0,7.1,36.0,29.0,6.0,33.0,New York,228
2024-12-08,Albany,10.3,0.16,53.0,3.9,45.0,30.0,5.0,28.0,New York,182
2024-12-08,Syracuse,11.4,0.0,49.0,7.1,44.0,33.0,5.5,31.0,New York,239
2024-12-09,Albany,3.6,0.42,70.0,2.0,38.0,32.0,7.933333,44.0,New York,303
2024-12-09,Syracuse,6.7,0.58,76.0,0.0,41.0,36.0,5.629167,31.0,New York,128
2024-12-10,Albany,5.8,0.02,76.0,1.2,44.0,35.0,5.979167,33.0,New York,167
2024-12-10,Syracuse,6.9,0.02,77.0,0.0,53.0,39.0,5.879167,32.0,New York,169
2024-12-11,Albany,8.7,1.39,76.0,0.0,52.0,36.0,2.2,12.0,New York,194
2024-12-11,Syracuse,9.6,0.9,67.0,0.0,54.0,36.0,3.970833,22.0,New York,254
2024-12-12,Albany,11.2,0.0,44.0,0.0,39.0,22.0,3.7625,21.0,New York,257
2024-12-12,Syracuse,18.8,0.0,52.0,0.0,36.0,23.0,3.933333,22.0,New York,251
2024-12-13,Albany,6.3,0.0,46.0,0.0,29.0,19.0,4.041667,22.0,New York,290
2024-12-13,Syracuse,13.4,0.0,39.0,0.0,31.0,21.0,3.570833,19.0,New York,246
2024-12-14,Albany,1.6,0.0,43.0,0.0,32.0,14.0,6.2,34.0,New York,335
2024-12-14,Syracuse,3.8,0.0,43.0,0.0,33.0,18.0,4.0,22.0,New York,118
2024-12-15,Albany,2.9,0.07,54.0,0.0,34.0,13.0,9.375,51.0,New York,164
2024-12-15,Syracuse,9.2,0.14,49.0,0.0,39.0,20.0,4.979167,27.0,New York,127
2024-12-16,Albany,5.8,0.19,83.0,2.0,43.0,31.0,6.125,34.0,New York,168
2024-12-16,Syracuse,9.4,0.13,68.0,0.0,50.0,34.0,2.254167,12.0,New York,166
2024-12-17,Albany,10.5,0.03,51.0,0.0,56.0,38.0,4.6,26.0,New York,185
2024-12-17,Syracuse,14.3,0.08,58.0,0.0,53.0,41.0,5.1875,28.0,New York,235
2024-12-18,Albany,4.7,0.28,58.0,0.0,46.0,37.0,9.29,,New York,192
2024-12-18,Syracuse,6.3,0.24,60.0,0.0,44.0,37.0,8.55,47.0,New York,233
2024-12-19,Albany,10.1,0.0,50.0,0.0,40.0,27.0,2.808333,16.0,New York,315
2024-12-19,Syracuse,7.4,0.04,61.0,0.0,37.0,30.0,3.0875,17.0,New York,287
2024-12-20,Albany,6.5,0.1,66.0,0.0,29.0,26.0,3.5,19.0,New York,336
2024-12-20,Syracuse,7.2,0.1,72.0,0.0,30.0,22.0,3.5,19.0,New York,53
2024-12-21,Albany,11.6,0.08,54.0,3.1,26.0,7.0,4.370833,24.0,New York,322
2024-12-21,Syracuse,8.7,0.02,71.0,2.0,22.0,8.0,3.575,19.0,New York,337
2024-12-22,Albany,6.0,0.0,48.0,3.1,11.0,-2.0,3.9125,22.0,New York,322
2024-12-22,Syracuse,3.1,0.0,55.0,3.9,15.0,2.0,3.625,20.0,New York,44
2024-12-23,Albany,5.6,0.0,43.0,2.0,24.0,-5.0,9.3,51.0,New York,164
2024-12-23,Syracuse,7.6,0.01,47.0,3.1,30.0,-1.0,5.029167,28.0,New York,157
2024-12-24,Albany,5.8,0.06,48.0,2.0,28.0,22.0,13.829167,60.0,New York,138
2024-12-24,Syracuse,8.7,0.16,67.0,5.1,38.0,26.0,9.779167,52.0,New York,244
2024-12-25,Albany,5.8,0.0,66.0,2.0,27.0,8.0,9.9125,52.0,New York,350
2024-12-25,Syracuse,1.8,0.0,61.0,3.9,31.0,17.0,8.804167,49.0,New York,4
2024-12-26,Albany,3.6,0.0,74.0,2.0,20.0,5.0,15.1,62.0,New York,335
2024-12-26,Syracuse,3.8,0.0,61.0,3.9,29.0,16.0,7.0,39.0,New York,74
2024-12-27,Albany,1.1,0.03,63.0,2.0,27.0,10.0,23.258333,77.0,New York,335
2024-12-27,Syracuse,5.8,0.0,56.0,3.1,36.0,15.0,14.641667,61.0,New York,77
2024-12-28,Albany,1.1,0.04,74.0,2.0,35.0,22.0,37.1125,105.0,New York,181
2024-12-28,Syracuse,5.1,0.1,61.0,3.1,47.0,34.0,8.579167,47.0,New York,178
2024-12-29,Albany,4.5,0.04,81.0,1.2,57.0,33.0,17.5,67.0,New York,172
2024-12-29,Syracuse,9.8,0.06,65.0,1.2,64.0,35.0,6.004167,33.0,New York,162
2024-12-30,Albany,12.3,0.17,42.0,0.0,58.0,44.0,1.608333,9.0,New York,194
2024-12-30,Syracuse,15.4,0.05,48.0,0.0,63.0,44.0,0.770833,4.0,New York,224
2024-12-31,Albany,3.8,0.0,48.0,0.0,51.0,30.0,5.470833,30.0,New York,173
2024-12-31,Syracuse,8.7,0.04,50.0,0.0,52.0,36.0,3.979167,22.0,New York,149
2025-01-01,Albany,9.6,0.58,,0.0,43.0,36.0,4.0,22.0,New York,303
2025-01-01,Syracuse,13.2,0.66,,0.0,42.0,34.0,2.2,12.0,New York,276
2025-01-02,Albany,18.1,0.07,,0.0,38.0,30.0,1.729167,9.0,New York,290
2025-01-02,Syracuse,20.8,0.17,,1.2,37.0,30.0,3.1,17.0,New York,267
2025-01-03,Albany,12.1,0.0,,1.2,35.0,25.0,2.9375,16.0,New York,277
2025-01-03,Syracuse,18.3,0.06,,3.1,33.0,24.0,3.4375,19.0,New York,261
2025-01-04,Albany,13.2,0.0,,1.2,29.0,21.0,0.9,5.0,New York,303
2025-01-04,Syracuse,17.9,0.22,,5.9,27.0,22.0,1.454167,8.0,New York,276
2025-01-05,Albany,11.6,0.0,,1.2,30.0,19.0,2.558333,14.0,New York,305
2025-01-05,Syracuse,17.0,0.04,,9.8,28.0,24.0,2.941667,16.0,New York,259
2025-01-06,Albany,,0.0,,0.0,19.0,12.0,4.066667,22.0,New York,341
2025-01-06,Syracuse,7.2,0.01,,9.8,26.0,12.0,3.6625,20.0,New York,346
2025-01-07,Albany,19.9,0.0,,0.0,25.0,14.0,2.0,11.0,New York,311
2025-01-07,Syracuse,15.2,0.08,,9.1,26.0,19.0,1.4,8.0,New York,305
2025-01-08,Albany,19.0,0.0,,0.0,23.0,17.0,1.895833,10.0,New York,313
2025-01-08,Syracuse,15.9,0.01,,11.0,22.0,18.0,1.979167,11.0,New York,300
2025-01-09,Albany,20.4,0.0,,0.0,26.0,18.0,2.333333,13.0,New York,319
2025-01-09,Syracuse,16.1,0.03,,11.0,28.0,18.0,2.004167,11.0,New York,301
2025-01-10,Albany,10.5,0.0,,0.0,34.0,22.0,1.9,11.0,New York,313
2025-01-10,Syracuse,8.5,0.0,,11.8,28.0,17.0,5.075,28.0,New York,260
2025-01-11,Albany,7.6,0.11,,1.2,29.0,22.0,4.791667,26.0,New York,326
2025-01-11,Syracuse,5.4,0.08,,11.8,30.0,20.0,7.0,39.0,New York,278
2025-01-12,Albany,4.9,0.0,,1.2,38.0,19.0,10.158333,53.0,New York,308
2025-01-12,Syracuse,4.3,0.0,,9.8,35.0,26.0,15.704167,63.0,New York,233
2025-01-13,Albany,5.8,0.01,,1.2,35.0,21.0,8.5,47.0,New York,242
2025-01-13,Syracuse,14.1,0.0,,9.1,38.0,24.0,6.3,35.0,New York,238
2025-01-14,Albany,14.8,0.0,,0.0,30.0,20.0,4.583333,25.0,New York,290
2025-01-14,Syracuse,19.2,0.04,,7.1,28.0,19.0,5.170833,28.0,New York,254
2025-01-15,Albany,10.7,0.0,,0.0,77.0,16.0,2.991667,16.0,New York,310
2025-01-15,Syracuse,9.4,0.05,,13.0,27.0,19.0,3.829167,21.0,New York,281
2025-01-16,Albany,6.5,0.02,,0.0,28.0,21.0,6.0,33.0,New York,162
2025-01-16,Syracuse,6.9,0.03,,11.8,27.0,19.0,8.2125,46.0,New York,207
2025-01-17,Albany,5.1,0.0,,0.0,33.0,13.0,20.85,73.0,New York,148
2025-01-17,Syracuse,10.1,0.01,,11.8,37.0,27.0,11.391667,55.0,New York,225
2025-01-18,Albany,11.4,0.0,,0.0,39.0,32.0,10.466667,53.0,New York,166
2025-01-18,Syracuse,10.5,0.11,,9.8,40.0,33.0,7.891667,43.0,New York,199
2025-01-19,Albany,10.5,0.16,,0.0,38.0,18.0,2.2,12.0,New York,339
2025-01-19,Syracuse,11.2,0.0,,7.9,33.0,14.0,2.0,11.0,New York,326
2025-01-20,Albany,9.4,0.02,,3.1,19.0,0.0,3.55,19.0,New York,303
2025-01-20,Syracuse,7.6,0.01,,7.1,20.0,10.0,3.270833,18.0,New York,256
2025-01-21,Albany,5.6,0.0,,3.1,16.0,-3.0,9.670833,52.0,New York,220
2025-01-21,Syracuse,12.1,0.0,,7.1,16.0,8.0,5.516667,31.0,New York,218
2025-01-22,Albany,3.4,0.0,,2.0,18.0,-9.0,11.3,55.0,New York,162
2025-01-22,Syracuse,7.6,0.0,,7.1,17.0,3.0,7.570833,42.0,New York,216
2025-01-23,Albany,8.7,0.0,,2.0,25.0,7.0,14.6375,61.0,New York,166
2025-01-23,Syracuse,9.4,0.0,,5.9,29.0,16.0,9.258333,51.0,New York,205
2025-01-24,Albany,5.8,0.0,,2.0,29.0,9.0,14.633333,61.0,New York,287
2025-01-24,Syracuse,8.7,0.03,,7.1,27.0,16.0,8.35,46.0,New York,256
2025-01-25,Albany,5.6,0.0,,2.0,28.0,7.0,10.879167,54.0,New York,160
2025-01-25,Syracuse,6.7,0.0,,7.1,29.0,11.0,8.2,46.0,New York,217
2025-01-26,Albany,10.7,0.0,,1.2,38.0,18.0,10.254167,53.0,New York,239
2025-01-26,Syracuse,15.7,0.0,,5.9,36.0,18.0,6.154167,34.0,New York,246
2025-01-27,Albany,9.4,0.0,,1.2,41.0,13.0,7.0625,39.0,New York,178
2025-01-27,Syracuse,18.1,0.0,,5.1,38.0,25.0,4.375,24.0,New York,232
2025-01-28,Albany,12.3,0.08,,1.2,36.0,18.0,2.4,13.0,New York,286
2025-01-28,Syracuse,14.3,0.2,,5.9,35.0,20.0,2.895833,16.0,New York,276
2025-01-29,Albany,15.2,0.09,,3.1,42.0,19.0,4.129167,23.0,New York,266
2025-01-29,Syracuse,17.2,0.1,,7.9,40.0,21.0,3.754167,21.0,New York,273
2025-01-30,Albany,10.3,0.01,,2.0,28.0,14.0,3.0,17.0,New York,314
2025-01-30,Syracuse,9.8,0.0,,9.1,33.0,18.0,2.716667,15.0,New York,226
2025-01-31,Albany,7.2,0.35,,1.2,37.0,27.0,10.2,53.0,New York,167
2025-01-31,Syracuse,4.7,0.42,,7.9,37.0,23.0,6.7,37.0,New York,219
2025-02-01,Albany,10.7,0.02,,3.9,32.0,5.0,5.1,28.0,New York,345
2025-02-01,Syracuse,10.5,0.0,,7.9,28.0,4.0,3.641667,20.0,New York,340
2025-02-02,Albany,3.1,0.11,,5.1,25.0,-4.0,5.3875,29.0,New York,165
2025-02-02,Syracuse,8.1,0.22,,7.1,27.0,1.0,5.429167,30.0,New York,120
2025-02-03,Albany,8.5,0.01,,5.9,40.0,25.0,8.8,49.0,New York,166
2025-02-03,Syracuse,4.0,0.2,,9.1,43.0,25.0,9.504348,52.0,New York,227
2025-02-04,Albany,12.5,0.04,,3.1,37.0,20.0,3.4375,19.0,New York,314
2025-02-04,Syracuse,12.8,0.02,,7.9,34.0,21.0,2.7625,15.0,New York,303
2025-02-05,Albany,7.2,0.0,,3.1,24.0,10.0,3.270833,18.0,New York,313
2025-02-05,Syracuse,3.8,0.0,,7.9,26.0,13.0,3.825,21.0,New York,213
2025-02-06,Albany,6.5,0.23,,3.1,34.0,9.0,5.0,28.0,New York,161
2025-02-06,Syracuse,9.8,0.19,,7.9,40.0,13.0,6.0,33.0,New York,210
2025-02-07,Albany,14.1,0.0,,3.9,37.0,25.0,5.345833,29.0,New York,299
2025-02-07,Syracuse,18.8,0.0,,9.1,38.0,23.0,4.591667,25.0,New York,262
2025-02-08,Albany,5.6,0.25,,3.9,31.0,19.0,5.275,29.0,New York,311
2025-02-08,Syracuse,8.9,0.37,,7.9,30.0,22.0,6.666667,37.0,New York,214
2025-02-09,Albany,6.7,0.17,,7.9,33.0,23.0,4.3,24.0,New York,314
2025-02-09,Syracuse,9.6,0.04,,13.0,32.0,25.0,4.783333,26.0,New York,276
2025-02-10,Albany,9.6,0.0,,7.1,31.0,13.0,4.279167,23.0,New York,292
2025-02-10,Syracuse,12.8,0.0,,13.0,29.0,22.0,5.3375,29.0,New York,252
2025-02-11,Albany,2.9,0.0,,7.1,30.0,7.0,11.8,56.0,New York,177
2025-02-11,Syracuse,7.4,0.0,,11.0,33.0,15.0,12.1875,57.0,New York,235
2025-02-12,Albany,4.9,0.02,,5.9,27.0,12.0,6.5,36.0,New York,325
2025-02-12,Syracuse,6.9,0.08,,11.0,28.0,6.0,9.6,52.0,New York,85
2025-02-13,Albany,12.5,0.24,,5.9,39.0,21.0,4.875,27.0,New York,206
2025-02-13,Syracuse,17.7,0.16,,11.0,44.0,27.0,3.070833,17.0,New York,214
2025-02-14,Albany,12.1,0.0,,5.1,29.0,20.0,3.265217,18.0,New York,309
2025-02-14,Syracuse,13.9,0.25,,15.0,27.0,23.0,5.029167,28.0,New York,262
2025-02-15,Albany,4.3,0.18,,7.1,28.0,17.0,8.154167,45.0,New York,143
2025-02-15,Syracuse,10.5,0.18,,14.2,30.0,18.0,7.4875,41.0,New York,99
2025-02-16,Albany,5.8,0.91,,7.1,35.0,24.0,6.254167,34.0,New York,227
2025-02-16,Syracuse,13.4,0.97,,15.0,34.0,22.0,4.65,26.0,New York,321
2025-02-17,Albany,19.5,0.03,,7.9,25.0,17.0,2.654167,14.0,New York,304
2025-02-17,Syracuse,21.0,0.14,,20.9,23.0,13.0,2.9,16.0,New York,266
2025-02-18,Albany,14.8,0.0,,7.1,21.0,13.0,2.0,11.0,New York,296
2025-02-18,Syracuse,22.8,0.0,,24.0,21.0,12.0,2.7,15.0,New York,258
2025-02-19,Albany,14.3,0.0,,7.1,22.0,12.0,2.573913,14.0,New York,317
2025-02-19,Syracuse,7.4,0.05,,20.9,21.0,12.0,3.491667,19.0,New York,282
2025-02-20,Albany,8.5,0.0,,5.9,25.0,6.0,5.341667,29.0,New York,328
2025-02-20,Syracuse,7.8,0.02,,22.0,21.0,11.0,4.425,24.0,New York,297
2025-02-21,Albany,17.2,0.0,,5.9,23.0,16.0,2.2,12.0,New York,313
2025-02-21,Syracuse,12.5,0.02,,22.0,21.0,16.0,2.991667,16.0,New York,289
2025-02-22,Albany,5.8,0.0,,5.9,36.0,17.0,5.945833,33.0,New York,66
2025-02-22,Syracuse,8.7,0.01,,22.0,38.0,20.0,6.995833,38.0,New York,235
2025-02-23,Albany,7.2,0.0,,5.9,35.0,28.0,14.791667,61.0,New York,299
2025-02-23,Syracuse,8.9,0.0,,18.9,34.0,28.0,15.304167,63.0,New York,261
2025-02-24,Albany,11.0,0.0,,5.9,45.0,30.0,14.7,61.0,New York,173
2025-02-24,Syracuse,10.5,0.0,,16.9,48.0,31.0,7.3,41.0,New York,198
2025-02-25,Albany,6.3,0.03,,5.9,48.0,35.0,12.370833,57.0,New York,163
2025-02-25,Syracuse,4.9,0.13,,13.0,45.0,37.0,11.341667,55.0,New York,223
2025-02-26,Albany,9.8,0.0,,3.9,44.0,30.0,7.816667,43.0,New York,301
2025-02-26,Syracuse,8.1,0.0,,11.0,41.0,31.0,9.525,52.0,New York,269
2025-02-27,Albany,7.2,0.33,,2.0,44.0,32.0,4.9,27.0,New York,167
2025-02-27,Syracuse,10.1,0.42,,7.9,46.0,33.0,5.441667,30.0,New York,226
2025-02-28,Albany,11.0,0.0,,0.0,40.0,34.0,3.2375,18.0,New York,296
2025-02-28,Syracuse,13.0,0.0,,5.9,46.0,29.0,3.7875,21.0,New York,249
2025-03-01,Albany,15.7,0.0,,0.0,47.0,19.0,3.975,22.0,New York,268
2025-03-01,Syracuse,15.9,0.02,,5.1,47.0,16.0,3.229167,18.0,New York,268
2025-03-02,Albany,15.4,0.0,,0.0,21.0,11.0,2.8,16.0,New York,317
2025-03-02,Syracuse,11.4,0.03,,7.1,21.0,9.0,3.2,18.0,New York,297
2025-03-03,Albany,5.8,0.0,,0.0,33.0,7.0,5.045833,28.0,New York,326
2025-03-03,Syracuse,3.6,0.01,,7.9,33.0,17.0,5.858333,32.0,New York,232
2025-03-04,Albany,9.2,0.0,,0.0,48.0,23.0,11.108333,55.0,New York,169
2025-03-04,Syracuse,5.4,0.0,,7.9,52.0,27.0,7.829167,43.0,New York,192
2025-03-05,Albany,11.0,0.33,,0.0,57.0,40.0,5.7,32.0,New York,168
2025-03-05,Syracuse,10.5,0.23,,5.1,57.0,43.0,4.379167,24.0,New York,173
2025-03-06,Albany,12.8,0.06,,0.0,50.0,30.0,2.620833,14.0,New York,306
2025-03-06,Syracuse,15.0,0.22,,2.0,49.0,29.0,2.441667,13.0,New York,263
2025-03-07,Albany,21.3,0.0,,0.0,39.0,27.0,1.6,9.0,New York,304
2025-03-07,Syracuse,16.1,0.0,,3.1,37.0,28.0,2.129167,12.0,New York,281
2025-03-08,Albany,17.0,0.0,,0.0,35.0,23.0,2.1,12.0,New York,297
2025-03-08,Syracuse,18.1,0.06,,3.1,34.0,27.0,1.5,8.0,New York,281
2025-03-09,Albany,8.1,0.0,,0.0,44.0,26.0,4.308333,24.0,New York,285
2025-03-09,Syracuse,10.3,0.0,,1.2,47.0,27.0,3.9625,22.0,New York,255
2025-03-10,Albany,7.4,0.0,,0.0,59.0,27.0,5.316667,29.0,New York,283
2025-03-10,Syracuse,8.5,0.0,,0.0,56.0,37.0,4.5,25.0,New York,238
2025-03-11,Albany,14.1,0.0,,0.0,71.0,26.0,6.1,34.0,New York,194
2025-03-11,Syracuse,12.1,0.0,,0.0,70.0,30.0,4.654167,26.0,New York,235
2025-03-12,Albany,8.3,0.0,,0.0,41.0,31.0,2.4125,13.0,New York,340
2025-03-12,Syracuse,5.4,0.0,,0.0,37.0,25.0,2.4625,13.0,New York,39
2025-03-13,Albany,7.4,0.0,,0.0,55.0,29.0,3.658333,20.0,New York,162
2025-03-13,Syracuse,7.4,0.0,,0.0,59.0,31.0,5.358333,29.0,New York,152
2025-03-14,Albany,7.2,0.0,,0.0,62.0,29.0,6.2,34.0,New York,167
2025-03-14,Syracuse,5.6,0.0,,0.0,64.0,27.0,8.1,45.0,New York,165
2025-03-15,Albany,16.1,0.0,,0.0,55.0,41.0,9.454167,52.0,New York,164
2025-03-15,Syracuse,15.2,0.0,,0.0,69.0,47.0,13.975,60.0,New York,176
2025-03-16,Albany,16.8,0.47,,0.0,68.0,49.0,6.858333,38.0,New York,167
2025-03-16,Syracuse,17.4,0.21,,0.0,73.0,51.0,5.7375,32.0,New York,184
2025-03-17,Albany,11.0,0.27,,0.0,54.0,34.0,2.1,12.0,New York,313
2025-03-17,Syracuse,10.7,0.01,,0.0,51.0,27.0,3.1,17.0,New York,301
2025-03-18,Albany,4.3,0.0,,0.0,55.0,27.0,3.945833,22.0,New York,328
2025-03-18,Syracuse,5.6,0.0,,0.0,62.0,24.0,3.3625,18.0,New York,189
2025-03-19,Albany,11.2,0.0,,0.0,73.0,30.0,5.190909,28.0,New York,167
2025-03-19,Syracuse,12.8,0.0,,0.0,76.0,37.0,5.116667,28.0,New York,176
2025-03-20,Albany,15.2,0.34,,0.0,67.0,44.0,2.6,14.0,New York,164
2025-03-20,Syracuse,14.5,0.0,,0.0,69.0,35.0,4.9,27.0,New York,207
2025-03-21,Albany,16.8,0.1,,0.0,47.0,28.0,2.658333,14.0,New York,314
2025-03-21,Syracuse,12.5,0.0,,0.0,44.0,30.0,2.9,16.0,New York,302
2025-03-22,Albany,11.6,0.01,,0.0,59.0,25.0,4.1,23.0,New York,242
2025-03-22,Syracuse,14.8,0.04,,0.0,55.0,26.0,3.7125,21.0,New York,253
2025-03-23,Albany,10.3,0.0,,0.0,41.0,22.0,4.6,26.0,New York,314
2025-03-23,Syracuse,8.1,0.0,,0.0,36.0,20.0,4.1,23.0,New York,323
2025-03-24,Albany,8.7,0.08,,0.0,43.0,32.0,5.6,31.0,New York,166
2025-03-24,Syracuse,15.0,0.07,,0.0,59.0,33.0,5.666667,31.0,New York,212
2025-03-25,Albany,5.8,0.0,,0.0,46.0,29.0,6.5125,36.0,New York,257
2025-03-25,Syracuse,13.4,0.0,,0.0,42.0,31.0,4.3375,24.0,New York,253
2025-03-26,Albany,7.8,0.0,,0.0,45.0,22.0,4.6,26.0,New York,305
2025-03-26,Syracuse,10.7,0.01,,0.0,38.0,27.0,3.0,17.0,New York,275
2025-03-27,Albany,10.1,0.0,,0.0,48.0,27.0,3.933333,22.0,New York,298
2025-03-27,Syracuse,10.1,0.03,,0.0,48.0,24.0,3.566667,19.0,New York,253
2025-03-28,Albany,7.4,0.0,,0.0,56.0,30.0,3.391667,18.0,New York,323
2025-03-28,Syracuse,6.5,0.02,,0.0,47.0,34.0,4.233333,23.0,New York,233
2025-03-29,Albany,6.7,0.1,,0.0,43.0,33.0,2.3,13.0,New York,343
2025-03-29,Syracuse,5.8,0.17,,0.0,43.0,35.0,6.229167,34.0,New York,275
2025-03-30,Albany,10.5,0.17,,0.0,47.0,33.0,4.65,26.0,New York,163
2025-03-30,Syracuse,7.6,0.05,,0.0,60.0,36.0,5.9,33.0,New York,158
2025-03-31,Albany,14.3,0.0,,0.0,74.0,44.0,5.9875,33.0,New York,194
2025-03-31,Syracuse,15.2,0.02,,0.0,73.0,35.0,5.404167,30.0,New York,241
2025-04-01,Albany,16.6,0.0,,0.0,49.0,32.0,1.9,11.0,New York,319
2025-04-01,Syracuse,12.5,0.0,,0.0,41.0,29.0,3.0,17.0,New York,313
2025-04-02,Albany,6.9,0.57,,0.0,47.0,28.0,3.583333,19.0,New York,120
2025-04-02,Syracuse,11.4,0.62,,0.0,42.0,26.0,3.620833,20.0,New York,102
2025-04-03,Albany,13.4,0.28,,0.0,68.0,39.0,3.533333,19.0,New York,164
2025-04-03,Syracuse,13.6,0.13,,0.0,72.0,42.0,4.120833,23.0,New York,218
2025-04-04,Albany,12.3,0.0,,0.0,63.0,43.0,2.6,14.0,New York,308
2025-04-04,Syracuse,8.9,0.0,,0.0,50.0,38.0,2.333333,13.0,New York,304
2025-04-05,Albany,8.7,0.54,,0.0,47.0,42.0,2.983333,16.0,New York,163
2025-04-05,Syracuse,10.5,0.3,,0.0,55.0,39.0,3.295833,18.0,New York,160
2025-04-06,Albany,11.4,0.06,,0.0,51.0,41.0,3.504167,19.0,New York,296
2025-04-06,Syracuse,10.7,0.04,,0.0,46.0,38.0,3.3625,18.0,New York,287
2025-04-07,Albany,4.7,0.12,,0.0,41.0,33.0,2.2,12.0,New York,233
2025-04-07,Syracuse,6.7,0.09,,0.0,49.0,33.0,2.9,16.0,New York,241
2025-04-08,Albany,17.7,0.02,,0.0,39.0,27.0,3.475,19.0,New York,291
2025-04-08,Syracuse,18.1,0.09,,0.0,33.0,24.0,3.0625,17.0,New York,279
2025-04-09,Albany,10.3,0.0,,0.0,43.0,25.0,3.4625,19.0,New York,310
2025-04-09,Syracuse,7.2,0.01,,3.1,41.0,24.0,3.420833,19.0,New York,269
2025-04-10,Albany,5.8,0.19,,0.0,50.0,26.0,4.8,27.0,New York,168
2025-04-10,Syracuse,8.3,0.27,,0.0,44.0,25.0,5.441667,30.0,New York,97
2025-04-11,Albany,5.8,0.13,,0.0,51.0,35.0,4.179167,23.0,New York,152
2025-04-11,Syracuse,5.8,0.05,,0.0,44.0,36.0,6.333333,35.0,New York,56
2025-04-12,Albany,7.2,0.4,,0.0,43.0,33.0,2.720833,15.0,New York,350
2025-04-12,Syracuse,4.7,0.09,,0.0,46.0,39.0,5.716667,32.0,New York,356
2025-04-13,Albany,6.7,0.0,,0.0,57.0,35.0,3.1,17.0,New York,344
2025-04-13,Syracuse,8.5,0.0,,0.0,59.0,34.0,5.479167,30.0,New York,305
2025-04-14,Albany,4.5,0.0,,0.0,66.0,29.0,6.843478,38.0,New York,155
2025-04-14,Syracuse,8.3,0.0,,0.0,66.0,34.0,4.1875,23.0,New York,185
2025-04-15,Albany,12.5,0.15,,0.0,66.0,38.0,4.85,27.0,New York,277
2025-04-15,Syracuse,15.4,0.22,,0.0,60.0,35.0,3.433333,19.0,New York,265
2025-04-16,Albany,18.6,0.0,,0.0,46.0,37.0,1.6,9.0,New York,297
2025-04-16,Syracuse,16.3,0.09,,0.0,40.0,32.0,1.791667,9.0,New York,284
2025-04-17,Albany,13.9,0.0,,0.0,56.0,37.0,2.791667,15.0,New York,306
2025-04-17,Syracuse,8.1,0.0,,0.0,53.0,30.0,2.7,15.0,New York,286
2025-04-18,Albany,11.2,0.0,,0.0,71.0,29.0,5.979167,33.0,New York,167
2025-04-18,Syracuse,11.4,0.0,,0.0,74.0,29.0,6.35,35.0,New York,181
2025-04-19,Albany,12.3,0.19,,0.0,81.0,58.0,9.2,51.0,New York,183
2025-04-19,Syracuse,13.6,0.14,,0.0,75.0,45.0,8.770833,48.0,New York,237
2025-04-20,Albany,14.3,0.0,,0.0,60.0,43.0,2.441667,13.0,New York,310
2025-04-20,Syracuse,9.4,0.0,,0.0,52.0,35.0,1.975,11.0,New York,311
2025-04-21,Albany,9.4,0.01,,0.0,62.0,34.0,4.654167,26.0,New York,168
2025-04-21,Syracuse,10.1,0.02,,0.0,70.0,33.0,4.65,26.0,New York,152
2025-04-22,Albany,9.6,0.05,,0.0,72.0,48.0,4.3,24.0,New York,291
2025-04-22,Syracuse,10.5,0.0,,0.0,62.0,44.0,3.979167,22.0,New York,268
2025-04-23,Albany,8.7,0.0,,0.0,69.0,40.0,3.916667,22.0,New York,306
2025-04-23,Syracuse,4.7,0.0,,0.0,67.0,37.0,3.7625,21.0,New York,281
2025-04-24,Albany,4.5,0.0,,0.0,79.0,42.0,6.929167,38.0,New York,280
2025-04-24,Syracuse,4.9,0.02,,0.0,79.0,46.0,5.804167,32.0,New York,212
2025-04-25,Albany,4.0,0.05,,0.0,78.0,52.0,10.9,54.0,New York,157
2025-04-25,Syracuse,4.9,0.1,,0.0,73.0,50.0,10.675,54.0,New York,159
2025-04-26,Albany,12.8,0.73,,0.0,69.0,45.0,3.829167,21.0,New York,199
2025-04-26,Syracuse,10.7,0.87,,0.0,63.0,41.0,4.008333,22.0,New York,273
2025-04-27,Albany,12.3,0.01,,0.0,56.0,38.0,1.133333,6.0,New York,320
2025-04-27,Syracuse,14.8,0.08,,0.0,61.0,41.0,2.225,12.0,New York,307
2025-04-28,Albany,3.1,0.0,,0.0,76.0,34.0,5.3,29.0,New York,315
2025-04-28,Syracuse,4.5,0.0,,,71.0,38.0,3.720833,21.0,New York,217
2025-04-29,Albany,12.1,0.32,,0.0,84.0,51.0,6.7625,37.0,New York,166
2025-04-29,Syracuse,14.1,0.68,,0.0,87.0,50.0,5.741667,32.0,New York,212
2025-04-30,Albany,15.2,0.0,,0.0,66.0,48.0,2.179167,12.0,New York,304
2025-04-30,Syracuse,10.5,0.0,,0.0,54.0,41.0,1.495833,8.0,New York,300
2025-05-01,Albany,8.1,0.0,,0.0,73.0,43.0,3.7,21.0,New York,159
2025-05-01,Syracuse,6.7,0.02,,0.0,74.0,41.0,4.0,22.0,New York,116
2025-05-02,Albany,9.4,0.07,,0.0,82.0,57.0,7.0,39.0,New York,180
2025-05-02,Syracuse,9.2,0.07,,0.0,76.0,57.0,5.204167,29.0,New York,229
2025-05-03,Albany,3.8,0.45,,0.0,69.0,54.0,5.095833,28.0,New York,344
2025-05-03,Syracuse,5.4,0.22,,0.0,60.0,48.0,3.633333,20.0,New York,306
2025-05-04,Albany,6.0,1.27,,0.0,58.0,52.0,3.2,18.0,New York,338
2025-05-04,Syracuse,4.5,0.23,,0.0,59.0,48.0,3.425,19.0,New York,42
2025-05-05,Albany,5.4,1.01,,0.0,62.0,54.0,2.5625,14.0,New York,315
2025-05-05,Syracuse,12.3,0.31,,0.0,69.0,56.0,1.320833,7.0,New York,90
2025-05-06,Albany,7.2,0.41,,0.0,72.0,56.0,2.991667,16.0,New York,161
2025-05-06,Syracuse,9.2,1.45,,0.0,68.0,54.0,2.3375,13.0,New York,165
2025-05-07,Albany,8.7,0.0,,0.0,67.0,55.0,4.5,25.0,New York,220
2025-05-07,Syracuse,8.1,0.39,,0.0,64.0,54.0,3.6,20.0,New York,263
2025-05-08,Albany,5.8,0.0,,0.0,62.0,48.0,4.070833,22.0,New York,347
2025-05-08,Syracuse,8.3,0.01,,0.0,55.0,44.0,3.216667,18.0,New York,329
2025-05-09,Albany,8.5,1.92,,0.0,49.0,45.0,2.1125,12.0,New York,346
2025-05-09,Syracuse,6.9,0.4,,0.0,48.0,43.0,4.320833,24.0,New York,318
2025-05-10,Albany,11.6,0.08,,0.0,69.0,47.0,3.0,17.0,New York,308
2025-05-10,Syracuse,9.6,0.09,,0.0,69.0,44.0,4.145833,23.0,New York,284
2025-05-11,Albany,5.8,0.0,,0.0,69.0,45.0,5.3375,29.0,New York,323
2025-05-11,Syracuse,7.4,0.0,,0.0,61.0,44.0,3.258333,18.0,New York,331
2025-05-12,Albany,7.2,0.0,,0.0,78.0,40.0,6.2,34.0,New York,162
2025-05-12,Syracuse,4.7,0.0,,0.0,82.0,39.0,5.533333,31.0,New York,202
2025-05-13,Albany,6.5,0.0,,0.0,79.0,52.0,9.5,52.0,New York,159
2025-05-13,Syracuse,7.8,0.04,,0.0,75.0,56.0,8.2,46.0,New York,139
2025-05-14,Albany,4.9,0.0,,0.0,72.0,61.0,6.183333,34.0,New York,155
2025-05-14,Syracuse,9.4,0.02,,0.0,70.0,60.0,3.504167,19.0,New York,118
2025-05-15,Albany,5.8,0.0,,0.0,80.0,62.0,5.495833,30.0,New York,172
2025-05-15,Syracuse,3.6,0.0,,0.0,76.0,60.0,4.016667,22.0,New York,175
2025-05-16,Albany,10.1,0.01,,0.0,80.0,65.0,7.2,40.0,New York,170
2025-05-16,Syracuse,6.3,0.03,,0.0,83.0,59.0,5.658333,31.0,New York,194
2025-05-17,Albany,11.2,0.03,,0.0,83.0,59.0,7.879167,43.0,New York,177
2025-05-17,Syracuse,9.6,0.33,,0.0,82.0,55.0,6.754167,37.0,New York,239
2025-05-18,Albany,12.3,0.02,,0.0,61.0,50.0,2.4625,13.0,New York,289
2025-05-18,Syracuse,12.5,0.18,,0.0,57.0,47.0,3.0875,17.0,New York,281
2025-05-19,Albany,15.7,0.0,,0.0,58.0,47.0,1.4,8.0,New York,312
2025-05-19,Syracuse,10.5,0.0,,0.0,52.0,44.0,1.6,9.0,New York,318
2025-05-20,Albany,9.6,0.0,,0.0,60.0,45.0,2.545833,14.0,New York,346
2025-05-20,Syracuse,5.6,0.0,,0.0,57.0,43.0,2.320833,13.0,New York,339
2025-05-21,Albany,5.8,0.06,,0.0,56.0,45.0,3.908333,22.0,New York,137
2025-05-21,Syracuse,10.3,0.13,,0.0,57.0,44.0,2.733333,15.0,New York,115
2025-05-22,Albany,4.5,0.2,,0.0,53.0,44.0,2.2,12.0,New York,127
2025-05-22,Syracuse,11.0,0.52,,0.0,52.0,45.0,0.8375,4.0,New York,100
2025-05-23,Albany,4.7,0.12,,0.0,52.0,43.0,2.7375,15.0,New York,261
2025-05-23,Syracuse,9.2,0.42,,0.0,52.0,45.0,2.183333,12.0,New York,251
2025-05-24,Albany,10.1,0.04,,0.0,60.0,48.0,1.895833,10.0,New York,295
2025-05-24,Syracuse,11.0,0.13,,0.0,57.0,47.0,1.895833,10.0,New York,283
2025-05-25,Albany,8.7,0.02,,0.0,63.0,50.0,2.1,12.0,New York,309
2025-05-25,Syracuse,9.2,0.01,,0.0,63.0,44.0,3.0,17.0,New York,290
2025-05-26,Albany,4.3,0.03,,0.0,71.0,45.0,4.183333,23.0,New York,318
2025-05-26,Syracuse,3.1,0.0,,0.0,71.0,42.0,4.016667,22.0,New York,275
2025-05-27,Albany,2.9,0.0,,0.0,77.0,44.0,6.108333,34.0,New York,172
2025-05-27,Syracuse,2.0,0.0,,0.0,76.0,45.0,4.525,25.0,New York,170
2025-05-28,Albany,6.9,0.0,,0.0,77.0,50.0,6.4,36.0,New York,177
2025-05-28,Syracuse,5.8,0.0,,0.0,73.0,48.0,4.245833,23.0,New York,171
2025-05-29,Albany,4.0,0.02,,0.0,68.0,55.0,3.9875,22.0,New York,174
2025-05-29,Syracuse,5.8,0.14,,0.0,71.0,55.0,2.429167,13.0,New York,207
2025-05-30,Albany,4.5,0.0,,0.0,78.0,55.0,6.258333,34.0,New York,218
2025-05-30,Syracuse,6.9,0.0,,0.0,76.0,54.0,6.05,33.0,New York,248
2025-05-31,Albany,11.9,1.67,,0.0,63.0,48.0,3.2,18.0,New York,300
2025-05-31,Syracuse,10.7,0.15,,0.0,61.0,47.0,4.9,27.0,New York,288
2025-06-01,Albany,10.1,0.0,,0.0,60.0,46.0,2.545833,14.0,New York,283
2025-06-01,Syracuse,12.1,0.0,,0.0,59.0,47.0,2.270833,12.0,New York,276
2025-06-02,Albany,5.8,0.0,,0.0,71.0,44.0,3.854167,21.0,New York,287
2025-06-02,Syracuse,,0.0,,0.0,71.0,48.0,3.283333,18.0,New York,256
2025-06-03,Albany,4.7,0.0,,0.0,79.0,42.0,6.6,37.0,New York,167
2025-06-03,Syracuse,,0.0,,0.0,81.0,45.0,7.158333,39.0,New York,196
2025-06-04,Albany,7.6,0.0,,0.0,87.0,56.0,12.570833,57.0,New York,167
2025-06-04,Syracuse,,0.0,,0.0,91.0,54.0,14.308333,61.0,New York,206
2025-06-05,Albany,4.0,0.1,,0.0,90.0,64.0,25.245833,81.0,New York,160
2025-06-05,Syracuse,,0.0,,0.0,84.0,63.0,11.916667,56.0,New York,283
2025-06-06,Albany,3.8,1.04,,0.0,82.0,66.0,8.7,48.0,New York,320
2025-06-06,Syracuse,2.2,0.43,,0.0,74.0,62.0,6.7,37.0,New York,346
2025-06-07,Albany,3.8,1.74,,0.0,73.0,59.0,16.458333,65.0,New York,338
2025-06-07,Syracuse,6.5,0.07,,0.0,80.0,58.0,32.991667,95.0,New York,340
2025-06-08,Albany,5.6,0.0,,0.0,78.0,56.0,32.445833,94.0,New York,170
2025-06-08,Syracuse,5.6,0.09,,0.0,78.0,52.0,36.5625,103.0,New York,113
2025-06-09,Albany,6.7,0.19,,0.0,66.0,60.0,18.1,68.0,New York,170
2025-06-09,Syracuse,8.7,1.04,,0.0,82.0,60.0,6.6,37.0,New York,168
2025-06-10,Albany,6.5,0.56,,0.0,74.0,56.0,7.070833,39.0,New York,182
2025-06-10,Syracuse,8.3,0.34,,0.0,76.0,61.0,7.1625,39.0,New York,235
2025-06-11,Albany,5.8,0.0,,0.0,79.0,52.0,20.175,71.0,New York,229
2025-06-11,Syracuse,6.7,0.0,,0.0,80.0,57.0,16.236364,64.0,New York,247
2025-06-12,Albany,11.0,0.0,,0.0,80.0,59.0,18.4,68.0,New York,286
2025-06-12,Syracuse,11.2,0.0,,0.0,74.0,58.0,15.0,62.0,New York,276
2025-06-13,Albany,6.0,0.03,,0.0,71.0,56.0,10.691304,54.0,New York,348
2025-06-13,Syracuse,4.0,0.0,,0.0,70.0,53.0,7.295833,40.0,New York,19
2025-06-14,Albany,4.5,0.24,,0.0,65.0,55.0,9.116667,51.0,New York,331
2025-06-14,Syracuse,6.7,0.04,,0.0,70.0,57.0,8.920833,49.0,New York,68
2025-06-15,Albany,5.1,0.0,,0.0,72.0,60.0,10.1,53.0,New York,167
2025-06-15,Syracuse,3.4,0.0,,0.0,74.0,59.0,12.5125,57.0,New York,84
2025-06-16,Albany,7.2,0.01,,0.0,77.0,55.0,11.579167,55.0,New York,175
2025-06-16,Syracuse,6.9,0.0,,0.0,76.0,63.0,5.883333,32.0,New York,168
2025-06-17,Albany,7.4,0.28,,0.0,69.0,57.0,5.154167,28.0,New York,166
2025-06-17,Syracuse,6.9,0.0,,0.0,78.0,65.0,2.45,13.0,New York,185
2025-06-18,Albany,8.3,0.24,,0.0,80.0,66.0,4.2,23.0,New York,168
2025-06-18,Syracuse,3.6,0.01,,0.0,86.0,67.0,4.6,26.0,New York,215
2025-06-19,Albany,9.6,0.0,,0.0,89.0,70.0,8.683333,48.0,New York,173
2025-06-19,Syracuse,13.4,0.07,,0.0,86.0,60.0,4.108333,23.0,New York,230
2025-06-20,Albany,15.2,0.0,,0.0,77.0,63.0,10.270833,53.0,New York,293
2025-06-20,Syracuse,11.4,0.06,,0.0,75.0,60.0,9.5375,52.0,New York,285
2025-06-21,Albany,3.8,0.0,,0.0,85.0,57.0,0.4,2.0,New York,172
2025-06-21,Syracuse,5.4,0.0,,0.0,86.0,61.0,8.104167,45.0,New York,219
2025-06-22,Albany,5.8,0.09,,0.0,84.0,71.0,13.858333,60.0,New York,257
2025-06-22,Syracuse,6.9,0.31,,0.0,88.0,69.0,7.8875,43.0,New York,242
2025-06-23,Albany,3.6,0.0,,0.0,96.0,73.0,16.2875,64.0,New York,274
2025-06-23,Syracuse,7.6,0.0,,0.0,94.0,74.0,9.745833,52.0,New York,247
2025-06-24,Albany,7.6,0.0,,0.0,96.0,70.0,11.8,56.0,New York,295
2025-06-24,Syracuse,9.6,0.0,,0.0,95.0,76.0,14.5,61.0,New York,265
2025-06-25,Albany,9.6,0.0,,0.0,92.0,74.0,11.320833,55.0,New York,313
2025-06-25,Syracuse,8.3,0.0,,0.0,87.0,70.0,6.416667,36.0,New York,292
2025-06-26,Albany,5.8,0.05,,0.0,74.0,62.0,7.704167,43.0,New York,337
2025-06-26,Syracuse,8.5,0.11,,0.0,71.0,64.0,8.295833,46.0,New York,76
2025-06-27,Albany,8.5,0.01,,0.0,72.0,62.0,5.445833,30.0,New York,167
2025-06-27,Syracuse,10.3,0.11,,0.0,70.0,63.0,5.879167,32.0,New York,146
2025-06-28,Albany,10.3,0.0,,0.0,85.0,63.0,6.070833,33.0,New York,162
2025-06-28,Syracuse,11.2,0.0,,0.0,89.0,66.0,5.004167,28.0,New York,227
2025-06-29,Albany,8.5,0.0,,0.0,79.0,63.0,4.9375,27.0,New York,310
2025-06-29,Syracuse,6.0,0.0,,0.0,77.0,60.0,4.366667,24.0,New York,282
2025-06-30,Albany,4.9,0.0,,0.0,89.0,58.0,7.5,42.0,New York,165
2025-06-30,Syracuse,5.8,0.09,,0.0,90.0,57.0,7.7,43.0,New York,183
2025-07-01,Albany,8.5,0.05,,0.0,90.0,71.0,7.366667,41.0,New York,172
2025-07-01,Syracuse,7.6,0.47,,0.0,84.0,71.0,5.341667,29.0,New York,236
2025-07-02,Albany,7.6,0.0,,0.0,87.0,68.0,8.233333,46.0,New York,290
2025-07-02,Syracuse,6.9,0.0,,0.0,83.0,65.0,8.258333,46.0,New York,271
2025-07-03,Albany,4.7,0.06,,0.0,84.0,61.0,15.970833,64.0,New York,283
2025-07-03,Syracuse,8.1,0.04,,0.0,79.0,65.0,14.7875,61.0,New York,273
2025-07-04,Albany,8.9,0.0,,0.0,80.0,59.0,11.725,56.0,New York,307
2025-07-04,Syracuse,6.7,0.0,,0.0,76.0,57.0,6.329167,35.0,New York,302
2025-07-05,Albany,4.7,0.0,,0.0,84.0,55.0,10.179167,53.0,New York,161
2025-07-05,Syracuse,5.4,0.0,,0.0,89.0,54.0,7.866667,43.0,New York,184
2025-07-06,Albany,8.3,0.46,,0.0,90.0,71.0,13.0,58.0,New York,168
2025-07-06,Syracuse,10.5,0.0,,0.0,93.0,74.0,12.4,57.0,New York,211
2025-07-07,Albany,9.2,0.0,,0.0,88.0,71.0,9.6,52.0,New York,168
2025-07-07,Syracuse,9.8,0.1,,0.0,93.0,72.0,7.108333,39.0,New York,219
2025-07-08,Albany,7.6,0.0,,0.0,86.0,72.0,5.495833,30.0,New York,302
2025-07-08,Syracuse,5.8,0.0,,0.0,76.0,65.0,2.904167,16.0,New York,290
2025-07-09,Albany,1.8,0.04,,0.0,86.0,69.0,6.7,37.0,New York,318
2025-07-09,Syracuse,2.0,0.0,,0.0,82.0,65.0,6.316667,35.0,New York,270
2025-07-10,Albany,5.6,0.0,,0.0,86.0,70.0,8.6375,48.0,New York,179
2025-07-10,Syracuse,3.1,0.03,,0.0,87.0,65.0,9.675,52.0,New York,232
2025-07-11,Albany,7.8,0.02,,0.0,86.0,72.0,11.716667,56.0,New York,168
2025-07-11,Syracuse,3.8,0.0,,0.0,90.0,67.0,10.0,53.0,New York,213
2025-07-12,Albany,7.2,0.4,,0.0,87.0,72.0,9.7,52.0,New York,168
2025-07-12,Syracuse,5.6,0.0,,0.0,91.0,69.0,8.6,48.0,New York,195
2025-07-13,Albany,11.9,0.0,,0.0,86.0,73.0,6.883333,38.0,New York,169
2025-07-13,Syracuse,7.2,0.37,,0.0,90.0,73.0,6.791667,37.0,New York,199
2025-07-14,Albany,7.2,0.01,,0.0,87.0,71.0,6.0,33.0,New York,172
2025-07-14,Syracuse,3.4,0.0,,0.0,84.0,70.0,13.475,59.0,New York,225
2025-07-15,Albany,2.9,0.0,,0.0,90.0,70.0,14.2,61.0,New York,229
2025-07-15,Syracuse,3.6,0.0,,0.0,89.0,66.0,23.3625,77.0,New York,243
2025-07-16,Albany,5.8,0.0,,0.0,93.0,67.0,15.383333,63.0,New York,171
2025-07-16,Syracuse,6.3,0.0,,0.0,94.0,66.0,11.825,56.0,New York,193
2025-07-17,Albany,12.3,0.02,,0.0,92.0,73.0,7.833333,43.0,New York,205
2025-07-17,Syracuse,14.1,0.19,,0.0,89.0,68.0,3.641667,20.0,New York,250
2025-07-18,Albany,7.8,0.0,,0.0,78.0,59.0,2.0,11.0,New York,323
2025-07-18,Syracuse,6.5,0.01,,0.0,76.0,59.0,3.0,17.0,New York,322
2025-07-19,Albany,5.8,0.0,,0.0,85.0,54.0,4.920833,27.0,New York,173
2025-07-19,Syracuse,4.9,0.0,,0.0,87.0,53.0,3.8375,21.0,New York,201
2025-07-20,Albany,6.9,0.19,,0.0,88.0,66.0,6.175,34.0,New York,210
2025-07-20,Syracuse,5.8,0.01,,0.0,80.0,65.0,4.675,26.0,New York,280
2025-07-21,Albany,6.5,0.0,,0.0,78.0,59.0,6.3,35.0,New York,342
2025-07-21,Syracuse,7.2,0.0,,0.0,74.0,58.0,5.725,32.0,New York,336
2025-07-22,Albany,3.8,0.0,,0.0,77.0,53.0,3.975,22.0,New York,330
2025-07-22,Syracuse,3.4,0.0,,0.0,77.0,52.0,3.183333,17.0,New York,13
2025-07-23,Albany,4.0,0.0,,0.0,85.0,54.0,7.7,43.0,New York,157
2025-07-23,Syracuse,3.8,0.0,,0.0,88.0,53.0,6.070833,33.0,New York,181
2025-07-24,Albany,9.6,0.0,,0.0,90.0,68.0,9.2,51.0,New York,172
2025-07-24,Syracuse,9.4,0.0,,0.0,94.0,73.0,13.4,59.0,New York,219
2025-07-25,Albany,8.3,0.0,,0.0,90.0,70.0,13.545833,59.0,New York,300
2025-07-25,Syracuse,7.6,0.04,,0.0,85.0,69.0,5.966667,33.0,New York,275
2025-07-26,Albany,5.1,0.0,,0.0,86.0,64.0,49.7,136.0,New York,190
2025-07-26,Syracuse,5.4,0.01,,0.0,89.0,65.0,6.833333,38.0,New York,168
2025-07-27,Albany,9.2,1.21,,0.0,78.0,65.0,31.4,93.0,New York,168
2025-07-27,Syracuse,9.2,0.39,,0.0,86.0,73.0,6.683333,37.0,New York,258
2025-07-28,Albany,2.2,0.0,,0.0,91.0,67.0,18.775,69.0,New York,316
2025-07-28,Syracuse,5.6,0.0,,0.0,90.0,71.0,11.4875,55.0,New York,252
2025-07-29,Albany,7.4,0.0,,0.0,92.0,68.0,15.483333,63.0,New York,288
2025-07-29,Syracuse,5.6,0.0,,0.0,88.0,70.0,8.354167,46.0,New York,273
2025-07-30,Albany,3.8,0.0,,0.0,91.0,66.0,9.9,52.0,New York,314
2025-07-30,Syracuse,5.4,0.0,,0.0,89.0,65.0,9.1,51.0,New York,281
2025-07-31,Albany,7.8,0.78,,0.0,76.0,61.0,25.3375,81.0,New York,341
2025-07-31,Syracuse,4.9,0.24,,0.0,72.0,56.0,32.875,95.0,New York,25
2025-08-01,Albany,6.3,0.0,,0.0,77.0,56.0,7.5375,42.0,New York,337
2025-08-01,Syracuse,4.5,0.0,,0.0,76.0,52.0,5.252174,29.0,New York,329
2025-08-02,Albany,3.6,0.0,,0.0,78.0,54.0,6.8,38.0,New York,310
2025-08-02,Syracuse,2.9,0.0,,0.0,79.0,52.0,12.483333,57.0,New York,265
2025-08-03,Albany,2.9,0.0,,0.0,83.0,53.0,24.195833,79.0,New York,193
2025-08-03,Syracuse,5.1,0.0,,0.0,83.0,53.0,29.975,90.0,New York,240
2025-08-04,Albany,2.2,0.0,,0.0,84.0,58.0,43.920833,122.0,New York,301
2025-08-04,Syracuse,3.4,0.0,,0.0,84.0,59.0,45.4375,125.0,New York,274
2025-08-05,Albany,3.6,0.0,,0.0,85.0,64.0,34.4,98.0,New York,332
2025-08-05,Syracuse,4.0,0.0,,0.0,87.0,60.0,32.1,94.0,New York,348
2025-08-06,Albany,4.0,0.0,,0.0,81.0,62.0,32.366667,94.0,New York,166
2025-08-06,Syracuse,5.1,0.91,,0.0,85.0,62.0,31.4,93.0,New York,140
2025-08-07,Albany,4.0,0.0,,0.0,83.0,63.0,24.786957,80.0,New York,167
2025-08-07,Syracuse,2.9,0.0,,0.0,84.0,62.0,43.441667,120.0,New York,179
2025-08-08,Albany,4.9,0.0,,0.0,84.0,62.0,9.3,51.0,New York,168
2025-08-08,Syracuse,4.9,0.05,,0.0,85.0,64.0,26.304167,83.0,New York,182
2025-08-09,Albany,3.6,0.0,,0.0,86.0,61.0,10.991667,54.0,New York,171
2025-08-09,Syracuse,4.3,0.0,,0.0,90.0,62.0,11.479167,55.0,New York,193
2025-08-10,Albany,3.8,0.0,,0.0,90.0,62.0,12.766667,58.0,New York,172
2025-08-10,Syracuse,5.1,0.0,,0.0,91.0,63.0,7.454167,41.0,New York,182
2025-08-11,Albany,4.3,0.0,,0.0,91.0,64.0,12.9,58.0,New York,169
2025-08-11,Syracuse,5.8,0.0,,0.0,93.0,63.0,6.9,38.0,New York,185
2025-08-12,Albany,4.7,0.0,,0.0,92.0,66.0,15.520833,63.0,New York,170
2025-08-12,Syracuse,4.5,0.0,,0.0,95.0,65.0,9.058333,50.0,New York,215
2025-08-13,Albany,6.5,0.02,,0.0,91.0,70.0,10.020833,53.0,New York,175
2025-08-13,Syracuse,5.4,0.0,,0.0,86.0,70.0,6.795833,37.0,New York,237
2025-08-14,Albany,4.9,0.04,,0.0,88.0,68.0,9.0,50.0,New York,338
2025-08-14,Syracuse,4.5,0.0,,0.0,88.0,65.0,12.1,57.0,New York,328
2025-08-15,Albany,3.8,0.0,,0.0,84.0,63.0,13.1125,58.0,New York,331
2025-08-15,Syracuse,3.8,0.0,,0.0,87.0,57.0,15.708333,63.0,New York,38
2025-08-16,Albany,4.9,0.0,,0.0,88.0,63.0,14.520833,61.0,New York,170
2025-08-16,Syracuse,4.5,0.0,,0.0,91.0,64.0,13.245833,59.0,New York,199
2025-08-17,Albany,8.5,0.0,,0.0,89.0,61.0,9.7,52.0,New York,350
2025-08-17,Syracuse,7.4,0.01,,0.0,88.0,57.0,20.2,72.0,New York,302
2025-08-18,Albany,8.1,0.0,,0.0,74.0,54.0,2.675,14.0,New York,352
2025-08-18,Syracuse,5.1,0.0,,0.0,76.0,52.0,2.9125,16.0,New York,26
2025-08-19,Albany,6.3,0.01,,0.0,77.0,51.0,3.454167,19.0,New York,176
2025-08-19,Syracuse,8.1,0.01,,0.0,80.0,55.0,3.975,22.0,New York,152
2025-08-20,Albany,3.8,0.78,,0.0,64.0,56.0,2.7,15.0,New York,150
2025-08-20,Syracuse,10.3,0.85,,0.0,69.0,57.0,1.904167,11.0,New York,98
2025-08-21,Albany,3.8,0.0,,0.0,78.0,56.0,3.883333,21.0,New York,344
2025-08-21,Syracuse,6.9,0.0,,0.0,76.0,57.0,2.233333,12.0,New York,54
2025-08-22,Albany,1.8,0.0,,0.0,82.0,52.0,6.608333,37.0,New York,314
2025-08-22,Syracuse,4.5,0.0,,0.0,81.0,57.0,4.816667,27.0,New York,257
2025-08-23,Albany,10.3,0.0,,0.0,83.0,59.0,5.9,33.0,New York,170
2025-08-23,Syracuse,10.5,0.0,,0.0,86.0,57.0,5.5,31.0,New York,196
2025-08-24,Albany,11.0,0.01,,0.0,76.0,66.0,5.2,29.0,New York,163
2025-08-24,Syracuse,7.6,1.14,,0.0,85.0,64.0,4.429167,24.0,New York,214
2025-08-25,Albany,8.3,0.0,,0.0,81.0,60.0,3.979167,22.0,New York,290
2025-08-25,Syracuse,8.7,0.0,,0.0,75.0,58.0,2.870833,16.0,New York,255
2025-08-26,Albany,6.3,0.0,,0.0,75.0,51.0,2.9,16.0,New York,291
2025-08-26,Syracuse,10.7,0.0,,0.0,71.0,56.0,2.808333,16.0,New York,265
2025-08-27,Albany,,0.0,,0.0,73.0,52.0,2.95,16.0,New York,300
2025-08-27,Syracuse,,0.03,,0.0,71.0,53.0,2.895833,16.0,New York,271
2025-08-28,Albany,,0.0,,0.0,76.0,45.0,4.204167,23.0,New York,171
2025-08-28,Syracuse,,0.04,,0.0,77.0,51.0,3.791667,21.0,New York,220
2025-08-29,Albany,,0.02,,0.0,72.0,54.0,0.0,0.0,New York,294
2025-08-29,Syracuse,,0.04,,0.0,66.0,54.0,2.716667,15.0,New York,274
2025-08-30,Albany,,0.0,,0.0,72.0,46.0,3.220833,18.0,New York,300
2025-08-30,Syracuse,,0.0,,0.0,70.0,52.0,3.083333,17.0,New York,266
2025-08-31,Albany,,0.0,,0.0,78.0,46.0,4.566667,25.0,New York,342
2025-08-31,Syracuse,,0.0,,0.0,77.0,51.0,4.016667,22.0,New York,276
2025-09-01,Albany,,0.0,,0.0,74.0,51.0,6.5375,36.0,New York,333
2025-09-01,Syracuse,,0.0,,0.0,77.0,50.0,4.504167,25.0,New York,77
2025-09-02,Albany,,0.0,,0.0,81.0,52.0,5.720833,32.0,New York,177
2025-09-02,Syracuse,,0.0,,0.0,79.0,54.0,4.725,26.0,New York,141
2025-09-03,Albany,,0.0,,0.0,80.0,53.0,5.0,28.0,New York,172
2025-09-03,Syracuse,,0.0,,0.0,81.0,51.0,4.3125,24.0,New York,180
2025-09-04,Albany,,0.04,,0.0,82.0,58.0,6.820833,38.0,New York,169
2025-09-04,Syracuse,,0.36,,0.0,82.0,56.0,4.475,24.0,New York,191
2025-09-05,Albany,,0.04,,0.0,80.0,61.0,7.975,44.0,New York,181
2025-09-05,Syracuse,,0.0,,0.0,80.0,52.0,6.1875,34.0,New York,205
2025-09-06,Albany,,0.41,,0.0,72.0,60.0,12.379167,57.0,New York,317
2025-09-06,Syracuse,,0.18,,0.0,67.0,55.0,4.441667,24.0,New York,254
2025-09-07,Albany,,0.0,,0.0,73.0,49.0,6.833333,38.0,New York,300
2025-09-07,Syracuse,,0.0,,0.0,68.0,51.0,3.3,18.0,New York,262
2025-09-08,Albany,,0.0,,0.0,71.0,43.0,4.079167,22.0,New York,307
2025-09-08,Syracuse,,0.0,,0.0,68.0,47.0,2.8875,16.0,New York,262
2025-09-09,Albany,,0.0,,0.0,75.0,45.0,4.570833,25.0,New York,183
2025-09-09,Syracuse,,0.0,,0.0,73.0,43.0,3.3125,18.0,New York,153
2025-09-10,Albany,,0.0,,0.0,75.0,46.0,5.65,31.0,New York,312
2025-09-10,Syracuse,,0.0,,0.0,76.0,47.0,3.766667,21.0,New York,140
2025-09-11,Albany,,0.0,,0.0,79.0,46.0,8.029167,44.0,New York,326
2025-09-11,Syracuse,,0.0,,0.0,78.0,50.0,5.6,31.0,New York,283
2025-09-12,Albany,,0.0,,0.0,77.0,54.0,10.634783,54.0,New York,331
2025-09-12,Syracuse,,0.0,,0.0,77.0,53.0,7.6375,42.0,New York,293
2025-09-13,Albany,,0.0,,0.0,78.0,52.0,12.291667,57.0,New York,196
2025-09-13,Syracuse,,0.0,,0.0,75.0,53.0,7.225,40.0,New York,256
2025-09-14,Albany,,0.0,,0.0,81.0,60.0,11.9875,56.0,New York,325
2025-09-14,Syracuse,,0.0,,0.0,79.0,58.0,7.908333,44.0,New York,280
2025-09-15,Albany,,0.0,,0.0,81.0,56.0,10.4625,53.0,New York,332
2025-09-15,Syracuse,,0.0,,0.0,80.0,52.0,7.791667,43.0,New York,21
2025-09-16,Albany,,0.0,,0.0,79.0,52.0,9.495833,52.0,New York,261
2025-09-16,Syracuse,,0.0,,0.0,81.0,51.0,7.5125,42.0,New York,78
2025-09-17,Albany,,0.0,,0.0,76.0,50.0,5.804167,32.0,New York,270
2025-09-17,Syracuse,,0.0,,0.0,76.0,53.0,5.2375,29.0,New York,103
2025-09-18,Albany,,0.0,,0.0,83.0,49.0,6.983333,38.0,New York,298
2025-09-18,Syracuse,,0.0,,0.0,82.0,48.0,6.4875,36.0,New York,262
2025-09-19,Albany,,0.0,,0.0,78.0,54.0,7.845833,43.0,New York,312
2025-09-19,Syracuse,,0.0,,0.0,71.0,47.0,3.2375,18.0,New York,320
2025-09-20,Albany,,0.0,,0.0,70.0,46.0,5.195833,28.0,New York,342
2025-09-20,Syracuse,,0.0,,0.0,70.0,42.0,3.341667,18.0,New York,61
2025-09-21,Albany,,0.0,,0.0,73.0,38.0,5.483333,30.0,New York,171
2025-09-21,Syracuse,,0.0,,0.0,78.0,45.0,3.979167,22.0,New York,157
2025-09-22,Albany,,0.0,,0.0,75.0,50.0,6.129167,34.0,New York,169
2025-09-22,Syracuse,,0.16,,0.0,80.0,58.0,5.975,33.0,New York,197
2025-09-23,Albany,,0.19,,0.0,73.0,63.0,9.991667,52.0,New York,154
2025-09-23,Syracuse,,0.12,,0.0,74.0,60.0,6.1625,34.0,New York,220
2025-09-24,Albany,,0.68,,0.0,69.0,65.0,6.929167,38.0,New York,248
2025-09-24,Syracuse,,0.06,,0.0,76.0,59.0,4.075,22.0,New York,90
2025-09-25,Albany,,3.36,,0.0,73.0,64.0,4.295833,23.0,New York,168
2025-09-25,Syracuse,,1.66,,0.0,75.0,65.0,3.016667,17.0,New York,212
2025-09-26,Albany,,0.0,,0.0,77.0,57.0,5.866667,32.0,New York,305
2025-09-26,Syracuse,,0.01,,0.0,74.0,56.0,4.354167,24.0,New York,268
2025-09-27,Albany,,0.0,,0.0,77.0,54.0,10.566667,54.0,New York,166
2025-09-27,Syracuse,,0.0,,0.0,80.0,54.0,5.033333,28.0,New York,196
2025-09-28,Albany,,0.0,,0.0,85.0,59.0,12.279167,57.0,New York,270
2025-09-28,Syracuse,,0.0,,0.0,78.0,55.0,6.591667,36.0,New York,259
2025-09-29,Albany,,0.0,,0.0,77.0,50.0,11.729167,56.0,New York,222
2025-09-29,Syracuse,,0.0,,0.0,77.0,50.0,6.054167,33.0,New York,250
2025-09-30,Albany,,0.0,,0.0,75.0,51.0,7.6875,42.0,New York,358
2025-09-30,Syracuse,,0.0,,0.0,76.0,49.0,5.983333,33.0,New York,343
